ProteinId_input,Length_protein_UniProt,PrimaryAccession,SecondaryAccessions,Organism_class,Organism,TaxonID_org,ProteinDescription,Organism_host,TaxonID_org_host,Pos_sp_start_uniprot_1,Pos_sp_end_uniprot_1,Evidence_signal_peptide_1,Pos_tr_start_uniprot_1,Pos_tr_end_uniprot_1,Evidence_code_tr_1,Pos_tr_start_uniprot_2,Pos_tr_end_uniprot_2,Evidence_code_tr_2,Pos_tr_start_uniprot_3,Pos_tr_end_uniprot_3,Evidence_code_tr_3,Pos_tr_start_uniprot_4,Pos_tr_end_uniprot_4,Evidence_code_tr_4,Pos_tr_start_uniprot_5,Pos_tr_end_uniprot_5,Evidence_code_tr_5,Pos_tr_start_uniprot_6,Pos_tr_end_uniprot_6,Evidence_code_tr_6,Pos_tr_start_uniprot_7,Pos_tr_end_uniprot_7,Evidence_code_tr_7,Pos_tr_start_uniprot_8,Pos_tr_end_uniprot_8,Evidence_code_tr_8,Pos_tr_start_uniprot_9,Pos_tr_end_uniprot_9,Evidence_code_tr_9,Pos_tr_start_uniprot_10,Pos_tr_end_uniprot_10,Evidence_code_tr_10,Pos_tr_start_uniprot_11,Pos_tr_end_uniprot_11,Evidence_code_tr_11
A0A7H0DNA7,100,A0A7H0DNA7,,Viruses,Monkeypox virus,10244,Virion membrane protein OPG135,"Cynomys gunnisoni, Cynomys leucurus, Cynomys ludovicianus, Cynomys mexicanus, Cynomys parvidens, Gliridae, Heliosciurus ruwenzorii, Homo sapiens, Mus musculus","45479, 99825, 45480, 99826, 99827, 30650, 226685, 9606, 10090",1,22,ECO:0000255,46,66,ECO:0000255,,,,,,,,,,,,,,,,,,,,,,,,,,,,,,
A0MD30,249,A0MD30,,Viruses,Porcine reproductive and respiratory syndrome virus (isolate Pig/United States/SD 01-08/2001),857306,Glycoprotein 2a,Sus scrofa,9823,1,35,ECO:0000255,208,228,ECO:0000255,,,,,,,,,,,,,,,,,,,,,,,,,,,,,,
A2T3M3,326,A2T3M3,,Viruses,Rotavirus A (isolate RVA/Cow/South/Africa/Offal agent/1965/G8P6[1]),578837,Outer capsid glycoprotein VP7,Bos taurus,9913,1,50,ECO:0000255,,,,,,,,,,,,,,,,,,,,,,,,,,,,,,,,,
A2T3P5,326,A2T3P5,,Viruses,Rotavirus A (isolate RVA/Monkey/South Africa/SA11-H96/1958/G3P5B[2]),450149,Outer capsid glycoprotein VP7,Chlorocebus pygerythrus,60710,1,50,ECO:0000255,,,,,,,,,,,,,,,,,,,,,,,,,,,,,,,,,
A4KX75,474,A4KX75,,Viruses,Heliothis virescens ascovirus 3e,260797,Putative matrix metalloproteinase,Noctuidae,7100,1,17,ECO:0000255,,,,,,,,,,,,,,,,,,,,,,,,,,,,,,,,,
A4ZUB1,95,A4ZUB1,,Viruses,Acidianus bottle-shaped virus (isolate Italy/Pozzuoli),654911,Uncharacterized protein ORF95,Acidianus convivator,269667,1,22,ECO:0000255,53,69,ECO:0000255,,,,,,,,,,,,,,,,,,,,,,,,,,,,,,
A4ZUB9,59,A4ZUB9,,Viruses,Acidianus bottle-shaped virus (isolate Italy/Pozzuoli),654911,Uncharacterized protein ORF59,Acidianus convivator,269667,1,21,ECO:0000255,25,45,ECO:0000255,,,,,,,,,,,,,,,,,,,,,,,,,,,,,,
B3SRQ7,326,B3SRQ7,,Viruses,Rotavirus A (strain RVA/Human/Indonesia/69M/1980/G8P4[10]),10947,Outer capsid glycoprotein VP7,Homo sapiens,9606,1,50,ECO:0000255,,,,,,,,,,,,,,,,,,,,,,,,,,,,,,,,,
B3SRX9,326,B3SRX9,Q6L5Y9,Viruses,Rotavirus A (isolate RVA/Human/United States/WI61/1983/G9P1A[8]),578830,Outer capsid glycoprotein VP7,Homo sapiens,9606,1,50,ECO:0000255,,,,,,,,,,,,,,,,,,,,,,,,,,,,,,,,,
F5H8R0,75,F5H8R0,,Viruses,Human cytomegalovirus (strain Merlin),295027,Uncharacterized protein UL147A,Homo sapiens,9606,1,25,ECO:0000255,55,75,ECO:0000255,,,,,,,,,,,,,,,,,,,,,,,,,,,,,,
F5HAQ7,308,F5HAQ7,,Viruses,Human cytomegalovirus (strain Merlin),295027,Protein UL135,Homo sapiens,9606,1,22,ECO:0000255,,,,,,,,,,,,,,,,,,,,,,,,,,,,,,,,,
F5HE05,199,F5HE05,,Viruses,Human cytomegalovirus (strain Merlin),295027,Unique short US2 glycoprotein,Homo sapiens,9606,1,,,162,182,ECO:0000255,,,,,,,,,,,,,,,,,,,,,,,,,,,,,,
F5HEF3,163,F5HEF3,,Viruses,Human cytomegalovirus (strain Merlin),295027,Protein US34,Homo sapiens,9606,1,22,ECO:0000255,,,,,,,,,,,,,,,,,,,,,,,,,,,,,,,,,
L7V0S7,1070,L7V0S7,,Viruses,Bhanja virus,1213620,Envelopment polyprotein,"Amblyomma variegatum, Atelerix albiventris, Bos taurus, Capra hircus, Capreolus capreolus, Dermacentor marginatus, Haemaphysalis intermedia, Haemaphysalis punctata, Haemaphysalis sulcata, Homo sapiens, Hyalomma detritum, Hyalomma dromedarii, Hyalomma marginatum, Hyalomma truncatum, Ixodes ricinus, Ixodes vespertilionis, Ovis aries, Rhipicephalus annulatus, Rhipicephalus appendiculatus, Rhipicephalus bursa, Rhipicephalus decoloratus, Rhipicephalus geigyi, Rhipicephalus sanguineus, Sus scrofa, Xerus erythropus","34610, 9368, 9913, 9925, 9858, 49202, 1027255, 49204, 490559, 9606, 572043, 34626, 34627, 72855, 34613, 59656, 9940, 34611, 34631, 67831, 60189, 136141, 34632, 9823, 327507",1,17,ECO:0000255,458,478,ECO:0000255,1024,1044,ECO:0000255,,,,,,,,,,,,,,,,,,,,,,,,,,,
O10236,669,O10236,,Viruses,Rice yellow stunt virus,59380,Glycoprotein,Oryza sativa,4530,1,24,ECO:0000255,610,630,ECO:0000255,,,,,,,,,,,,,,,,,,,,,,,,,,,,,,
O10336,819,O10336,,Viruses,Orgyia pseudotsugata multicapsid polyhedrosis virus,262177,Capsid-associated protein Vp91,Orgyia pseudotsugata,33414,1,18,ECO:0000255,,,,,,,,,,,,,,,,,,,,,,,,,,,,,,,,,
O10695,326,O10695,,Viruses,Rotavirus A (isolate RVA/Dog/United States/K9/1981/G3P5A[3]),557232,Outer capsid glycoprotein VP7,Canis lupus familiaris,9615,1,50,ECO:0000255,,,,,,,,,,,,,,,,,,,,,,,,,,,,,,,,,
O12164,856,O12164,,Viruses,Human immunodeficiency virus type 1 group M subtype C (isolate 92BR025),388812,Envelope glycoprotein gp160,Homo sapiens,9606,1,31,ECO:0000255,678,698,ECO:0000255,,,,,,,,,,,,,,,,,,,,,,,,,,,,,,
O39731,326,O39731,,Viruses,Rotavirus A (strain RVA/Human/Japan/MO/1982/G3P1A[8]),10956,Outer capsid glycoprotein VP7,Homo sapiens,9606,1,50,ECO:0000255,,,,,,,,,,,,,,,,,,,,,,,,,,,,,,,,,
O39733,326,O39733,,Viruses,Rotavirus A (strain RVA/Human/Japan/YO/1977/G3P1A[8]),578832,Outer capsid glycoprotein VP7,Homo sapiens,9606,1,50,ECO:0000255,,,,,,,,,,,,,,,,,,,,,,,,,,,,,,,,,
O42044,326,O42044,,Viruses,Rotavirus A (strain RVA/Human/Japan/AU-1/1982/G3P3[9]),39013,Outer capsid glycoprotein VP7,Homo sapiens,9606,1,50,ECO:0000255,,,,,,,,,,,,,,,,,,,,,,,,,,,,,,,,,
O55647,1135,O55647,,Viruses,Tomato spotted wilt virus,3052585,Envelopment polyprotein,"Frankliniella occidentalis, Scirtothrips dorsalis, Solanum lycopersicum, Thrips tabaci","133901, 163899, 4081, 161014",1,35,ECO:0000255,315,366,ECO:0000250,1068,1088,ECO:0000255,,,,,,,,,,,,,,,,,,,,,,,,,,,
O55654,91,O55654,,Viruses,Human adenovirus C serotype 6,10534,Early E3B 10.4 kDa protein,Homo sapiens,9606,1,22,ECO:0000250,35,60,ECO:0000255,,,,,,,,,,,,,,,,,,,,,,,,,,,,,,
O55706,179,O55706,,Viruses,Invertebrate iridescent virus 6,176652,Uncharacterized protein 062L,"Acheta domesticus, Chilo suppressalis, Gryllus bimaculatus, Gryllus campestris, Spodoptera frugiperda","6997, 168631, 6999, 58607, 7108",1,26,ECO:0000255,,,,,,,,,,,,,,,,,,,,,,,,,,,,,,,,,
O55727,175,O55727,,Viruses,Invertebrate iridescent virus 6,176652,Uncharacterized protein 111R,"Acheta domesticus, Chilo suppressalis, Gryllus bimaculatus, Gryllus campestris, Spodoptera frugiperda","6997, 168631, 6999, 58607, 7108",1,23,ECO:0000255,,,,,,,,,,,,,,,,,,,,,,,,,,,,,,,,,
O55732,249,O55732,,Viruses,Invertebrate iridescent virus 6,176652,Uncharacterized protein 117L,"Acheta domesticus, Chilo suppressalis, Gryllus bimaculatus, Gryllus campestris, Spodoptera frugiperda","6997, 168631, 6999, 58607, 7108",1,20,ECO:0000255,,,,,,,,,,,,,,,,,,,,,,,,,,,,,,,,,
O55743,57,O55743,,Viruses,Invertebrate iridescent virus 6,176652,Uncharacterized protein 137R,"Acheta domesticus, Chilo suppressalis, Gryllus bimaculatus, Gryllus campestris, Spodoptera frugiperda","6997, 168631, 6999, 58607, 7108",1,22,ECO:0000255,,,,,,,,,,,,,,,,,,,,,,,,,,,,,,,,,
O57222,94,O57222,,Viruses,Vaccinia virus (strain Ankara),126794,Virion membrane protein OPG135,Homo sapiens,9606,1,22,ECO:0000255,46,66,ECO:0000255,,,,,,,,,,,,,,,,,,,,,,,,,,,,,,
O64363,181,O64363,,Viruses,Escherichia phage N15,1604876,Protein gp55,Escherichia coli,562,1,26,ECO:0000255,,,,,,,,,,,,,,,,,,,,,,,,,,,,,,,,,
O71194,177,O71194,,Viruses,Grapevine leafroll-associated virus 3 (isolate United States/NY1),651354,Protein P20A,Vitis vinifera,29760,1,19,ECO:0000255,,,,,,,,,,,,,,,,,,,,,,,,,,,,,,,,,
O89342,546,O89342,Q66761,Viruses,Hendra virus (isolate Horse/Autralia/Hendra/1994),928303,Fusion glycoprotein F0,"Equus caballus, Homo sapiens, Pteropus alecto, Pteropus poliocephalus, Pteropus scapulatus","9796, 9606, 9402, 9403, 94117",1,26,ECO:0000255,495,515,ECO:0000255,,,,,,,,,,,,,,,,,,,,,,,,,,,,,,
O90304,1583,O90304,Q3T8J0,Viruses,Breda virus 1,360393,Spike glycoprotein,Bos taurus,9913,1,20,ECO:0000255,1554,1574,ECO:0000255,,,,,,,,,,,,,,,,,,,,,,,,,,,,,,
O91532,214,O91532,,Viruses,Hepatitis B virus genotype A2 (isolate Japan/11D11HCCW/1998),489457,External core antigen,"Homo sapiens, Pan troglodytes","9606, 9598",1,19,ECO:0000255,,,,,,,,,,,,,,,,,,,,,,,,,,,,,,,,,
O92446,839,O92446,O57075,Viruses,Bombyx mori nuclear polyhedrosis virus,271108,Capsid-associated protein Vp91,Bombyx mori,7091,1,23,ECO:0000255,,,,,,,,,,,,,,,,,,,,,,,,,,,,,,,,,
O92920,212,O92920,,Viruses,Hepatitis B virus genotype D (isolate Germany/1-91/1991),489490,External core antigen,"Homo sapiens, Pan troglodytes","9606, 9598",1,19,ECO:0000255,,,,,,,,,,,,,,,,,,,,,,,,,,,,,,,,,
P03153,217,P03153,,Viruses,Ground squirrel hepatitis virus (strain 27),10406,External core antigen,Otospermophilus beecheyi,34862,1,20,ECO:0000255,,,,,,,,,,,,,,,,,,,,,,,,,,,,,,,,,
P03154,305,P03154,,Viruses,Duck hepatitis B virus (strain United States/DHBV-16),489543,External core antigen,Anas,8835,1,19,ECO:0000255,,,,,,,,,,,,,,,,,,,,,,,,,,,,,,,,,
P03173,479,P03173,,Viruses,Human herpesvirus 2 (strain G),10314,Envelope glycoprotein C,Homo sapiens,9606,1,27,ECO:0000255,447,467,ECO:0000255,,,,,,,,,,,,,,,,,,,,,,,,,,,,,,
P03178,338,P03178,,Viruses,Human herpesvirus 1 (strain KOS),10306,Envelope glycoprotein K,Homo sapiens,9606,1,30,,122,140,ECO:0000255,213,233,ECO:0000255,244,264,ECO:0000255,302,322,ECO:0000255,,,,,,,,,,,,,,,,,,,,,
P03374,688,P03374,,Viruses,Mouse mammary tumor virus (strain GR),11760,Envelope glycoprotein gp70,Mus musculus,10090,1,98,ECO:0000250,625,645,ECO:0000255,,,,,,,,,,,,,,,,,,,,,,,,,,,,,,
P03379,982,P03379,,Viruses,Maedi visna virus (strain 1514),11742,Envelope glycoprotein gp160,Ovis aries,9940,1,106,ECO:0000255,832,852,ECO:0000255,,,,,,,,,,,,,,,,,,,,,,,,,,,,,,
P03386,669,P03386,,Viruses,AKV murine leukemia virus,11791,Envelope glycoprotein,Mus musculus,10090,1,31,ECO:0000255,612,632,ECO:0000255,,,,,,,,,,,,,,,,,,,,,,,,,,,,,,
P03388,640,P03388,Q85501,Viruses,Mink cell focus-forming murine leukemia virus (isolate CI-3),11936,Envelope glycoprotein,Mus musculus,10090,1,32,ECO:0000255,583,603,ECO:0000255,,,,,,,,,,,,,,,,,,,,,,,,,,,,,,
P03389,408,P03389,,Viruses,Rauscher spleen focus-forming virus,11821,Glycoprotein 55,Mus musculus,10090,1,32,ECO:0000255,386,406,ECO:0000255,,,,,,,,,,,,,,,,,,,,,,,,,,,,,,
P03393,409,P03393,,Viruses,Friend spleen focus-forming virus (isolate 502),355329,Glycoprotein 55,Mus musculus,10090,1,32,ECO:0000255,385,405,ECO:0000255,,,,,,,,,,,,,,,,,,,,,,,,,,,,,,
P03394,409,P03394,,Viruses,Friend spleen focus-forming virus (strain Lilly-Steeves),355328,Glycoprotein 55,Mus musculus,10090,1,32,ECO:0000255,385,405,ECO:0000255,,,,,,,,,,,,,,,,,,,,,,,,,,,,,,
P03517,1313,P03517,,Viruses,Punta toro phlebovirus,11587,Envelopment polyprotein,"Homo sapiens, Phlebotomus papatasi","9606, 29031",1,17,ECO:0000255,713,733,ECO:0000255,1279,1299,ECO:0000255,,,,,,,,,,,,,,,,,,,,,,,,,,,
P03518,1206,P03518,"Q86494, Q86495",Viruses,Rift valley fever virus,11588,Envelopment polyprotein,"Aedes, Bos taurus, Bos taurus x Bison bison, Camelus bactrianus, Capra hircus, Homo sapiens, Ovis aries, Phlebotomus papatasi","7158, 9913, 297284, 9837, 9925, 9606, 9940, 29031",1,16,ECO:0000255,583,603,ECO:0000255,1160,1180,ECO:0000255,,,,,,,,,,,,,,,,,,,,,,,,,,,
P03532,326,P03532,,Viruses,Rotavirus A (strain RVA/Human/United States/Wa/1974/G1P1A[8]),10962,Outer capsid glycoprotein VP7,Homo sapiens,9606,1,50,ECO:0000255,,,,,,,,,,,,,,,,,,,,,,,,,,,,,,,,,
P03533,326,P03533,,Viruses,Rotavirus A (strain RVA/SA11-Both/G3P5B[2]),37137,Outer capsid glycoprotein VP7,Macaca mulatta,9544,1,50,"ECO:0000255, ECO:0000269",,,,,,,,,,,,,,,,,,,,,,,,,,,,,,,,,
P03534,326,P03534,,Viruses,Rotavirus A (strain RVA/Cow/United Kingdom/UK/1975/G6P7[5]),10934,Outer capsid glycoprotein VP7,Bos taurus,9913,1,50,ECO:0000255,,,,,,,,,,,,,,,,,,,,,,,,,,,,,,,,,
P03777,47,P03777,,Viruses,Escherichia phage T7,10760,Protein 0.5,Escherichia coli,562,1,23,ECO:0000255,24,43,ECO:0000255,,,,,,,,,,,,,,,,,,,,,,,,,,,,,,
P03791,51,P03791,,Viruses,Escherichia phage T7,10760,Protein 1.4,Escherichia coli,562,1,23,ECO:0000255,28,48,ECO:0000255,,,,,,,,,,,,,,,,,,,,,,,,,,,,,,
P03804,49,P03804,,Viruses,Escherichia phage T7,10760,Protein 19.5,Escherichia coli,562,1,23,ECO:0000255,,,,,,,,,,,,,,,,,,,,,,,,,,,,,,,,,
P04136,78,P04136,Q779N2,Viruses,Porcine transmissible gastroenteritis coronavirus (strain Purdue),11151,Non-structural protein 7,Sus scrofa,9823,1,23,ECO:0000255,58,78,ECO:0000303,,,,,,,,,,,,,,,,,,,,,,,,,,,,,,
P04328,326,P04328,,Viruses,Rotavirus A (isolate RVA/Human/Australia/Hu5/1977/G2P[X]),10948,Outer capsid glycoprotein VP7,Homo sapiens,9606,1,50,ECO:0000255,,,,,,,,,,,,,,,,,,,,,,,,,,,,,,,,,
P04510,326,P04510,,Viruses,Rotavirus A (strain RVA/Human/Japan/S2/1980/G2P1B[4]),10959,Outer capsid glycoprotein VP7,Homo sapiens,9606,1,50,ECO:0000255,,,,,,,,,,,,,,,,,,,,,,,,,,,,,,,,,
P04511,326,P04511,,Viruses,Rotavirus A (strain RVA/Cow/United States/NCDV-Lincoln/1969/G6P6[1]),36439,Outer capsid glycoprotein VP7,Bos taurus,9913,1,50,ECO:0000255,,,,,,,,,,,,,,,,,,,,,,,,,,,,,,,,,
P05137,57,P05137,"Q0GNB7, Q5I5X8",Viruses,Avian infectious bronchitis virus (strain M41),11127,Non-structural protein 3a,Gallus gallus,9031,1,22,ECO:0000255,,,,,,,,,,,,,,,,,,,,,,,,,,,,,,,,,
P05880,847,P05880,,Viruses,Human immunodeficiency virus type 1 group M subtype B (isolate WMJ22),11705,Envelope glycoprotein gp160,Homo sapiens,9606,1,31,ECO:0000255,676,696,ECO:0000255,,,,,,,,,,,,,,,,,,,,,,,,,,,,,,
P05885,882,P05885,"Q85725, Q85726",Viruses,Simian immunodeficiency virus (isolate Mm142-83),11733,Envelope glycoprotein gp160,Cercopithecidae,9527,1,22,ECO:0000255,698,718,ECO:0000255,,,,,,,,,,,,,,,,,,,,,,,,,,,,,,
P05886,865,P05886,,Viruses,Simian immunodeficiency virus agm.vervet (isolate AGM TYO-1),11731,Envelope glycoprotein gp160,Cercopithecidae,9527,1,20,ECO:0000255,706,726,ECO:0000255,,,,,,,,,,,,,,,,,,,,,,,,,,,,,,
P05992,78,P05992,,Viruses,Porcine transmissible gastroenteritis coronavirus (strain FS772/70),11150,Non-structural protein 7,Sus scrofa,9823,1,23,ECO:0000255,58,78,ECO:0000250,,,,,,,,,,,,,,,,,,,,,,,,,,,,,,
P06437,904,P06437,,Viruses,Human herpesvirus 1 (strain KOS),10306,Envelope glycoprotein B,Homo sapiens,9606,1,30,ECO:0000255,775,795,ECO:0000255,,,,,,,,,,,,,,,,,,,,,,,,,,,,,,
P06475,480,P06475,,Viruses,Human herpesvirus 2 (strain 333),10313,Envelope glycoprotein C,Homo sapiens,9606,1,27,ECO:0000255,448,468,ECO:0000255,,,,,,,,,,,,,,,,,,,,,,,,,,,,,,
P06477,838,P06477,"B9VQE9, Q09IB1",Viruses,Human herpesvirus 1 (strain 17),10299,Envelope glycoprotein H,Homo sapiens,9606,1,18,ECO:0000255,804,824,ECO:0000255,,,,,,,,,,,,,,,,,,,,,,,,,,,,,,
P06497,91,P06497,,Viruses,Human adenovirus C serotype 5,28285,Early E3B 10.4 kDa protein,Homo sapiens,9606,1,22,ECO:0000250,35,60,ECO:0000255,,,,,,,,,,,,,,,,,,,,,,,,,,,,,,
P07966,642,P07966,,Viruses,Influenza C virus (strain C/Pig/Beijing/439/1982),11566,Hemagglutinin-esterase-fusion glycoprotein,"Homo sapiens, Sus scrofa","9606, 9823",1,1,,618,638,ECO:0000255,,,,,,,,,,,,,,,,,,,,,,,,,,,,,,
P07970,641,P07970,,Viruses,Influenza C virus (strain C/Mississippi/1980),203229,Hemagglutinin-esterase-fusion glycoprotein,"Homo sapiens, Sus scrofa","9606, 9823",1,1,,617,637,ECO:0000255,,,,,,,,,,,,,,,,,,,,,,,,,,,,,,
P07971,642,P07971,,Viruses,Influenza C virus (strain C/Great lakes/1167/1954),11557,Hemagglutinin-esterase-fusion glycoprotein,"Homo sapiens, Sus scrofa","9606, 9823",1,1,,618,638,ECO:0000255,,,,,,,,,,,,,,,,,,,,,,,,,,,,,,
P07973,642,P07973,,Viruses,Influenza C virus (strain C/England/892/1983),11556,Hemagglutinin-esterase-fusion glycoprotein,"Homo sapiens, Sus scrofa","9606, 9823",1,1,,618,638,ECO:0000255,,,,,,,,,,,,,,,,,,,,,,,,,,,,,,
P08356,838,P08356,,Viruses,Human herpesvirus 1 (strain HFEM),10303,Envelope glycoprotein H,Homo sapiens,9606,1,18,ECO:0000255,804,824,ECO:0000255,,,,,,,,,,,,,,,,,,,,,,,,,,,,,,
P08360,661,P08360,,Viruses,Cas-Br-E murine leukemia virus,11792,Envelope glycoprotein,Mus musculus,10090,1,33,ECO:0000255,607,627,ECO:0000255,,,,,,,,,,,,,,,,,,,,,,,,,,,,,,
P08406,326,P08406,Q86213,Viruses,Rotavirus A (strain RVA/Pig/United States/OSU/1977/G5P9[7]),10915,Outer capsid glycoprotein VP7,Sus scrofa,9823,1,50,ECO:0000255,,,,,,,,,,,,,,,,,,,,,,,,,,,,,,,,,
P08665,904,P08665,,Viruses,Human herpesvirus 1 (strain Patton),10308,Envelope glycoprotein B,Homo sapiens,9606,1,30,ECO:0000255,775,795,ECO:0000255,,,,,,,,,,,,,,,,,,,,,,,,,,,,,,
P09257,931,P09257,,Viruses,Varicella-zoster virus (strain Dumas),10338,Envelope glycoprotein B,Homo sapiens,9606,1,71,ECO:0000255,787,807,ECO:0000255,,,,,,,,,,,,,,,,,,,,,,,,,,,,,,
P09259,623,P09259,,Viruses,Varicella-zoster virus (strain Dumas),10338,Envelope glycoprotein E,Homo sapiens,9606,1,30,ECO:0000255,539,559,ECO:0000255,,,,,,,,,,,,,,,,,,,,,,,,,,,,,,
P09261,340,P09261,,Viruses,Varicella-zoster virus (strain Dumas),10338,Envelope glycoprotein K,Homo sapiens,9606,1,21,ECO:0000255,115,135,ECO:0000255,212,232,ECO:0000255,249,269,ECO:0000255,299,319,ECO:0000255,,,,,,,,,,,,,,,,,,,,,
P09365,326,P09365,,Viruses,Rotavirus A (strain RVA/Pig/United States/Gottfried/1983/G4P2B[6]),10917,Outer capsid glycoprotein VP7,Sus scrofa,9823,1,50,ECO:0000255,,,,,,,,,,,,,,,,,,,,,,,,,,,,,,,,,
P09458,538,P09458,,Viruses,Mumps virus (strain RW),11172,Fusion glycoprotein F0,Homo sapiens,9606,1,19,ECO:0000269,487,507,ECO:0000255,,,,,,,,,,,,,,,,,,,,,,,,,,,,,,
P09709,163,P09709,Q7M6G7,Viruses,Human cytomegalovirus (strain AD169),10360,Protein US34,Homo sapiens,9606,1,22,ECO:0000255,,,,,,,,,,,,,,,,,,,,,,,,,,,,,,,,,
P09713,199,P09713,Q7M6I0,Viruses,Human cytomegalovirus (strain AD169),10360,Unique short US2 glycoprotein,Homo sapiens,9606,1,,,162,182,ECO:0000255,,,,,,,,,,,,,,,,,,,,,,,,,,,,,,
P09729,247,P09729,Q7M6G2,Viruses,Human cytomegalovirus (strain AD169),10360,Unique short US9 glycoprotein,Homo sapiens,9606,1,27,ECO:0000255,193,213,ECO:0000255,,,,,,,,,,,,,,,,,,,,,,,,,,,,,,
P0C573,212,P0C573,,Viruses,Hepatitis B virus genotype D subtype ayw (isolate France/Tiollais/1979),490133,External core antigen,"Homo sapiens, Pan troglodytes","9606, 9598",1,19,ECO:0000255,,,,,,,,,,,,,,,,,,,,,,,,,,,,,,,,,
P0C625,214,P0C625,,Viruses,Hepatitis B virus genotype A2 subtype adw2 (strain Rutter 1979),480116,External core antigen,"Homo sapiens, Pan troglodytes","9606, 9598",1,19,ECO:0000255,,,,,,,,,,,,,,,,,,,,,,,,,,,,,,,,,
P0C692,214,P0C692,,Viruses,Hepatitis B virus genotype A2 subtype adw (isolate Japan/Nishioka/1983),482134,External core antigen,"Homo sapiens, Pan troglodytes","9606, 9598",1,19,ECO:0000255,,,,,,,,,,,,,,,,,,,,,,,,,,,,,,,,,
P0C699,212,P0C699,,Viruses,Hepatitis B virus genotype B1 subtype adw (isolate Japan/pJDW233/1988),10413,External core antigen,"Homo sapiens, Pan troglodytes","9606, 9598",1,19,ECO:0000255,,,,,,,,,,,,,,,,,,,,,,,,,,,,,,,,,
P0C6G7,212,P0C6G7,,Viruses,Hepatitis B virus genotype B2 (isolate Indonesia/pIDW420/1988),10412,External core antigen,"Homo sapiens, Pan troglodytes","9606, 9598",1,19,ECO:0000255,,,,,,,,,,,,,,,,,,,,,,,,,,,,,,,,,
P0C6G9,212,P0C6G9,,Viruses,Hepatitis B virus genotype B/C subtype adw (isolate Okinawa/pODW282/1998),10415,External core antigen,"Homo sapiens, Pan troglodytes","9606, 9598",1,19,ECO:0000255,,,,,,,,,,,,,,,,,,,,,,,,,,,,,,,,,
P0C6H2,212,P0C6H2,Q9E6S7,Viruses,Hepatitis B virus genotype C (isolate Vietnam/3270/2000),489472,External core antigen,"Homo sapiens, Pan troglodytes","9606, 9598",1,19,ECO:0000255,,,,,,,,,,,,,,,,,,,,,,,,,,,,,,,,,
P0C6H3,212,P0C6H3,,Viruses,Hepatitis B virus genotype C subtype adr (isolate Japan/Nishioka/1983),482133,External core antigen,Homo sapiens,9606,1,19,ECO:0000255,,,,,,,,,,,,,,,,,,,,,,,,,,,,,,,,,
P0C6I1,212,P0C6I1,,Viruses,Hepatitis B virus genotype D subtype ayw (isolate Australia/AustKW/1991),489488,External core antigen,"Homo sapiens, Pan troglodytes","9606, 9598",1,19,ECO:0000255,,,,,,,,,,,,,,,,,,,,,,,,,,,,,,,,,
P0C6I5,212,P0C6I5,,Viruses,Hepatitis B virus genotype F2 subtype adw4q (isolate Senegal/9203),489503,External core antigen,"Homo sapiens, Pan troglodytes","9606, 9598",1,19,ECO:0000255,,,,,,,,,,,,,,,,,,,,,,,,,,,,,,,,,
P0C6J0,211,P0C6J0,,Viruses,Woolly monkey hepatitis B virus (isolate Louisville),490134,External core antigen,Lagothrix lagotricha,9519,1,19,ECO:0000255,,,,,,,,,,,,,,,,,,,,,,,,,,,,,,,,,
P0C6J2,218,P0C6J2,,Viruses,Woodchuck hepatitis B virus (isolate 1),10430,External core antigen,Marmota monax,9995,1,20,ECO:0000255,,,,,,,,,,,,,,,,,,,,,,,,,,,,,,,,,
P0C6J3,217,P0C6J3,,Viruses,Woodchuck hepatitis B virus (isolate 2),341946,External core antigen,Marmota monax,9995,1,19,ECO:0000255,,,,,,,,,,,,,,,,,,,,,,,,,,,,,,,,,
P0C6J4,218,P0C6J4,,Viruses,Woodchuck hepatitis B virus (isolate 59),10431,External core antigen,Marmota monax,9995,1,19,ECO:0000255,,,,,,,,,,,,,,,,,,,,,,,,,,,,,,,,,
P0C6J9,305,P0C6J9,,Viruses,Duck hepatitis B virus (strain Germany/DHBV-3),489542,External core antigen,Anas,8835,1,19,ECO:0000255,,,,,,,,,,,,,,,,,,,,,,,,,,,,,,,,,
P0C764,87,P0C764,,Viruses,Varicella-zoster virus (strain Oka vaccine),341980,Envelope glycoprotein N,Homo sapiens,9606,1,24,ECO:0000255,49,69,ECO:0000255,,,,,,,,,,,,,,,,,,,,,,,,,,,,,,
P0C767,212,P0C767,,Viruses,Hepatitis B virus genotype C subtype ayr (isolate Human/Japan/Okamoto/-),928302,External core antigen,"Homo sapiens, Pan troglodytes","9606, 9598",1,19,ECO:0000255,,,,,,,,,,,,,,,,,,,,,,,,,,,,,,,,,
P0CA59,150,P0CA59,,Viruses,African swine fever virus (isolate Pig/Kenya/KEN-50/1950),561445,Uncharacterized protein EP152R,"Ornithodoros, Phacochoerus aethiopicus, Phacochoerus africanus, Potamochoerus larvatus, Sus scrofa","6937, 85517, 41426, 273792, 9823",1,23,ECO:0000255,,,,,,,,,,,,,,,,,,,,,,,,,,,,,,,,,
P0CA60,151,P0CA60,,Viruses,African swine fever virus (isolate Tick/Malawi/Lil 20-1/1983),10500,Uncharacterized protein EP152R,"Ornithodoros, Phacochoerus aethiopicus, Phacochoerus africanus, Potamochoerus larvatus, Sus scrofa","6937, 85517, 41426, 273792, 9823",1,24,ECO:0000255,,,,,,,,,,,,,,,,,,,,,,,,,,,,,,,,,
P0CA61,150,P0CA61,,Viruses,African swine fever virus (isolate Tick/South Africa/Pretoriuskop Pr4/1996),561443,Uncharacterized protein EP152R,"Ornithodoros, Phacochoerus aethiopicus, Phacochoerus africanus, Potamochoerus larvatus, Sus scrofa","6937, 85517, 41426, 273792, 9823",1,23,ECO:0000255,,,,,,,,,,,,,,,,,,,,,,,,,,,,,,,,,
P0CA62,150,P0CA62,,Viruses,African swine fever virus (isolate Warthog/Namibia/Wart80/1980),561444,Uncharacterized protein EP152R,"Ornithodoros, Phacochoerus aethiopicus, Phacochoerus africanus, Potamochoerus larvatus, Sus scrofa","6937, 85517, 41426, 273792, 9823",1,23,ECO:0000255,,,,,,,,,,,,,,,,,,,,,,,,,,,,,,,,,
P0CAA1,226,P0CAA1,,Viruses,African swine fever virus (isolate Pig/Kenya/KEN-50/1950),561445,Late protein I226R,"Ornithodoros, Phacochoerus aethiopicus, Phacochoerus africanus, Potamochoerus larvatus, Sus scrofa","6937, 85517, 41426, 273792, 9823",1,16,ECO:0000255,,,,,,,,,,,,,,,,,,,,,,,,,,,,,,,,,
P0CAA2,226,P0CAA2,,Viruses,African swine fever virus (isolate Tick/South Africa/Pretoriuskop Pr4/1996),561443,Late protein I226R,"Ornithodoros, Phacochoerus aethiopicus, Phacochoerus africanus, Potamochoerus larvatus, Sus scrofa","6937, 85517, 41426, 273792, 9823",1,16,ECO:0000255,,,,,,,,,,,,,,,,,,,,,,,,,,,,,,,,,
P0CAA3,226,P0CAA3,,Viruses,African swine fever virus (isolate Warthog/Namibia/Wart80/1980),561444,Late protein I226R,"Ornithodoros, Phacochoerus aethiopicus, Phacochoerus africanus, Potamochoerus larvatus, Sus scrofa","6937, 85517, 41426, 273792, 9823",1,16,ECO:0000255,,,,,,,,,,,,,,,,,,,,,,,,,,,,,,,,,
P0CAM0,66,P0CAM0,,Viruses,African swine fever virus (isolate Pig/Kenya/KEN-50/1950),561445,Transmembrane protein B66L,"Ornithodoros, Phacochoerus aethiopicus, Phacochoerus africanus, Potamochoerus larvatus, Sus scrofa","6937, 85517, 41426, 273792, 9823",1,20,ECO:0000255,41,61,ECO:0000255,,,,,,,,,,,,,,,,,,,,,,,,,,,,,,
P0CAM1,66,P0CAM1,,Viruses,African swine fever virus (isolate Tick/Malawi/Lil 20-1/1983),10500,Transmembrane protein B66L,"Ornithodoros, Phacochoerus aethiopicus, Phacochoerus africanus, Potamochoerus larvatus, Sus scrofa","6937, 85517, 41426, 273792, 9823",1,20,ECO:0000255,41,61,ECO:0000255,,,,,,,,,,,,,,,,,,,,,,,,,,,,,,
P0CK26,37,P0CK26,,Viruses,Vaccinia virus (strain Western Reserve),10254,Uncharacterized protein VACWR204.5,Bos taurus,9913,1,23,ECO:0000255,,,,,,,,,,,,,,,,,,,,,,,,,,,,,,,,,
P0DOE1,182,P0DOE1,,Viruses,Human herpesvirus 6B (strain Z29),36351,Glycoprotein Q2,Homo sapiens,9606,1,20,ECO:0000255,,,,,,,,,,,,,,,,,,,,,,,,,,,,,,,,,
P10211,904,P10211,"B9VQF5, Q09IA6",Viruses,Human herpesvirus 1 (strain 17),10299,Envelope glycoprotein B,Homo sapiens,9606,1,30,ECO:0000255,775,795,ECO:0000255,,,,,,,,,,,,,,,,,,,,,,,,,,,,,,
P10259,688,P10259,,Viruses,Mouse mammary tumor virus (strain BR6),11758,Envelope glycoprotein gp70,Mus musculus,10090,1,98,ECO:0000250,625,645,ECO:0000255,,,,,,,,,,,,,,,,,,,,,,,,,,,,,,
P10302,83,P10302,,Viruses,Enterobacteria phage T3,10759,"Spanin, outer lipoprotein subunit",Escherichia coli,562,1,50,ECO:0000255,,,,,,,,,,,,,,,,,,,,,,,,,,,,,,,,,
P10501,326,P10501,B3SRX1,Viruses,Rotavirus A (strain RVA/Human/United Kingdom/ST3/1975/G4P2A[6]),10960,Outer capsid glycoprotein VP7,Homo sapiens,9606,1,50,ECO:0000255,,,,,,,,,,,,,,,,,,,,,,,,,,,,,,,,,
P11041,248,P11041,,Viruses,Bombyx mori cytoplasmic polyhedrosis virus,110829,Polyhedrin,Bombyx mori,7091,1,27,,,,,,,,,,,,,,,,,,,,,,,,,,,,,,,,,,
P11318,91,P11318,,Viruses,Human adenovirus B serotype 3,45659,Early E3B 10.4 kDa protein,Homo sapiens,9606,1,22,ECO:0000250,35,60,ECO:0000255,,,,,,,,,,,,,,,,,,,,,,,,,,,,,,
P11365,827,P11365,Q61577,Viruses,Mouse intracisternal a-particle MIA14,11753,Intracisternal A-particle Gag-related polyprotein,Mus musculus,10090,1,25,ECO:0000255,,,,,,,,,,,,,,,,,,,,,,,,,,,,,,,,,
P11850,326,P11850,Q761X8,Viruses,Rotavirus A (strain RVA/Human/United States/DS-1/1976/G2P1B[4]),10950,Outer capsid glycoprotein VP7,Homo sapiens,9606,1,50,ECO:0000255,,,,,,,,,,,,,,,,,,,,,,,,,,,,,,,,,
P11851,326,P11851,,Viruses,Rotavirus A (strain RVA/Human/Venezuela/HN126/1983/G2P[X]),10951,Outer capsid glycoprotein VP7,Homo sapiens,9606,1,50,ECO:0000255,,,,,,,,,,,,,,,,,,,,,,,,,,,,,,,,,
P11852,326,P11852,,Viruses,Rotavirus A (strain RVA/Human/Venezuela/M37/1982/G1P2A[6]),10954,Outer capsid glycoprotein VP7,Homo sapiens,9606,1,50,ECO:0000255,,,,,,,,,,,,,,,,,,,,,,,,,,,,,,,,,
P11853,326,P11853,"B3SRS3, Q761X9",Viruses,Rotavirus A (strain RVA/Human/United States/D/1974/G1P1A[8]),578831,Outer capsid glycoprotein VP7,Homo sapiens,9606,1,50,ECO:0000255,,,,,,,,,,,,,,,,,,,,,,,,,,,,,,,,,
P11854,326,P11854,Q761X7,Viruses,Rotavirus A (strain RVA/Human/United States/P/1974/G3P1A[8]),10957,Outer capsid glycoprotein VP7,Homo sapiens,9606,1,50,ECO:0000255,,,,,,,,,,,,,,,,,,,,,,,,,,,,,,,,,
P11856,326,P11856,,Viruses,Rotavirus A (isolate RVA/Human/Italy/VA70/1975/G4P1A[8]),10961,Outer capsid glycoprotein VP7,Homo sapiens,9606,1,50,ECO:0000255,,,,,,,,,,,,,,,,,,,,,,,,,,,,,,,,,
P12440,353,P12440,,Viruses,Influenza B virus (strain B/Ann Arbor/1/1986),11521,Hemagglutinin,Homo sapiens,9606,1,7,,,,,,,,,,,,,,,,,,,,,,,,,,,,,,,,,,
P12476,326,P12476,"C3RX25, E7EDR5, P11855",Viruses,Rotavirus A (strain RVA/Monkey/United States/RRV/1975/G3P5B[3]),444185,Outer capsid glycoprotein VP7,Macaca mulatta,9544,1,50,ECO:0000255,,,,,,,,,,,,,,,,,,,,,,,,,,,,,,,,,
P12569,662,P12569,Q65991,Viruses,Canine distemper virus (strain Onderstepoort),11233,Fusion glycoprotein F0,"Ailuropoda melanoleuca, Ailurus fulgens, Canis lupus familiaris, Mustela, Panthera leo, Procyon lotor, Zalophus californianus","9646, 9649, 9615, 9665, 9689, 9654, 9704",1,135,ECO:0000255,609,629,ECO:0000255,,,,,,,,,,,,,,,,,,,,,,,,,,,,,,
P12640,932,P12640,,Viruses,Bovine herpesvirus 1.1 (strain Cooper),10323,Envelope glycoprotein B,Bos taurus,9913,1,62,ECO:0000255,807,827,ECO:0000255,,,,,,,,,,,,,,,,,,,,,,,,,,,,,,
P12824,743,P12824,Q7M6L7,Viruses,Human cytomegalovirus (strain AD169),10360,Envelope glycoprotein H,Homo sapiens,9606,1,23,ECO:0000255,721,741,ECO:0000255,,,,,,,,,,,,,,,,,,,,,,,,,,,,,,
P13845,305,P13845,,Viruses,Heron hepatitis B virus,28300,External core antigen,Ardeidae,8899,1,19,ECO:0000255,,,,,,,,,,,,,,,,,,,,,,,,,,,,,,,,,
P15073,636,P15073,,Viruses,Mink cell focus-forming murine leukemia virus,11935,Envelope glycoprotein,Mus musculus,10090,1,32,ECO:0000255,582,602,ECO:0000255,,,,,,,,,,,,,,,,,,,,,,,,,,,,,,
P15134,91,P15134,,Viruses,Human adenovirus B serotype 7,10519,Early E3B 10.4 kDa protein,Homo sapiens,9606,1,22,ECO:0000250,35,60,ECO:0000255,,,,,,,,,,,,,,,,,,,,,,,,,,,,,,
P15900,78,P15900,,Viruses,Spiroplasma virus SpV1-R8A2 B,10854,Putative capsid protein ORF9,Spiroplasma citri,2133,1,29,ECO:0000255,52,72,ECO:0000255,,,,,,,,,,,,,,,,,,,,,,,,,,,,,,
P16719,224,P16719,Q7M6T9,Viruses,Human cytomegalovirus (strain AD169),10360,Glycoprotein UL1,Homo sapiens,9606,1,25,ECO:0000255,186,206,ECO:0000255,,,,,,,,,,,,,,,,,,,,,,,,,,,,,,
P16750,466,P16750,Q7M6L8,Viruses,Human cytomegalovirus (strain AD169),10360,Glycoprotein O,Homo sapiens,9606,1,30,ECO:0000255,,,,,,,,,,,,,,,,,,,,,,,,,,,,,,,,,
P16758,340,P16758,Q7M6R2,Viruses,Human cytomegalovirus (strain AD169),10360,Uncharacterized protein UL20,Homo sapiens,9606,1,25,ECO:0000255,226,246,ECO:0000255,,,,,,,,,,,,,,,,,,,,,,,,,,,,,,
P16778,487,P16778,"P87887, Q7M6P6",Viruses,Human cytomegalovirus (strain AD169),10360,UL37 immediate early glycoprotein,Homo sapiens,9606,1,22,ECO:0000255,433,459,ECO:0000255,,,,,,,,,,,,,,,,,,,,,,,,,,,,,,
P16848,595,P16848,Q7M6Q2,Viruses,Human cytomegalovirus (strain AD169),10360,Protein UL31,Homo sapiens,9606,1,23,ECO:0000255,,,,,,,,,,,,,,,,,,,,,,,,,,,,,,,,,
P16899,990,P16899,,Viruses,Ovine maedi visna related virus (strain South Africa),11664,Envelope glycoprotein gp160,Ovis aries,9940,1,107,ECO:0000255,839,859,ECO:0000255,,,,,,,,,,,,,,,,,,,,,,,,,,,,,,
P17071,326,P17071,,Viruses,Rotavirus A (strain RVA/Human/Indonesia/B37/XXXX/G8P[X]),10949,Outer capsid glycoprotein VP7,Homo sapiens,9606,1,50,ECO:0000255,,,,,,,,,,,,,,,,,,,,,,,,,,,,,,,,,
P17099,214,P17099,,Viruses,Hepatitis B virus genotype A2 subtype adw2 (isolate Germany/991/1990),10410,External core antigen,"Homo sapiens, Pan troglodytes","9606, 9598",1,19,ECO:0000255,,,,,,,,,,,,,,,,,,,,,,,,,,,,,,,,,
P17190,305,P17190,,Viruses,Duck hepatitis B virus (isolate brown Shanghai duck S5),10439,External core antigen,Anas,8835,1,19,ECO:0000255,,,,,,,,,,,,,,,,,,,,,,,,,,,,,,,,,
P17191,305,P17191,,Viruses,Duck hepatitis B virus (isolate white Shanghai duck S31),10440,External core antigen,Anas,8835,1,19,ECO:0000255,,,,,,,,,,,,,,,,,,,,,,,,,,,,,,,,,
P17281,854,P17281,,Viruses,Simian immunodeficiency virus (isolate CPZ GAB1),402771,Envelope glycoprotein gp160,Pan,9596,1,31,ECO:0000255,676,696,ECO:0000255,,,,,,,,,,,,,,,,,,,,,,,,,,,,,,
P17466,326,P17466,,Viruses,Rotavirus A (strain RVA/Pig/Mexico/YM/1983/G11P9[7]),10919,Outer capsid glycoprotein VP7,Sus scrofa,9823,1,50,ECO:0000255,,,,,,,,,,,,,,,,,,,,,,,,,,,,,,,,,
P17471,928,P17471,,Viruses,Bovine herpesvirus 1.1 (strain P8-2),10324,Envelope glycoprotein B,Bos taurus,9913,1,62,ECO:0000255,804,824,ECO:0000255,,,,,,,,,,,,,,,,,,,,,,,,,,,,,,
P17700,326,P17700,Q65702,Viruses,Rotavirus A (isolate RVA/Cow/United States/B223/1983/G10P8[11]),1835656,Outer capsid glycoprotein VP7,Bos taurus,9913,1,50,ECO:0000255,,,,,,,,,,,,,,,,,,,,,,,,,,,,,,,,,
P17968,326,P17968,,Viruses,Rotavirus A (isolate RVA/Cow/Thailand/61A/1988/G10P7[5]),10929,Outer capsid glycoprotein VP7,Bos taurus,9913,1,50,ECO:0000255,,,,,,,,,,,,,,,,,,,,,,,,,,,,,,,,,
P18050,980,P18050,,Viruses,Equine herpesvirus 1 (strain HVS25A),10327,Envelope glycoprotein B,Equus caballus,9796,1,86,ECO:0000255,850,870,ECO:0000255,,,,,,,,,,,,,,,,,,,,,,,,,,,,,,
P18551,980,P18551,,Viruses,Equine herpesvirus 1 (strain AB1),10328,Envelope glycoprotein B,Equus caballus,9796,1,86,ECO:0000255,850,870,ECO:0000255,,,,,,,,,,,,,,,,,,,,,,,,,,,,,,
P19347,37,P19347,,Viruses,Escherichia phage Bf23,10707,Probable protein A1,"Escherichia coli, Salmonella typhimurium","562, 90371",1,22,ECO:0000305,,,,,,,,,,,,,,,,,,,,,,,,,,,,,,,,,
P19739,133,P19739,Q01160,Viruses,Human coronavirus 229E,11137,Non-structural protein 4a,Homo sapiens,9606,1,21,ECO:0000255,40,60,ECO:0000255,69,89,ECO:0000255,91,111,ECO:0000255,,,,,,,,,,,,,,,,,,,,,,,,
P19742,101,P19742,Q52PB0,Viruses,Feline coronavirus (strain FIPV WSU-79/1146),33734,Non-structural protein 7a,Felidae,9681,1,43,ECO:0000255,76,96,ECO:0000255,,,,,,,,,,,,,,,,,,,,,,,,,,,,,,
P20747,283,P20747,,Viruses,Fowl adenovirus A serotype 1 (strain CELO / Phelps),10553,Putative Ig-like domain-containing protein ORF10,Galliformes,8976,1,55,ECO:0000255,,,,,,,,,,,,,,,,,,,,,,,,,,,,,,,,,
P20872,859,P20872,,Viruses,Human immunodeficiency virus type 2 subtype A (isolate ST),11721,Envelope glycoprotein gp160,Homo sapiens,9606,1,24,ECO:0000255,674,694,ECO:0000255,,,,,,,,,,,,,,,,,,,,,,,,,,,,,,
P20987,99,P20987,,Viruses,Vaccinia virus (strain Copenhagen),10249,Virion membrane protein OPG135,Homo sapiens,9606,1,22,ECO:0000255,46,66,ECO:0000255,,,,,,,,,,,,,,,,,,,,,,,,,,,,,,
P21058,176,P21058,,Viruses,Vaccinia virus (strain Copenhagen),10249,Protein OPG163,Homo sapiens,9606,1,14,ECO:0000255,,,,,,,,,,,,,,,,,,,,,,,,,,,,,,,,,
P21285,326,P21285,B3SRU7,Viruses,Rotavirus A (strain RVA/Human/Philippines/L26/1987/G12P1B[4]),10953,Outer capsid glycoprotein VP7,Homo sapiens,9606,1,50,ECO:0000255,,,,,,,,,,,,,,,,,,,,,,,,,,,,,,,,,
P21436,666,P21436,,Viruses,Hortulanus murine leukemia virus,11799,Envelope glycoprotein,Mus musculus,10090,1,33,ECO:0000255,608,628,ECO:0000255,,,,,,,,,,,,,,,,,,,,,,,,,,,,,,
P22484,442,P22484,,Viruses,Equine herpesvirus 1 (strain Kentucky A),10329,Envelope glycoprotein D,Equus caballus,9796,1,19,ECO:0000255,406,422,ECO:0000255,,,,,,,,,,,,,,,,,,,,,,,,,,,,,,
P22485,338,P22485,P89472,Viruses,Human herpesvirus 2 (strain HG52),10315,Envelope glycoprotein K,Homo sapiens,9606,1,30,ECO:0000250,122,140,ECO:0000255,213,233,ECO:0000255,244,264,ECO:0000255,302,322,ECO:0000255,,,,,,,,,,,,,,,,,,,,,
P23422,989,P23422,,Viruses,Maedi visna virus (strain 1514 / clone LV1-1KS1),11743,Envelope glycoprotein gp160,Ovis aries,9940,1,106,ECO:0000255,839,859,ECO:0000255,,,,,,,,,,,,,,,,,,,,,,,,,,,,,,
P23423,991,P23423,,Viruses,Maedi visna virus (strain 1514 / clone LV1-1KS2),11744,Envelope glycoprotein gp160,Ovis aries,9940,1,106,ECO:0000255,841,861,ECO:0000255,,,,,,,,,,,,,,,,,,,,,,,,,,,,,,
P24380,552,P24380,,Viruses,Equine herpesvirus 1 (strain Kentucky D),10330,Envelope glycoprotein E,Equus caballus,9796,1,23,ECO:0000255,411,427,ECO:0000255,,,,,,,,,,,,,,,,,,,,,,,,,,,,,,
P25175,326,P25175,,Viruses,Rotavirus A (strain RVA/Cow/United States/B641/XXXX/G6P7[5]),10928,Outer capsid glycoprotein VP7,Bos taurus,9913,1,50,ECO:0000255,,,,,,,,,,,,,,,,,,,,,,,,,,,,,,,,,
P25176,326,P25176,,Viruses,Rotavirus A (isolate RVA/Equine/United Kingdom/L338/1988/G13P12[18]),36441,Outer capsid glycoprotein VP7,Equus caballus,9796,1,50,ECO:0000255,,,,,,,,,,,,,,,,,,,,,,,,,,,,,,,,,
P25187,326,P25187,,Viruses,Rotavirus A (strain RVA/Human/Australia/RV-4/1977/G1P1A[8]),31570,Outer capsid glycoprotein VP7,Homo sapiens,9606,1,50,ECO:0000255,,,,,,,,,,,,,,,,,,,,,,,,,,,,,,,,,
P25218,980,P25218,P28922,Viruses,Equine herpesvirus 1 (strain Kentucky D),10330,Envelope glycoprotein B,Equus caballus,9796,1,86,ECO:0000255,850,870,ECO:0000255,,,,,,,,,,,,,,,,,,,,,,,,,,,,,,
P27423,326,P27423,,Viruses,Rotavirus A (strain RVA/Pig/Russia/K/1987),10918,Outer capsid glycoprotein VP7,Sus scrofa,9823,1,50,ECO:0000255,,,,,,,,,,,,,,,,,,,,,,,,,,,,,,,,,
P27944,226,P27944,,Viruses,African swine fever virus (strain Badajoz 1971 Vero-adapted),10498,Late protein I226R,"Ornithodoros, Sus scrofa","6937, 9823",1,16,ECO:0000255,,,,,,,,,,,,,,,,,,,,,,,,,,,,,,,,,
P30005,651,P30005,P30006,Viruses,Human herpesvirus 6A (strain GS),10369,120 kDa Glycoprotein O,Homo sapiens,9606,1,56,ECO:0000255,,,,,,,,,,,,,,,,,,,,,,,,,,,,,,,,,
P30027,305,P30027,E2QBU6,Viruses,Duck hepatitis B virus (strain China),31510,External core antigen,Anas,8835,1,19,ECO:0000255,,,,,,,,,,,,,,,,,,,,,,,,,,,,,,,,,
P30210,326,P30210,,Viruses,Rotavirus A (isolate RVA/Cow/Argentina/T449/1992/G1P[X]),31583,Outer capsid glycoprotein VP7,Bos taurus,9913,1,50,ECO:0000255,,,,,,,,,,,,,,,,,,,,,,,,,,,,,,,,,
P30216,332,P30216,,Viruses,Rotavirus C (isolate RVC/Human/Japan/88-220/1988),31565,Outer capsid glycoprotein VP7,Homo sapiens,9606,1,49,ECO:0000255,,,,,,,,,,,,,,,,,,,,,,,,,,,,,,,,,
P30217,332,P30217,,Viruses,Rotavirus C (strain RVC/Pig/United States/Cowden/1980),10916,Outer capsid glycoprotein VP7,Sus scrofa,9823,1,33,ECO:0000255,,,,,,,,,,,,,,,,,,,,,,,,,,,,,,,,,
P30237,57,P30237,Q89429,Viruses,Avian infectious bronchitis virus (strain Beaudette),11122,Non-structural protein 3a,Gallus gallus,9031,1,23,ECO:0000255,,,,,,,,,,,,,,,,,,,,,,,,,,,,,,,,,
P30238,57,P30238,,Viruses,Avian infectious bronchitis virus (strain Portugal/322/82),31625,Non-structural protein 3a,Gallus gallus,9031,1,22,ECO:0000255,,,,,,,,,,,,,,,,,,,,,,,,,,,,,,,,,
P30239,57,P30239,,Viruses,Avian infectious bronchitis virus (strain UK/68/84),31630,Non-structural protein 3a,Gallus gallus,9031,1,23,ECO:0000255,,,,,,,,,,,,,,,,,,,,,,,,,,,,,,,,,
P30240,57,P30240,,Viruses,Avian infectious bronchitis virus (strain UK/183/66),31629,Non-structural protein 3a,Gallus gallus,9031,1,23,ECO:0000255,,,,,,,,,,,,,,,,,,,,,,,,,,,,,,,,,
P31621,615,P31621,,Viruses,Sheep pulmonary adenomatosis virus,11746,Envelope glycoprotein,Ovis aries,9940,1,84,ECO:0000255,379,402,ECO:0000255,,,,,,,,,,,,,,,,,,,,,,,,,,,,,,
P31626,966,P31626,,Viruses,Caprine arthritis encephalitis virus (strain Cork),11661,Envelope glycoprotein,Capra hircus,9925,1,83,ECO:0000250,802,822,ECO:0000255,,,,,,,,,,,,,,,,,,,,,,,,,,,,,,
P31627,942,P31627,,Viruses,Caprine arthritis encephalitis virus (strain 63),11662,Envelope glycoprotein,Capra hircus,9925,1,80,ECO:0000269,800,820,ECO:0000255,,,,,,,,,,,,,,,,,,,,,,,,,,,,,,
P31632,326,P31632,,Viruses,Rotavirus A (isolate RVA/Cow/Japan/KN-4/1983/G6P8[11]),31587,Outer capsid glycoprotein VP7,Bos taurus,9913,1,50,ECO:0000255,,,,,,,,,,,,,,,,,,,,,,,,,,,,,,,,,
P31793,356,P31793,,Viruses,Friend spleen focus-forming virus (strain BB6),31692,Glycoprotein 42,Mus musculus,10090,1,32,ECO:0000255,332,352,ECO:0000255,,,,,,,,,,,,,,,,,,,,,,,,,,,,,,
P31819,861,P31819,,Viruses,Human immunodeficiency virus type 1 group M subtype B (isolate KB-1/ETR),36375,Envelope glycoprotein gp160,Homo sapiens,9606,1,37,ECO:0000255,691,711,ECO:0000255,,,,,,,,,,,,,,,,,,,,,,,,,,,,,,
P31872,856,P31872,,Viruses,Human immunodeficiency virus type 1 group M subtype B (isolate WMJ1),31678,Envelope glycoprotein gp160,Homo sapiens,9606,1,31,ECO:0000255,685,705,ECO:0000255,,,,,,,,,,,,,,,,,,,,,,,,,,,,,,
P32536,712,P32536,,Viruses,Human immunodeficiency virus type 2 subtype A (isolate ST/24.1C#2),31681,Envelope glycoprotein gp160,Homo sapiens,9606,1,24,ECO:0000255,674,694,ECO:0000255,,,,,,,,,,,,,,,,,,,,,,,,,,,,,,
P32545,326,P32545,,Viruses,Rotavirus A (isolate RVA/Pig/Australia/AT/1976/G3P9[7]),31577,Outer capsid glycoprotein VP7,Sus scrofa,9823,1,50,ECO:0000255,,,,,,,,,,,,,,,,,,,,,,,,,,,,,,,,,
P32546,326,P32546,,Viruses,Rotavirus A (isolate RVA/Pig/Australia/CRW-8/1987/G3P9[7]),31578,Outer capsid glycoprotein VP7,Sus scrofa,9823,1,50,ECO:0000255,,,,,,,,,,,,,,,,,,,,,,,,,,,,,,,,,
P32547,326,P32547,,Viruses,Rotavirus A (isolate RVA/Pig/Australia/TFR-41/1987/G5P9[7]),31581,Outer capsid glycoprotein VP7,Sus scrofa,9823,1,50,ECO:0000255,,,,,,,,,,,,,,,,,,,,,,,,,,,,,,,,,
P32548,326,P32548,,Viruses,Rotavirus A (isolate RVA/Pig/Australia/BEN144/1989/G4P2B[6]),31579,Outer capsid glycoprotein VP7,Sus scrofa,9823,1,50,ECO:0000255,,,,,,,,,,,,,,,,,,,,,,,,,,,,,,,,,
P32549,326,P32549,,Viruses,Rotavirus A (isolate RVA/Pig/Australia/BMI-1/1989/G4P9[7]),31580,Outer capsid glycoprotein VP7,Sus scrofa,9823,1,50,ECO:0000255,,,,,,,,,,,,,,,,,,,,,,,,,,,,,,,,,
P33465,101,P33465,,Viruses,Feline enteric coronavirus (strain 79-1683),33733,Non-structural 7a protein,Felidae,9681,1,23,ECO:0000255,76,96,ECO:0000255,,,,,,,,,,,,,,,,,,,,,,,,,,,,,,
P33492,326,P33492,,Viruses,Rotavirus A (isolate RVA/Human/-/RK9/XXXX/GXP[X]),33722,Outer capsid glycoprotein VP7,Homo sapiens,9606,1,50,ECO:0000255,,,,,,,,,,,,,,,,,,,,,,,,,,,,,,,,,
P33835,95,P33835,,Viruses,Variola virus (isolate Human/India/Ind3/1967),587200,Virion membrane protein OPG135,Homo sapiens,9606,1,22,ECO:0000255,46,66,ECO:0000255,,,,,,,,,,,,,,,,,,,,,,,,,,,,,,
P35954,983,P35954,,Viruses,Maedi visna virus (strain KV1772),36374,Envelope glycoprotein gp160,Ovis aries,9940,1,106,ECO:0000255,833,853,ECO:0000255,,,,,,,,,,,,,,,,,,,,,,,,,,,,,,
P36291,1135,P36291,,Viruses,Tomato spotted wilt virus (strain Brazilian Br-01),36413,Envelopment polyprotein,"Frankliniella occidentalis, Scirtothrips dorsalis, Solanum lycopersicum, Thrips tabaci","133901, 163899, 4081, 161014",1,35,ECO:0000255,315,366,"ECO:0000255, ECO:0000303",1068,1088,ECO:0000255,,,,,,,,,,,,,,,,,,,,,,,,,,,
P36301,101,P36301,,Viruses,Canine coronavirus (strain Insavc-1),36391,Non-structural protein 7a,Canis lupus familiaris,9615,1,23,ECO:0000255,81,101,ECO:0000255,,,,,,,,,,,,,,,,,,,,,,,,,,,,,,
P36318,394,P36318,,Viruses,Human herpesvirus 1 (strain Angelotti),10301,Envelope glycoprotein D,Homo sapiens,9606,1,25,ECO:0000255,340,364,ECO:0000255,,,,,,,,,,,,,,,,,,,,,,,,,,,,,,
P36336,813,P36336,,Viruses,Gallid herpesvirus 2 (strain RB-1b),33707,Envelope glycoprotein H,Gallus gallus,9031,1,18,ECO:0000255,770,790,ECO:0000255,,,,,,,,,,,,,,,,,,,,,,,,,,,,,,
P36357,329,P36357,,Viruses,Rotavirus A (strain RVA/Turkey/Ireland/Ty-1/1978/G7P[17]),12584,Outer capsid glycoprotein VP7,Aves,8782,1,53,ECO:0000255,,,,,,,,,,,,,,,,,,,,,,,,,,,,,,,,,
P36705,91,P36705,,Viruses,Human adenovirus A serotype 12,28282,Early E3B 10.4 kDa protein,Homo sapiens,9606,1,21,ECO:0000250,34,56,ECO:0000255,,,,,,,,,,,,,,,,,,,,,,,,,,,,,,
P36707,110,P36707,,Viruses,Human adenovirus A serotype 12,28282,Early E3B 12.7 kDa protein,Homo sapiens,9606,1,16,ECO:0000255,37,57,ECO:0000255,,,,,,,,,,,,,,,,,,,,,,,,,,,,,,
P41656,173,P41656,,Viruses,Autographa californica nuclear polyhedrosis virus,46015,Per os infectivity factor 4,Lepidoptera,7088,1,21,ECO:0000255,,,,,,,,,,,,,,,,,,,,,,,,,,,,,,,,,
P41672,530,P41672,,Viruses,Autographa californica nuclear polyhedrosis virus,46015,Per os infectivity factor 1,Lepidoptera,7088,1,15,ECO:0000255,,,,,,,,,,,,,,,,,,,,,,,,,,,,,,,,,
P51515,574,P51515,,Viruses,Simian retrovirus SRV-2,39068,Envelope glycoprotein,Macaca mulatta,9544,1,22,ECO:0000255,515,535,ECO:0000255,,,,,,,,,,,,,,,,,,,,,,,,,,,,,,
P51520,574,P51520,,Viruses,Simian retrovirus SRV-2 (isolate 2R-18B1),73490,Envelope glycoprotein,Macaca mulatta,9544,1,22,ECO:0000255,515,535,ECO:0000255,,,,,,,,,,,,,,,,,,,,,,,,,,,,,,
P52366,86,P52366,,Viruses,Human herpesvirus 7 (strain JI),57278,Envelope glycoprotein N,Homo sapiens,9606,1,29,ECO:0000255,48,68,ECO:0000255,,,,,,,,,,,,,,,,,,,,,,,,,,,,,,
P52460,97,P52460,,Viruses,Human herpesvirus 6A (strain Uganda-1102),10370,Putative CC-type chemokine U83,Homo sapiens,9606,1,,ECO:0000255,,,,,,,,,,,,,,,,,,,,,,,,,,,,,,,,,
P52461,97,P52461,,Viruses,Human herpesvirus 6B (strain Z29),36351,Putative CC-type chemokine U83,Homo sapiens,9606,1,,ECO:0000255,,,,,,,,,,,,,,,,,,,,,,,,,,,,,,,,,
P52547,84,P52547,,Viruses,Human herpesvirus 6B (strain Z29),36351,Envelope glycoprotein N,Homo sapiens,9606,1,26,ECO:0000255,46,66,ECO:0000255,,,,,,,,,,,,,,,,,,,,,,,,,,,,,,
P68327,452,P68327,P24379,Viruses,Equine herpesvirus 1 (strain Kentucky D),10330,Envelope glycoprotein D,Equus caballus,9796,1,19,ECO:0000255,406,422,ECO:0000255,,,,,,,,,,,,,,,,,,,,,,,,,,,,,,
P68328,550,P68328,P18552,Viruses,Equine herpesvirus 1 (strain AB1),10328,Envelope glycoprotein E,Equus caballus,9796,1,23,ECO:0000255,409,425,ECO:0000255,,,,,,,,,,,,,,,,,,,,,,,,,,,,,,
P68331,338,P68331,"B9VQI2, P10237, Q09I81",Viruses,Human herpesvirus 1 (strain 17),10299,Envelope glycoprotein K,Homo sapiens,9606,1,30,,122,140,ECO:0000255,213,233,ECO:0000255,244,264,ECO:0000255,302,322,ECO:0000255,,,,,,,,,,,,,,,,,,,,,
P68334,343,P68334,P28933,Viruses,Equine herpesvirus 1 (strain Kentucky A),10329,Envelope glycoprotein K,Equus caballus,9796,1,31,ECO:0000255,119,139,ECO:0000255,214,234,ECO:0000255,252,272,ECO:0000255,304,324,ECO:0000255,,,,,,,,,,,,,,,,,,,,,
P68570,137,P68570,"O31987, O64035",Viruses,Bacillus phage SPbeta,2932878,Disulfide bond formation protein A,"Bacillus pumilus, Bacillus subtilis","1408, 1423",1,25,ECO:0000255,,,,,,,,,,,,,,,,,,,,,,,,,,,,,,,,,
P68761,642,P68761,P07969,Viruses,Influenza C virus (strain C/Yamagata/10/1981),11568,Hemagglutinin-esterase-fusion glycoprotein,"Homo sapiens, Sus scrofa","9606, 9823",1,1,,618,638,ECO:0000255,,,,,,,,,,,,,,,,,,,,,,,,,,,,,,
P69612,78,P69612,"P24416, P33466",Viruses,Porcine respiratory coronavirus (strain 86/137004 / isolate British),33736,Non-structural protein 7,Sus scrofa,9823,1,23,ECO:0000255,56,76,ECO:0000255,,,,,,,,,,,,,,,,,,,,,,,,,,,,,,
P87691,648,P87691,,Viruses,Influenza C virus (strain C/Yamagata/4/1988),127958,Hemagglutinin-esterase-fusion glycoprotein,"Homo sapiens, Sus scrofa","9606, 9823",1,7,ECO:0000250,624,644,ECO:0000255,,,,,,,,,,,,,,,,,,,,,,,,,,,,,,
P89445,838,P89445,,Viruses,Human herpesvirus 2 (strain HG52),10315,Envelope glycoprotein H,Homo sapiens,9606,1,18,ECO:0000255,804,824,ECO:0000255,,,,,,,,,,,,,,,,,,,,,,,,,,,,,,
P89951,212,P89951,,Viruses,Gibbon hepatitis B virus subtype ayw3q (isolate Hope),489544,External core antigen,Hylobatidae,9577,1,19,ECO:0000255,,,,,,,,,,,,,,,,,,,,,,,,,,,,,,,,,
Q00252,326,Q00252,,Viruses,Rotavirus A (isolate RVA/Cow/Thailand/A5/1988/G8P6[1]),36440,Outer capsid glycoprotein VP7,Bos taurus,9913,1,50,ECO:0000255,,,,,,,,,,,,,,,,,,,,,,,,,,,,,,,,,
Q00253,326,Q00253,,Viruses,Rotavirus A (isolate RVA/Cow/Thailand/A44/1988/G10P8[11]),1835658,Outer capsid glycoprotein VP7,Bos taurus,9913,1,50,ECO:0000255,,,,,,,,,,,,,,,,,,,,,,,,,,,,,,,,,
Q00254,326,Q00254,,Viruses,Rotavirus A (isolate RVA/Cow/Japan/KK3/1983/G10P8[11]),1835657,Outer capsid glycoprotein VP7,Bos taurus,9913,1,50,ECO:0000255,,,,,,,,,,,,,,,,,,,,,,,,,,,,,,,,,
Q00704,704,Q00704,P41451,Viruses,Autographa californica nuclear polyhedrosis virus,46015,Non-sulfated chondroitin lyase E66,Lepidoptera,7088,1,23,ECO:0000255,,,,,,,,,,,,,,,,,,,,,,,,,,,,,,,,,
Q01232,176,Q01232,Q76ZP1,Viruses,Vaccinia virus (strain Western Reserve),10254,Protein OPG163,Bos taurus,9913,1,14,ECO:0000255,,,,,,,,,,,,,,,,,,,,,,,,,,,,,,,,,
Q02077,436,Q02077,,Viruses,Feline leukemia virus (strain C/FS246),103918,Envelope glycoprotein,Felis catus,9685,1,1,ECO:0000250,,,,,,,,,,,,,,,,,,,,,,,,,,,,,,,,,
Q02837,854,Q02837,,Viruses,Simian immunodeficiency virus agm.grivet (isolate AGM gr-1),31684,Envelope glycoprotein gp160,Cercopithecidae,9527,1,20,ECO:0000255,706,726,ECO:0000255,,,,,,,,,,,,,,,,,,,,,,,,,,,,,,
Q03874,326,Q03874,,Viruses,Rotavirus A (isolate RVA/Equine/United States/FI-23/1981/G14P4[12]),36443,Outer capsid glycoprotein VP7,Equus caballus,9796,1,50,ECO:0000255,,,,,,,,,,,,,,,,,,,,,,,,,,,,,,,,,
Q04463,933,Q04463,,Viruses,Herpesvirus ateles type 1 (strain Lennette),35243,Envelope glycoprotein B,Ateles,9506,1,36,ECO:0000255,798,818,ECO:0000255,,,,,,,,,,,,,,,,,,,,,,,,,,,,,,
Q04566,249,Q04566,,Viruses,Porcine reproductive and respiratory syndrome virus (strain Lelystad),11049,Glycoprotein 2a,Sus scrofa,9823,1,35,ECO:0000255,208,228,ECO:0000255,,,,,,,,,,,,,,,,,,,,,,,,,,,,,,
Q04703,101,Q04703,,Viruses,Canine coronavirus (strain K378),33732,Non-structural protein 7a,Canis lupus familiaris,9615,1,23,ECO:0000255,81,101,ECO:0000255,,,,,,,,,,,,,,,,,,,,,,,,,,,,,,
Q04840,326,Q04840,,Viruses,Rotavirus A (isolate RVA/Human/Australia/A91a/1991/G1P[X]),39011,Outer capsid glycoprotein VP7,Homo sapiens,9606,1,50,ECO:0000255,,,,,,,,,,,,,,,,,,,,,,,,,,,,,,,,,
Q05495,212,Q05495,,Viruses,Hepatitis B virus genotype F2 (isolate Brazil/w4B),45410,External core antigen,"Homo sapiens, Pan troglodytes","9606, 9598",1,19,ECO:0000255,,,,,,,,,,,,,,,,,,,,,,,,,,,,,,,,,
Q06093,651,Q06093,,Viruses,Human herpesvirus 6A (strain Uganda-1102),10370,120 kDa Glycoprotein O,Homo sapiens,9606,1,56,ECO:0000255,,,,,,,,,,,,,,,,,,,,,,,,,,,,,,,,,
Q06094,84,Q06094,,Viruses,Human herpesvirus 6A (strain Uganda-1102),10370,Envelope glycoprotein N,Homo sapiens,9606,1,26,ECO:0000255,48,68,ECO:0000255,,,,,,,,,,,,,,,,,,,,,,,,,,,,,,
Q06670,847,Q06670,,Viruses,Autographa californica nuclear polyhedrosis virus,46015,Capsid-associated protein AC83,Lepidoptera,7088,1,19,ECO:0000255,,,,,,,,,,,,,,,,,,,,,,,,,,,,,,,,,
Q06VC5,501,Q06VC5,,Viruses,Trichoplusia ni ascovirus 2c,328615,Putative matrix metalloproteinase,Noctuidae,7100,1,26,ECO:0000255,,,,,,,,,,,,,,,,,,,,,,,,,,,,,,,,,
Q07005,338,Q07005,,Viruses,Human herpesvirus 1 (strain R19),36346,Envelope glycoprotein K,Homo sapiens,9606,1,30,ECO:0000250,122,140,ECO:0000255,213,233,ECO:0000255,244,264,ECO:0000255,302,322,ECO:0000255,,,,,,,,,,,,,,,,,,,,,
Q07156,326,Q07156,,Viruses,Rotavirus A (isolate RVA/Human/India/116E/1986/G9P8[11]),638299,Outer capsid glycoprotein VP7,Homo sapiens,9606,1,50,ECO:0000255,,,,,,,,,,,,,,,,,,,,,,,,,,,,,,,,,
Q07272,326,Q07272,B3SRR5,Viruses,Rotavirus A (isolate RVA/Human/United Kingdom/A64/1987/G10P11[14]),578827,Outer capsid glycoprotein VP7,Homo sapiens,9606,1,50,ECO:0000255,,,,,,,,,,,,,,,,,,,,,,,,,,,,,,,,,
Q08779,326,Q08779,,Viruses,Rotavirus A (isolate RVA/Human/Thailand/Mc35/1992/G10P11[14]),37136,Outer capsid glycoprotein VP7,Homo sapiens,9606,1,50,ECO:0000255,,,,,,,,,,,,,,,,,,,,,,,,,,,,,,,,,
Q196U1,126,Q196U1,,Viruses,Invertebrate iridescent virus 3,345201,Uncharacterized protein 119R,"Aedes vexans, Culex territans, Culiseta annulata, Ochlerotatus sollicitans, Ochlerotatus taeniorhynchus, Psorophora ferox","7163, 42431, 332058, 310513, 329105, 7183",1,28,ECO:0000255,,,,,,,,,,,,,,,,,,,,,,,,,,,,,,,,,
Q197A9,282,Q197A9,,Viruses,Invertebrate iridescent virus 3,345201,Uncharacterized protein 051L,"Aedes vexans, Culex territans, Culiseta annulata, Ochlerotatus sollicitans, Ochlerotatus taeniorhynchus, Psorophora ferox","7163, 42431, 332058, 310513, 329105, 7183",1,18,ECO:0000255,,,,,,,,,,,,,,,,,,,,,,,,,,,,,,,,,
Q197B7,64,Q197B7,,Viruses,Invertebrate iridescent virus 3,345201,Uncharacterized protein 043R,"Aedes vexans, Culex territans, Culiseta annulata, Ochlerotatus sollicitans, Ochlerotatus taeniorhynchus, Psorophora ferox","7163, 42431, 332058, 310513, 329105, 7183",1,26,ECO:0000255,33,53,ECO:0000255,,,,,,,,,,,,,,,,,,,,,,,,,,,,,,
Q1A261,880,Q1A261,,Viruses,Simian immunodeficiency virus (isolate MB66),388911,Envelope glycoprotein gp160,Pan troglodytes,9598,1,35,ECO:0000255,702,722,ECO:0000255,,,,,,,,,,,,,,,,,,,,,,,,,,,,,,
Q2HRA1,194,Q2HRA1,,Viruses,Human herpesvirus 8 type P (isolate GK18),868565,Protein ORF31,Homo sapiens,9606,1,25,ECO:0000255,,,,,,,,,,,,,,,,,,,,,,,,,,,,,,,,,
Q3V4W1,111,Q3V4W1,,Viruses,Acidianus two-tailed virus,315953,Uncharacterized protein ORF111,Acidianus convivator,269667,1,18,ECO:0000255,,,,,,,,,,,,,,,,,,,,,,,,,,,,,,,,,
Q3ZK60,326,Q3ZK60,,Viruses,Rotavirus A (isolate RVA/Human/Belgium/B4106/2000/G3P11[14]),578843,Outer capsid glycoprotein VP7,Homo sapiens,9606,1,50,ECO:0000255,,,,,,,,,,,,,,,,,,,,,,,,,,,,,,,,,
Q4JR05,931,Q4JR05,"Q4JQU4, Q775J4",Viruses,Varicella-zoster virus (strain Oka vaccine),341980,Envelope glycoprotein B,Homo sapiens,9606,1,71,ECO:0000255,787,807,ECO:0000255,,,,,,,,,,,,,,,,,,,,,,,,,,,,,,
Q4R1S0,214,Q4R1S0,,Viruses,Hepatitis B virus genotype A3 (isolate Cameroon/CMR711/1994),489459,External core antigen,"Homo sapiens, Pan troglodytes","9606, 9598",1,19,ECO:0000255,,,,,,,,,,,,,,,,,,,,,,,,,,,,,,,,,
Q4R1S8,214,Q4R1S8,,Viruses,Hepatitis B virus genotype A3 (isolate Cameroon/CMR983/1994),489458,External core antigen,"Homo sapiens, Pan troglodytes","9606, 9598",1,19,ECO:0000255,,,,,,,,,,,,,,,,,,,,,,,,,,,,,,,,,
Q573C6,286,Q573C6,,Viruses,Acidianus filamentous virus 2 (isolate Italy/Pozzuoli),654910,Uncharacterized protein ORF286a,Acidianus sp. F28,315458,1,19,ECO:0000255,,,,,,,,,,,,,,,,,,,,,,,,,,,,,,,,,
Q5MAE6,248,Q5MAE6,,Viruses,Microplitis demolitor bracovirus (isolate Webb),654919,Putative BEN domain-containing protein B1,Microplitis demolitor,69319,1,22,ECO:0000255,,,,,,,,,,,,,,,,,,,,,,,,,,,,,,,,,
Q5SC53,538,Q5SC53,,Viruses,Mumps virus genotype N (strain L-Zagreb vaccine),301186,Fusion glycoprotein F0,Homo sapiens,9606,1,19,ECO:0000250,483,503,ECO:0000255,,,,,,,,,,,,,,,,,,,,,,,,,,,,,,
Q5UNX0,206,Q5UNX0,,Viruses,Acanthamoeba polyphaga mimivirus,212035,Uncharacterized protein L717,Acanthamoeba polyphaga,5757,1,18,ECO:0000255,,,,,,,,,,,,,,,,,,,,,,,,,,,,,,,,,
Q5UP33,297,Q5UP33,,Viruses,Acanthamoeba polyphaga mimivirus,212035,Uncharacterized protein R827,Acanthamoeba polyphaga,5757,1,23,ECO:0000255,,,,,,,,,,,,,,,,,,,,,,,,,,,,,,,,,
Q5UPE0,355,Q5UPE0,,Viruses,Acanthamoeba polyphaga mimivirus,212035,Uncharacterized protein L65,Acanthamoeba polyphaga,5757,1,21,ECO:0000255,332,352,ECO:0000255,,,,,,,,,,,,,,,,,,,,,,,,,,,,,,
Q5UPR5,203,Q5UPR5,,Viruses,Acanthamoeba polyphaga mimivirus,212035,Putative PAN domain-containing protein L775,Acanthamoeba polyphaga,5757,1,24,ECO:0000255,,,,,,,,,,,,,,,,,,,,,,,,,,,,,,,,,
Q5UQE3,255,Q5UQE3,,Viruses,Acanthamoeba polyphaga mimivirus,212035,Uncharacterized protein R473,Acanthamoeba polyphaga,5757,1,22,ECO:0000255,,,,,,,,,,,,,,,,,,,,,,,,,,,,,,,,,
Q5UQF7,221,Q5UQF7,,Viruses,Acanthamoeba polyphaga mimivirus,212035,Uncharacterized protein R489,Acanthamoeba polyphaga,5757,1,30,ECO:0000255,,,,,,,,,,,,,,,,,,,,,,,,,,,,,,,,,
Q5UQG0,223,Q5UQG0,,Viruses,Acanthamoeba polyphaga mimivirus,212035,Putative PAN domain-containing protein R486,Acanthamoeba polyphaga,5757,1,23,ECO:0000255,,,,,,,,,,,,,,,,,,,,,,,,,,,,,,,,,
Q5UQR6,197,Q5UQR6,,Viruses,Acanthamoeba polyphaga mimivirus,212035,Uncharacterized protein R325,Acanthamoeba polyphaga,5757,1,30,ECO:0000255,,,,,,,,,,,,,,,,,,,,,,,,,,,,,,,,,
Q5UQZ1,438,Q5UQZ1,,Viruses,Acanthamoeba polyphaga mimivirus,212035,Putative truncated GMC-type inactive oxidoreductase L894,Acanthamoeba polyphaga,5757,1,26,ECO:0000255,,,,,,,,,,,,,,,,,,,,,,,,,,,,,,,,,
Q5UR11,490,Q5UR11,,Viruses,Acanthamoeba polyphaga mimivirus,212035,Uncharacterized protein L142,Acanthamoeba polyphaga,5757,1,19,ECO:0000255,,,,,,,,,,,,,,,,,,,,,,,,,,,,,,,,,
Q5UR42,137,Q5UR42,,Viruses,Acanthamoeba polyphaga mimivirus,212035,Uncharacterized protein R564,Acanthamoeba polyphaga,5757,1,19,ECO:0000255,,,,,,,,,,,,,,,,,,,,,,,,,,,,,,,,,
Q5UR81,199,Q5UR81,,Viruses,Acanthamoeba polyphaga mimivirus,212035,Putative lectin L633,Acanthamoeba polyphaga,5757,1,25,ECO:0000255,,,,,,,,,,,,,,,,,,,,,,,,,,,,,,,,,
Q64747,104,Q64747,,Viruses,Fowl adenovirus A serotype 1 (strain CELO / Phelps),10553,Uncharacterized protein ORF3,Galliformes,8976,1,18,ECO:0000255,,,,,,,,,,,,,,,,,,,,,,,,,,,,,,,,,
Q64896,217,Q64896,,Viruses,Arctic squirrel hepatitis virus,41952,External core antigen,Urocitellus parryii kennicottii,259022,1,20,ECO:0000255,,,,,,,,,,,,,,,,,,,,,,,,,,,,,,,,,
Q65149,152,Q65149,,Viruses,African swine fever virus (strain Badajoz 1971 Vero-adapted),10498,Uncharacterized protein EP152R,"Ornithodoros, Sus scrofa","6937, 9823",1,23,ECO:0000255,,,,,,,,,,,,,,,,,,,,,,,,,,,,,,,,,
Q65250,226,Q65250,,Viruses,African swine fever virus (isolate Tick/Malawi/Lil 20-1/1983),10500,Late protein I226R,"Ornithodoros, Phacochoerus aethiopicus, Phacochoerus africanus, Potamochoerus larvatus, Sus scrofa","6937, 85517, 41426, 273792, 9823",1,16,ECO:0000255,,,,,,,,,,,,,,,,,,,,,,,,,,,,,,,,,
Q65527,332,Q65527,,Viruses,Rotavirus C (isolate RVC/Cow/Japan/Shintoku/1991/G2P[3]),33723,Outer capsid glycoprotein VP7,Bos taurus,9913,1,49,ECO:0000255,,,,,,,,,,,,,,,,,,,,,,,,,,,,,,,,,
Q65YU5,101,Q65YU5,,Viruses,Cryphonectria parasitica mycoreovirus 1 (strain 9B21),230407,Uncharacterized protein VP11,Cryphonectria parasitica,5116,1,23,ECO:0000255,38,58,ECO:0000255,,,,,,,,,,,,,,,,,,,,,,,,,,,,,,
Q66262,185,Q66262,,Viruses,Colorado tick fever virus (strain USA/Florio N-7180),648168,Uncharacterized protein VP12,"Callospermophilus lateralis, Dermacentor andersoni, Erethizon dorsatum, Homo sapiens, Neotoma cinerea, Peromyscus maniculatus","76772, 34620, 34844, 9606, 105147, 10042",1,24,ECO:0000255,50,70,ECO:0000255,,,,,,,,,,,,,,,,,,,,,,,,,,,,,,
Q66618,115,Q66618,,Viruses,Equine herpesvirus 2 (strain 86/87),82831,Protein E6A,Equus caballus,9796,1,25,ECO:0000255,,,,,,,,,,,,,,,,,,,,,,,,,,,,,,,,,
Q66653,223,Q66653,,Viruses,Equine herpesvirus 2 (strain 86/87),82831,Putative C-type lectin protein 51,Equus caballus,9796,1,31,ECO:0000255,,,,,,,,,,,,,,,,,,,,,,,,,,,,,,,,,
Q67387,648,Q67387,,Viruses,Influenza C virus (strain C/Nara/2/1985),127957,Hemagglutinin-esterase-fusion glycoprotein,"Homo sapiens, Sus scrofa","9606, 9823",1,7,ECO:0000250,624,644,ECO:0000255,,,,,,,,,,,,,,,,,,,,,,,,,,,,,,
Q67876,212,Q67876,,Viruses,Hepatitis B virus genotype D subtype ayw (isolate Italy/CI/1992),489489,External core antigen,"Homo sapiens, Pan troglodytes","9606, 9598",1,19,ECO:0000255,,,,,,,,,,,,,,,,,,,,,,,,,,,,,,,,,
Q69557,202,Q69557,Q69046,Viruses,Human herpesvirus 6A (strain Uganda-1102),10370,Glycoprotein U22,Homo sapiens,9606,1,20,ECO:0000255,172,192,ECO:0000255,,,,,,,,,,,,,,,,,,,,,,,,,,,,,,
Q69577,143,Q69577,Q69544,Viruses,Human herpesvirus 6A (strain Uganda-1102),10370,Protein RJ1,Homo sapiens,9606,1,26,ECO:0000255,,,,,,,,,,,,,,,,,,,,,,,,,,,,,,,,,
Q6GZT6,182,Q6GZT6,,Viruses,Frog virus 3 (isolate Goorha),654924,Uncharacterized protein 040R,"Dryophytes versicolor, Lithobates pipiens, Lithobates sylvaticus, Notophthalmus viridescens","30343, 8404, 45438, 8316",1,26,ECO:0000255,,,,,,,,,,,,,,,,,,,,,,,,,,,,,,,,,
Q6GZV1,365,Q6GZV1,,Viruses,Frog virus 3 (isolate Goorha),654924,Uncharacterized protein 024R,"Dryophytes versicolor, Lithobates pipiens, Lithobates sylvaticus, Notophthalmus viridescens","30343, 8404, 45438, 8316",1,21,ECO:0000255,,,,,,,,,,,,,,,,,,,,,,,,,,,,,,,,,
Q6GZV7,78,Q6GZV7,,Viruses,Frog virus 3 (isolate Goorha),654924,Uncharacterized protein 018L,"Dryophytes versicolor, Lithobates pipiens, Lithobates sylvaticus, Notophthalmus viridescens","30343, 8404, 45438, 8316",1,27,ECO:0000255,,,,,,,,,,,,,,,,,,,,,,,,,,,,,,,,,
Q6GZX2,438,Q6GZX2,,Viruses,Frog virus 3 (isolate Goorha),654924,Uncharacterized protein 3R,"Dryophytes versicolor, Lithobates pipiens, Lithobates sylvaticus, Notophthalmus viridescens","30343, 8404, 45438, 8316",1,32,ECO:0000255,,,,,,,,,,,,,,,,,,,,,,,,,,,,,,,,,
Q6L5Y4,326,Q6L5Y4,,Viruses,Rotavirus A (strain RVA/Human/United States/M/1976/G3P[X]),578834,Outer capsid glycoprotein VP7,Homo sapiens,9606,1,50,ECO:0000255,,,,,,,,,,,,,,,,,,,,,,,,,,,,,,,,,
Q6R7E6,368,Q6R7E6,,Viruses,Ostreid herpesvirus 1 (isolate France),654903,Uncharacterized protein ORF83,"Magallana gigas, Pecten maximus","29159, 6579",1,19,ECO:0000255,,,,,,,,,,,,,,,,,,,,,,,,,,,,,,,,,
Q6S6T9,980,Q6S6T9,,Viruses,Equine herpesvirus 1 (strain V592),310273,Envelope glycoprotein B,Equus caballus,9796,1,86,ECO:0000255,850,870,ECO:0000255,,,,,,,,,,,,,,,,,,,,,,,,,,,,,,
Q6SW92,221,Q6SW92,D2K3K7,Viruses,Human cytomegalovirus (strain Merlin),295027,Protein UL40,Homo sapiens,9606,1,35,ECO:0000255,,,,,,,,,,,,,,,,,,,,,,,,,,,,,,,,,
Q6SW94,488,Q6SW94,D2K3K5,Viruses,Human cytomegalovirus (strain Merlin),295027,UL37 immediate early glycoprotein,Homo sapiens,9606,1,22,ECO:0000255,439,459,ECO:0000255,,,,,,,,,,,,,,,,,,,,,,,,,,,,,,
Q6SWA0,595,Q6SWA0,D2K3J9,Viruses,Human cytomegalovirus (strain Merlin),295027,Protein UL31,Homo sapiens,9606,1,40,ECO:0000255,,,,,,,,,,,,,,,,,,,,,,,,,,,,,,,,,
Q6SWM9,308,Q6SWM9,,Viruses,Human cytomegalovirus (strain Towne),10363,Protein UL135,Homo sapiens,9606,1,22,ECO:0000255,,,,,,,,,,,,,,,,,,,,,,,,,,,,,,,,,
Q6UDM3,358,Q6UDM3,,Viruses,Psittacid herpesvirus 1 (isolate Amazon parrot/-/97-0001/1997),670426,Envelope glycoprotein K,Amazona oratrix,152276,1,33,ECO:0000255,142,162,ECO:0000255,236,256,ECO:0000255,274,294,ECO:0000255,324,344,ECO:0000255,,,,,,,,,,,,,,,,,,,,,
Q74126,857,Q74126,,Viruses,Human immunodeficiency virus type 2 subtype A (isolate KR),73484,Envelope glycoprotein gp160,Homo sapiens,9606,1,22,ECO:0000255,672,692,ECO:0000255,,,,,,,,,,,,,,,,,,,,,,,,,,,,,,
Q75008,851,Q75008,,Viruses,Human immunodeficiency virus type 1 group M subtype C (isolate ETH2220),388796,Envelope glycoprotein gp160,Homo sapiens,9606,1,31,ECO:0000255,673,693,ECO:0000255,,,,,,,,,,,,,,,,,,,,,,,,,,,,,,
Q76WK3,326,Q76WK3,"Q2MH33, Q2MH34",Viruses,Rotavirus A (strain RVA/Human/Japan/KU/1995/G1P1A[8]),10952,Outer capsid glycoprotein VP7,Homo sapiens,9606,1,50,ECO:0000255,,,,,,,,,,,,,,,,,,,,,,,,,,,,,,,,,
Q77CE4,96,Q77CE4,,Viruses,Bovine herpesvirus 1.1 (strain Cooper),10323,Envelope glycoprotein N,Bos taurus,9913,1,21,ECO:0000255,55,75,ECO:0000255,,,,,,,,,,,,,,,,,,,,,,,,,,,,,,
Q77MR4,95,Q77MR4,,Viruses,Gallid herpesvirus 2 (strain Chicken/Md5/ATCC VR-987),10389,Envelope glycoprotein N,Gallus gallus,9031,1,26,ECO:0000255,56,76,ECO:0000255,,,,,,,,,,,,,,,,,,,,,,,,,,,,,,
Q77MS9,756,Q77MS9,,Viruses,Gallid herpesvirus 2 (strain Chicken/Md5/ATCC VR-987),10389,Virulence factor MDV010,Gallus gallus,9031,1,30,ECO:0000255,,,,,,,,,,,,,,,,,,,,,,,,,,,,,,,,,
Q77MT6,219,Q77MT6,,Viruses,Gallid herpesvirus 2 (strain Chicken/Md5/ATCC VR-987),10389,Uncharacterized gene 1 protein,Gallus gallus,9031,1,26,ECO:0000255,,,,,,,,,,,,,,,,,,,,,,,,,,,,,,,,,
Q7T6S7,101,Q7T6S7,,Viruses,Canine coronavirus (strain BGF10),441619,Non-structural protein 7a,Canis lupus familiaris,9615,1,23,ECO:0000255,81,101,ECO:0000255,,,,,,,,,,,,,,,,,,,,,,,,,,,,,,
Q7TLR9,833,Q7TLR9,,Viruses,Choristoneura fumiferana nuclear polyhedrosis virus,208973,Capsid-associated protein Vp91,Choristoneura fumiferana,7141,1,18,ECO:0000255,,,,,,,,,,,,,,,,,,,,,,,,,,,,,,,,,
Q80IG9,329,Q80IG9,,Viruses,Rotavirus A (isolate RVA/Cow/Germany/993/1983/G18P[17]),45408,Outer capsid glycoprotein VP7,Bos taurus,9913,1,53,ECO:0000255,,,,,,,,,,,,,,,,,,,,,,,,,,,,,,,,,
Q81105,214,Q81105,,Viruses,Hepatitis B virus genotype A1 subtype adw (isolate Philippines/pFDW294/1988),31514,External core antigen,"Homo sapiens, Pan troglodytes","9606, 9598",1,19,ECO:0000255,,,,,,,,,,,,,,,,,,,,,,,,,,,,,,,,,
Q83441,326,Q83441,,Viruses,Rotavirus A (isolate RVA/Mouse/United States/Eb/1982/G16P10[16]),578842,Outer capsid glycoprotein VP7,Mus musculus musculus,39442,1,50,ECO:0000255,,,,,,,,,,,,,,,,,,,,,,,,,,,,,,,,,
Q83446,326,Q83446,,Viruses,Rotavirus A (isolate RVA/Mouse/Brazil/EHP/1981/G16P[20]),578840,Outer capsid glycoprotein VP7,Mus musculus musculus,39442,1,50,ECO:0000255,,,,,,,,,,,,,,,,,,,,,,,,,,,,,,,,,
Q85031,326,Q85031,,Viruses,Rotavirus A (isolate RVA/Pig/Venezuela/A46/1985/G5P13[13]),578841,Outer capsid glycoprotein VP7,Sus scrofa,9823,1,50,ECO:0000255,,,,,,,,,,,,,,,,,,,,,,,,,,,,,,,,,
Q85230,312,Q85230,,Viruses,Suid herpesvirus 1 (strain Kaplan),33703,Envelope glycoprotein K,Sus scrofa,9823,1,20,ECO:0000255,92,112,ECO:0000255,188,208,ECO:0000255,228,248,ECO:0000255,281,301,ECO:0000255,,,,,,,,,,,,,,,,,,,,,
Q85320,108,Q85320,,Viruses,Vaccinia virus (strain Western Reserve),10254,Virion membrane protein OPG135,Bos taurus,9913,1,22,ECO:0000255,46,66,ECO:0000255,,,,,,,,,,,,,,,,,,,,,,,,,,,,,,
Q85646,688,Q85646,Q9IZT0,Viruses,Mouse mammary tumor virus (strain C3H),11759,Envelope glycoprotein gp70,Mus musculus,10090,1,98,ECO:0000269,625,645,ECO:0000255,,,,,,,,,,,,,,,,,,,,,,,,,,,,,,
Q86207,326,Q86207,,Viruses,Rotavirus A (strain RVA/Human/Japan/K8/1977/G1P3A[9]),39012,Outer capsid glycoprotein VP7,Homo sapiens,9606,1,50,ECO:0000255,,,,,,,,,,,,,,,,,,,,,,,,,,,,,,,,,
Q86515,326,Q86515,,Viruses,Rotavirus A (strain RVA/Cow/France/RF/1975/G6P6[1]),10933,Outer capsid glycoprotein VP7,Bos taurus,9913,1,50,ECO:0000255,,,,,,,,,,,,,,,,,,,,,,,,,,,,,,,,,
Q89501,402,Q89501,,Viruses,African swine fever virus (strain Badajoz 1971 Vero-adapted),10498,CD2 homolog,"Ornithodoros, Sus scrofa","6937, 9823",1,16,ECO:0000255,205,225,ECO:0000255,,,,,,,,,,,,,,,,,,,,,,,,,,,,,,
Q89607,852,Q89607,,Viruses,Human immunodeficiency virus type 2 subtype B (isolate EHO),388821,Envelope glycoprotein gp160,Homo sapiens,9606,1,24,ECO:0000255,678,698,ECO:0000255,,,,,,,,,,,,,,,,,,,,,,,,,,,,,,
Q89660,192,Q89660,,Viruses,Human herpesvirus 6A (strain Uganda-1102),10370,Uncharacterized protein DR3,Homo sapiens,9606,1,24,ECO:0000255,,,,,,,,,,,,,,,,,,,,,,,,,,,,,,,,,
Q89730,480,Q89730,O12512,Viruses,Human herpesvirus 2 (strain HG52),10315,Envelope glycoprotein C,Homo sapiens,9606,1,27,ECO:0000255,448,468,ECO:0000255,,,,,,,,,,,,,,,,,,,,,,,,,,,,,,
Q89860,305,Q89860,,Viruses,Duck hepatitis B virus (isolate Shanghai/DHBVQCA34),644639,External core antigen,Anas,8835,1,19,ECO:0000255,,,,,,,,,,,,,,,,,,,,,,,,,,,,,,,,,
Q89863,109,Q89863,Q76UF9,Viruses,Human herpesvirus 6A (strain Uganda-1102),10370,Uncharacterized protein U78,Homo sapiens,9606,1,28,ECO:0000255,,,,,,,,,,,,,,,,,,,,,,,,,,,,,,,,,
Q89865,332,Q89865,,Viruses,Rotavirus C (isolate RVC/Human/United Kingdom/Bristol/1989),31567,Outer capsid glycoprotein VP7,Homo sapiens,9606,1,49,ECO:0000255,,,,,,,,,,,,,,,,,,,,,,,,,,,,,,,,,
Q8AIH5,871,Q8AIH5,,Viruses,Simian immunodeficiency virus (isolate TAN1),388910,Envelope glycoprotein gp160,Pan troglodytes,9598,1,21,ECO:0000255,685,705,ECO:0000255,,,,,,,,,,,,,,,,,,,,,,,,,,,,,,
Q8JMZ4,212,Q8JMZ4,,Viruses,Hepatitis B virus genotype H subtype adw4 (isolate Nicaragua/2928Nic/1997),489541,External core antigen,"Homo sapiens, Pan troglodytes","9606, 9598",1,19,ECO:0000255,,,,,,,,,,,,,,,,,,,,,,,,,,,,,,,,,
Q8JNB3,326,Q8JNB3,,Viruses,Rotavirus A (strain RVA/Cow/United States/WC3/1981/G6P7[5]),578828,Outer capsid glycoprotein VP7,Bos taurus,9913,1,50,ECO:0000255,,,,,,,,,,,,,,,,,,,,,,,,,,,,,,,,,
Q8QL30,510,Q8QL30,Q5TJ94,Viruses,Sulfolobus islandicus rod-shaped virus 1,157898,Uncharacterized protein 510,Saccharolobus islandicus,43080,1,19,ECO:0000255,28,48,ECO:0000255,,,,,,,,,,,,,,,,,,,,,,,,,,,,,,
Q90023,187,Q90023,,Viruses,Paramecium bursaria Chlorella virus 1,10506,Superoxide dismutase [Cu-Zn],Chlorella,3071,1,21,ECO:0000255,,,,,,,,,,,,,,,,,,,,,,,,,,,,,,,,,
Q913A8,212,Q913A8,,Viruses,Hepatitis B virus genotype C subtype ayw (isolate China/Tibet127/2002),489469,External core antigen,"Homo sapiens, Pan troglodytes","9606, 9598",1,19,ECO:0000255,,,,,,,,,,,,,,,,,,,,,,,,,,,,,,,,,
Q914H6,591,Q914H6,,Viruses,Sulfolobus islandicus filamentous virus (isolate Iceland/Hveragerdi),654908,Uncharacterized protein 56,Saccharolobus islandicus,43080,1,24,ECO:0000255,,,,,,,,,,,,,,,,,,,,,,,,,,,,,,,,,
Q914J3,89,Q914J3,,Viruses,Sulfolobus islandicus filamentous virus (isolate Iceland/Hveragerdi),654908,Uncharacterized protein 37,Saccharolobus islandicus,43080,1,19,ECO:0000255,,,,,,,,,,,,,,,,,,,,,,,,,,,,,,,,,
Q91C37,214,Q91C37,,Viruses,Hepatitis B virus genotype A1 subtype adw2 (isolate South Africa/84/2001),489454,External core antigen,"Homo sapiens, Pan troglodytes","9606, 9598",1,19,ECO:0000255,,,,,,,,,,,,,,,,,,,,,,,,,,,,,,,,,
Q91F69,294,Q91F69,,Viruses,Invertebrate iridescent virus 6,176652,Uncharacterized protein 457L,"Acheta domesticus, Chilo suppressalis, Gryllus bimaculatus, Gryllus campestris, Spodoptera frugiperda","6997, 168631, 6999, 58607, 7108",1,16,ECO:0000255,,,,,,,,,,,,,,,,,,,,,,,,,,,,,,,,,
Q91FC5,43,Q91FC5,,Viruses,Invertebrate iridescent virus 6,176652,Uncharacterized protein 400R,"Acheta domesticus, Chilo suppressalis, Gryllus bimaculatus, Gryllus campestris, Spodoptera frugiperda","6997, 168631, 6999, 58607, 7108",1,16,ECO:0000255,,,,,,,,,,,,,,,,,,,,,,,,,,,,,,,,,
Q91FF6,93,Q91FF6,,Viruses,Invertebrate iridescent virus 6,176652,Uncharacterized protein 368R,"Acheta domesticus, Chilo suppressalis, Gryllus bimaculatus, Gryllus campestris, Spodoptera frugiperda","6997, 168631, 6999, 58607, 7108",1,22,ECO:0000255,,,,,,,,,,,,,,,,,,,,,,,,,,,,,,,,,
Q91FG7,164,Q91FG7,,Viruses,Invertebrate iridescent virus 6,176652,Uncharacterized protein 357R,"Acheta domesticus, Chilo suppressalis, Gryllus bimaculatus, Gryllus campestris, Spodoptera frugiperda","6997, 168631, 6999, 58607, 7108",1,18,ECO:0000255,,,,,,,,,,,,,,,,,,,,,,,,,,,,,,,,,
Q91FL2,92,Q91FL2,,Viruses,Invertebrate iridescent virus 6,176652,Uncharacterized protein 312R,"Acheta domesticus, Chilo suppressalis, Gryllus bimaculatus, Gryllus campestris, Spodoptera frugiperda","6997, 168631, 6999, 58607, 7108",1,23,ECO:0000255,,,,,,,,,,,,,,,,,,,,,,,,,,,,,,,,,
Q91FS3,54,Q91FS3,,Viruses,Invertebrate iridescent virus 6,176652,Uncharacterized protein 249R,"Acheta domesticus, Chilo suppressalis, Gryllus bimaculatus, Gryllus campestris, Spodoptera frugiperda","6997, 168631, 6999, 58607, 7108",1,23,ECO:0000255,,,,,,,,,,,,,,,,,,,,,,,,,,,,,,,,,
Q91FT7,265,Q91FT7,,Viruses,Invertebrate iridescent virus 6,176652,Putative methyltransferase 235L,"Acheta domesticus, Chilo suppressalis, Gryllus bimaculatus, Gryllus campestris, Spodoptera frugiperda","6997, 168631, 6999, 58607, 7108",1,17,ECO:0000255,,,,,,,,,,,,,,,,,,,,,,,,,,,,,,,,,
Q91FV5,160,Q91FV5,,Viruses,Invertebrate iridescent virus 6,176652,Uncharacterized protein 216R,"Acheta domesticus, Chilo suppressalis, Gryllus bimaculatus, Gryllus campestris, Spodoptera frugiperda","6997, 168631, 6999, 58607, 7108",1,25,ECO:0000255,,,,,,,,,,,,,,,,,,,,,,,,,,,,,,,,,
Q91GH8,826,Q91GH8,,Viruses,Epiphyas postvittana nucleopolyhedrovirus,70600,Capsid-associated protein Vp91,Lepidoptera,7088,1,18,ECO:0000255,,,,,,,,,,,,,,,,,,,,,,,,,,,,,,,,,
Q96643,326,Q96643,,Viruses,Rotavirus A (isolate RVA/Cow/United States/VMRI/1988/G6P[5]),10935,Outer capsid glycoprotein VP7,Bos taurus,9913,1,50,ECO:0000255,,,,,,,,,,,,,,,,,,,,,,,,,,,,,,,,,
Q98031,326,Q98031,,Viruses,Rotavirus A (strain RVA/Human/Japan/KUN/1980/G2P1B[4]),578829,Outer capsid glycoprotein VP7,Homo sapiens,9606,1,50,ECO:0000255,,,,,,,,,,,,,,,,,,,,,,,,,,,,,,,,,
Q9DHD5,838,Q9DHD5,,Viruses,Human herpesvirus 1 (strain F),10304,Envelope glycoprotein H,Homo sapiens,9606,1,18,ECO:0000255,804,824,ECO:0000255,,,,,,,,,,,,,,,,,,,,,,,,,,,,,,
Q9E6L5,355,Q9E6L5,,Viruses,Gallid herpesvirus 2 (strain Chicken/Md5/ATCC VR-987),10389,Envelope glycoprotein I,Gallus gallus,9031,1,18,ECO:0000255,269,289,ECO:0000255,,,,,,,,,,,,,,,,,,,,,,,,,,,,,,
Q9E6M3,354,Q9E6M3,,Viruses,Gallid herpesvirus 2 (strain Chicken/Md5/ATCC VR-987),10389,Envelope glycoprotein K,Gallus gallus,9031,1,31,ECO:0000255,119,141,ECO:0000255,172,194,ECO:0000255,206,226,ECO:0000255,253,273,ECO:0000255,316,336,ECO:0000255,,,,,,,,,,,,,,,,,,
Q9E6P6,813,Q9E6P6,,Viruses,Gallid herpesvirus 2 (strain Chicken/Md5/ATCC VR-987),10389,Envelope glycoprotein H,Gallus gallus,9031,1,18,ECO:0000255,770,790,ECO:0000255,,,,,,,,,,,,,,,,,,,,,,,,,,,,,,
Q9E779,326,Q9E779,,Viruses,Rotavirus A (isolate RVA/Cow/India/Hg18/2000/G15P[21]),141270,Outer capsid glycoprotein VP7,Bos taurus,9913,1,50,ECO:0000255,,,,,,,,,,,,,,,,,,,,,,,,,,,,,,,,,
Q9IKB5,1135,Q9IKB5,,Viruses,Tomato spotted wilt virus (strain Regular2A),267287,Envelopment polyprotein,"Frankliniella occidentalis, Scirtothrips dorsalis, Solanum lycopersicum, Thrips tabaci","133901, 163899, 4081, 161014",1,35,ECO:0000255,315,366,"ECO:0000250, ECO:0000255",1068,1088,ECO:0000255,,,,,,,,,,,,,,,,,,,,,,,,,,,
Q9IKB7,1135,Q9IKB7,,Viruses,Tomato spotted wilt virus (isolate D),267288,Envelopment polyprotein,"Frankliniella occidentalis, Scirtothrips dorsalis, Solanum lycopersicum, Thrips tabaci","133901, 163899, 4081, 161014",1,35,ECO:0000255,315,366,ECO:0000250,1068,1088,ECO:0000255,,,,,,,,,,,,,,,,,,,,,,,,,,,
Q9IPD4,326,Q9IPD4,,Viruses,Rotavirus A (isolate RVA/Equine/Japan/HO-5/1980/G3P[X]),148357,Outer capsid glycoprotein VP7,Equus caballus,9796,1,50,ECO:0000255,,,,,,,,,,,,,,,,,,,,,,,,,,,,,,,,,
Q9J3M8,623,Q9J3M8,,Viruses,Varicella-zoster virus (strain Oka vaccine),341980,Envelope glycoprotein E,Homo sapiens,9606,1,30,ECO:0000255,539,559,ECO:0000255,,,,,,,,,,,,,,,,,,,,,,,,,,,,,,
Q9J524,125,Q9J524,,Viruses,Fowlpox virus (strain NVSL),928301,Probable growth factor FPV211,Vertebrata,7742,1,48,ECO:0000255,,,,,,,,,,,,,,,,,,,,,,,,,,,,,,,,,
Q9J560,76,Q9J560,,Viruses,Fowlpox virus (strain NVSL),928301,Protein A9 homolog,Vertebrata,7742,1,21,ECO:0000255,46,66,ECO:0000255,,,,,,,,,,,,,,,,,,,,,,,,,,,,,,
Q9PX32,200,Q9PX32,,Viruses,Human herpesvirus 6B (strain Z29),36351,Uncharacterized protein DR3,Homo sapiens,9606,1,24,ECO:0000255,,,,,,,,,,,,,,,,,,,,,,,,,,,,,,,,,
Q9Q714,859,Q9Q714,,Viruses,Human immunodeficiency virus type 1 group M subtype H (isolate VI991),388888,Envelope glycoprotein gp160,Homo sapiens,9606,1,28,ECO:0000255,688,708,ECO:0000255,,,,,,,,,,,,,,,,,,,,,,,,,,,,,,
Q9QJ10,106,Q9QJ10,,Viruses,Human herpesvirus 6B (strain Z29),36351,Protein B9,Homo sapiens,9606,1,18,ECO:0000255,,,,,,,,,,,,,,,,,,,,,,,,,,,,,,,,,
Q9QJ29,459,Q9QJ29,,Viruses,Human herpesvirus 6B (strain Z29),36351,Protein U54,Homo sapiens,9606,1,20,ECO:0000255,,,,,,,,,,,,,,,,,,,,,,,,,,,,,,,,,
Q9QJ43,299,Q9QJ43,,Viruses,Human herpesvirus 6B (strain Z29),36351,Protein U23,Homo sapiens,9606,1,27,ECO:0000255,247,267,ECO:0000255,,,,,,,,,,,,,,,,,,,,,,,,,,,,,,
Q9QJ57,363,Q9QJ57,,Viruses,Human herpesvirus 6B (strain Z29),36351,Protein U2,Homo sapiens,9606,1,18,ECO:0000255,,,,,,,,,,,,,,,,,,,,,,,,,,,,,,,,,
Q9QR69,489,Q9QR69,,Viruses,Human herpesvirus 8 type P (isolate GK18),868565,Protein K15,Homo sapiens,9606,1,26,ECO:0000255,29,49,ECO:0000255,63,83,ECO:0000255,89,109,ECO:0000255,121,141,ECO:0000255,148,168,ECO:0000255,175,195,ECO:0000255,200,220,ECO:0000255,237,257,ECO:0000255,264,284,ECO:0000255,296,316,ECO:0000255,324,344,ECO:0000255
Q9WJE9,212,Q9WJE9,,Viruses,Gorilla hepatitis B virus (isolate Cameroon/gor97),489546,External core antigen,Gorilla gorilla,9593,1,19,ECO:0000255,,,,,,,,,,,,,,,,,,,,,,,,,,,,,,,,,
Q9WMB7,212,Q9WMB7,,Viruses,Hepatitis B virus genotype C subtype ar (isolate Japan/S-207/1988),489467,External core antigen,"Homo sapiens, Pan troglodytes","9606, 9598",1,19,ECO:0000255,,,,,,,,,,,,,,,,,,,,,,,,,,,,,,,,,
Q9WRL5,944,Q9WRL5,,Viruses,Tupaiid herpesvirus (strain 2),132678,Envelope glycoprotein B,Tupaia belangeri,37347,1,55,ECO:0000255,786,806,ECO:0000255,,,,,,,,,,,,,,,,,,,,,,,,,,,,,,
