Entry,Entry Name
A0A024B7W1,POLG_ZIKVF
A0A075QAW4,A0A075QAW4_HE71
A0A0E3SXU7,A0A0E3SXU7_HE71
A0A0K0QSS3,A0A0K0QSS3_FMDVO
A0A0U3FSM8,A0A0U3FSM8_ZIKV
A0A0U4DG08,A0A0U4DG08_ZIKV
A0A0U5KFN5,A0A0U5KFN5_CHIKV
A0A0X8GJ44,A0A0X8GJ44_ZIKV
A0A0X9QZM7,A0A0X9QZM7_ZIKV
A0A109PRQ3,A0A109PRQ3_ZIKV
A0A140DLX4,A0A140DLX4_ZIKV
A0A142DS37,A0A142DS37_ZIKV
A0A142I5B9,POLG_ZIKVK
A0A142IX72,A0A142IX72_ZIKV
A0A146CJG7,A0A146CJG7_ZIKV
A0A146CJH9,A0A146CJH9_ZIKV
A0A167V0D5,A0A167V0D5_ZIKV
A0A173AEF6,A0A173AEF6_ZIKV
A0A192GPS0,A0A192GPS0_ZIKV
A0A1B0XTC8,A0A1B0XTC8_ZIKV
A0A1B3ZSF4,A0A1B3ZSF4_ZIKV
A0A1S6LXE0,A0A1S6LXE0_ZIKV
A0A1V0E2H9,A0A1V0E2H9_ZIKV
A0A1V1FWA8,A0A1V1FWA8_FMDVO
A0A2L1GIK5,A0A2L1GIK5_HE71
A0A2Z2ESG6,A0A2Z2ESG6_ZIKV
A0A6C1F1G5,A0A6C1F1G5_SARS2
A0A8B6R9L9,A0A8B6R9L9_SARS2
A0A8B6RLU5,A0A8B6RLU5_SARS2
A0A8B6RWT5,A0A8B6RWT5_SARS2
A0MD28,RPOA_PRRSS
A1Z651,POL_XMRV6
A2T3T2,VP4_ROTSH
A5HC98,L_BUNLC
A6MH22,A6MH22_CHIKV
A6YQT5,RPOA_PRRSV
A7TZT4,A7TZT4_WNV
A8JKF9,A8JKF9_HE71
A9X4C2,A9X4C2_HE71
A9XG43,A9XG43_HE71
B2ZUN0,B2ZUN0_HE71
B6F2F5,B6F2F5_HE71
B9VUU3,POLG_HE71
C0JJA4,L_MUMPJ
C0MHL9,POLG_SAFV
C6KEF6,POLG_HKV1
C7BG48,CAPSD_HASVA
D3K0N8,D3K0N8_HE71
D3K5I7,NCAP_RVFV
D7RF80,POLG_KFDV
E0WWC7,E0WWC7_HE71
E1ANT8,E1ANT8_SIV
E3TMG8,E3TMG8_SAFV
E4W502,E4W502_FMDVO
E5D8F2,POLG_HRV15
E5RPG0,E5RPG0_HE71
E5RPG2,E5RPG2_HE71
E5RPG3,E5RPG3_HE71
E5RVX9,E5RVX9_HV1
E9RGA0,E9RGA0_HE71
F6KTB0,F6KTB0_HE71
G1CRV4,POLG_TMUV
G3M8F4,POLN_RUBV
G8JKC1,G8JKC1_FMDVO
G9I191,G9I191_HE71
H8XX12,H8XX12_ZIKV
I3UIB4,I3UIB4_HE71
J3TRD1,L_HTRV
K9N638,R1A_MERS1
K9N7C7,R1AB_MERS1
M4QLY4,M4QLY4_HE71
M9XM90,M9XM90_HE71
O12158,POL_HV192
O12792,CAPSD_HASV1
O39928,POLG_HCVEV
O39929,POLG_HCVED
O40955,POLN_RUBVR
O41174,POLG_PEV9U
O56129,CAPSD_PCV2
O89290,POL_HV193
O90368,POLN_ONNVS
O91079,GAG_HV1YF
O91080,POL_HV1YF
O91464,POLG_AIVA8
O91734,POLG_EC01F
O91936,POLG_HCVSA
O92972,POLG_HCVJ4
P03087,VP1_SV40
P03089,VP1_POVJC
P03093,VP2_SV40
P03094,VP2_POVBK
P03096,VP2_POVMA
P03107,VL2_HPV16
P03146,CAPSD_HBVD3
P03148,CAPSD_HBVA3
P03186,LTP_EBVB9
P03234,SCAF_EBVB9
P03252,PRO_ADE02
P03274,CAP6_ADE02
P03300,POLG_POL1M
P03301,POLG_POL1S
P03302,POLG_POL3L
P03303,POLG_HRV14
P03304,POLG_EMCV
P03305,POLG_FMDVO
P03306,POLG_FMDV1
P03307,POLG_FMDV5
P03308,POLG_FMDVA
P03309,POLG_FMDVC
P03311,POLG_FMDVS
P03313,POLG_CXB3N
P03314,POLG_YEFV1
P03315,POLS_SFV
P03316,POLS_SINDV
P03317,POLN_SINDV
P03332,GAG_MLVMS
P03336,GAG_MLVAV
P03345,GAG_HTL1A
P03346,GAG_HTLV2
P03347,GAG_HV1B1
P03348,GAG_HV1BR
P03349,GAG_HV1A2
P03353,PRO_HTLV2
P03355,POL_MLVMS
P03362,POL_HTL1A
P03363,POL_HTLV2
P03364,POL_SMRVH
P03365,POL_MMTVB
P03366,POL_HV1B1
P03367,POL_HV1BR
P03369,POL_HV1A2
P03370,POL_VILV
P03418,NCAP_HRSVA
P03430,RDRP_I33A0
P03431,RDRP_I34A1
P03466,NCAP_I34A1
P03521,NCAP_VSIVA
P03523,L_VSIVA
P03527,SIGM3_REOVD
P03528,SIGM1_REOVD
P04022,GAG_SRV1
P04509,VP6_ROTRF
P04584,POL_HV2RO
P04585,POL_HV1H2
P04587,POL_HV1B5
P04588,POL_HV1MA
P04590,GAG_HV2RO
P04591,GAG_HV1H2
P04851,NCAP_MEASE
P04936,POLG_HRV2
P05133,NCAP_HANTV
P05674,POLS_EEVV8
P05769,POLG_MVEV5
P05888,GAG_HV1MN
P05889,GAG_HV1W2
P05893,GAG_SIVM2
P05896,POL_SIVM1
P05897,POL_SIVM2
P05959,POL_HV1RH
P05961,POL_HV1MN
P06159,NCAP_PI3H4
P06210,POLG_POL2L
P06447,L_SENDZ
P06935,POLG_WNV
P07210,POLG_HRV8A
P07564,POLG_DEN2J
P07566,POLS_RUBVT
P07567,GAG_MPMV
P07570,PRO_MPMV
P07572,POL_MPMV
P07720,POLG_TBEVS
P07939,SIGM3_REOVL
P08291,POLG_CXB1J
P08292,POLG_CXB4J
P08411,POLN_SFV
P08491,POLS_RRVT
P08544,POLG_TMEVB
P08545,POLG_TMEVG
P08563,POLS_RUBVM
P08617,POLG_HAVHM
P08768,POLS_EEEV
P09592,POLS_EEVVT
P09732,POLG_STEVM
P09866,POLG_DEN4D
P09992,NCAP_LYCVA
P0C210,PRO_HTL1L
P0C211,POL_HTL1L
P0C6F2,POL_HV1LW
P0C6F3,R1A_BEV
P0C6T4,R1A_BCHK4
P0C6U2,R1A_CVH22
P0C6U3,R1A_CVHN1
P0C6U6,R1A_CVHNL
P0C6U7,R1A_CVHOC
P0C6U8,R1A_SARS
P0C6V0,R1A_CVMA5
P0C6V1,R1A_CVMJH
P0C6V2,R1A_CVPPU
P0C6V6,R1A_PEDV7
P0C6V7,R1AB_BEV
P0C6W3,R1AB_BCHK4
P0C6W5,R1AB_BCHK9
P0C6X1,R1AB_CVH22
P0C6X5,R1AB_CVHNL
P0C6X6,R1AB_CVHOC
P0C6X7,R1AB_SARS
P0C6X9,R1AB_CVMA5
P0C6Y0,R1AB_CVMJH
P0C6Y4,R1AB_PEDV7
P0C6Y5,R1AB_CVPPU
P0C797,NCAP_BDVV
P0DJY0,1ATF_PRRSS
P0DJZ6,POLSF_SFV
P0DOH8,POLS_JAEVJ
P0DOI1,PRO_BLVAU
P0DOK0,POLSF_SINDV
P0DOK1,POLSF_CHIKS
P0DTC1,R1A_SARS2
P0DTD1,R1AB_SARS2
P0DW82,NCAP_SFTSV
P0DXN6,NCAP_MEASF
P10210,SCAF_HHV11
P10220,LTP_HHV11
P10258,GAG_MMTVB
P10271,PRO_MMTVB
P10274,PRO_HTL1A
P11077,MU1_REOVL
P11078,MU1_REOVD
P11079,LMBD2_REOVD
P11193,VP4_ROTHW
P11204,POL_EIAV9
P11269,GAG_MLVRD
P11283,POL_MMTVC
P11284,GAG_MMTVC
P12296,POLG_ENMGO
P12473,VP4_ROTRH
P12493,GAG_HV1N5
P12495,GAG_HV1Z2
P12497,POL_HV1N5
P12499,POL_HV1Z2
P12576,L_MEASE
P12823,POLG_DEN2P
P12908,VP2_POVMC
P12915,POLG_BOVEV
P12916,POLG_HRV1B
P13699,NCAP_LASSJ
P13888,POLN_RRVT
P13897,POLS_WEEV
P13899,POLG_TMEVD
P13900,POLG_SVDVU
P13901,POLG_HAVMB
P14077,GAG_HTL1M
P14078,POL_HTL1C
P14240,L_LYCVA
P14335,POLG_KUNJM
P14336,POLG_TBEVW
P14337,POLG_DEN28
P14340,POLG_DEN2N
P14349,GAG_FOAMV
P14350,POL_FOAMV
P14403,POLG_JAEVN
P15024,CAPSD_REOVD
P15072,POLG_FMDVT
P16046,SCAF_SCMVC
P16088,POL_FIVPE
P16289,L_RABVS
P16753,SCAF_HCMVA
P17455,CAPSD_PAVCD
P17763,POLG_DEN1W
P18041,GAG_HV2G1
P18042,POL_HV2G1
P18095,GAG_HV2BE
P18272,NCAP_EBOZM
P19505,POL_SIVSP
P19558,GAG_BIV29
P19560,POL_BIV29
P19711,POLG_BVDVN
P19811,RPOA_EAVBU
P20470,L_BUNYW
P20875,POL_HV1JR
P21404,POLG_CXA9
P21407,PRO_SMRVH
P21530,POLG_CSFVB
P21603,RP30_VACCW
P22055,POLG_CXA21
P22056,POLS_ONNVG
P22338,POLG_LIV
P22677,NCAP_BRSVA
P23008,POLG_HRV1A
P23074,POL_SFV1
P23456,L_HANTV
P24736,GAG_HV1U4
P24740,POL_HV1U4
P24936,CAP8_ADE05
P24937,CAP6_ADE05
P25058,GAG_BLVAU
P25059,POL_BLVAU
P26660,POLG_HCVJ6
P26661,POLG_HCVJ8
P26662,POLG_HCVJA
P26663,POLG_HCVBK
P26664,POLG_HCV1
P26806,GAG_MLVFF
P27282,POLN_EEVVT
P27284,POLS_EEEV3
P27285,POLS_SINDO
P27316,L_RVFVZ
P27395,POLG_JAEV1
P27408,POLG_FCVF4
P27409,POLG_FCVF9
P27410,POLG_RHDVF
P27411,POLG_RHDV3
P27909,POLG_DEN1B
P27914,POLG_DEN2T
P27915,POLG_DEN3P
P27958,POLG_HCV77
P28887,L_HRSVA
P29324,POLN_HEVBU
P29813,POLG_EC11G
P29837,POLG_LANVT
P29838,POLG_LANVY
P29846,POLG_HCVTW
P29990,POLG_DEN26
P29991,POLG_DEN27
P30929,L_MUMPM
P31352,L_MABVM
P31622,GAG_JSRV
P32537,POLG_HE701
P32542,POL_EIAVC
P32886,POLG_JAEVJ
P33424,POLN_HEVPA
P33478,POLG_DEN1S
P35956,POL_VILVK
P35962,GAG_HV1Y2
P35963,POL_HV1Y2
P36328,POLN_EEVVP
P36762,VL2_HPV49
P37800,L_TOSV
P49303,POLG_FMDVZ
P52639,L_BDVV
P54634,POLG_LORDV
P69706,CAPSD_HBVC3
P89522,NCAP_CCHFI
P89946,POLS_BFV
Q01299,POLG_TBEVH
Q01403,POLG_HCVHK
Q01499,POLG_BVDVS
Q02843,GAG_SIVG1
Q03053,POLG_CXB5P
Q03463,POLG_HCVJ1
Q03556,CAP8_ADEB3
Q04538,POLG_POWVL
Q04544,POLG_SOUV3
Q04561,RPOA_PRRSL
Q04610,POLN_HEVMY
Q05318,L_EBOZM
Q06996,L_SENDF
Q07097,NCAP_SENDF
Q155Z9,POLG_SVV1
Q1HVC7,SCAF_EBVA8
Q1X881,POLG_YEFVN
Q2F7J3,POL_XMRV3
Q2HRB6,SCAF_HHV8P
Q2YHF0,POLG_DEN4T
Q306W6,POLN_EEEV1
Q306W8,POLN_EEEV8
Q32ZD4,POLG_ROCV
Q32ZD5,POLG_KOKV
Q32ZD7,POLG_ILHV
Q32ZE1,POLG_ZIKV
Q3I100,Q3I100_WNV
Q3YPH4,CAPSD_HBOC1
Q4QXJ7,POLS_EEEVF
Q4QXJ8,POLN_EEEVF
Q58HT7,POLG_DEN4P
Q5DW45,Q5DW45_HE71
Q5EG65,POLG_HCVGL
Q5SBG8,Q5SBG8_WNV
Q5UB51,POLG_DEN3I
Q5WPU5,POLG_USUV
Q5XX01,L_EBOSU
Q5XXP3,POLS_CHIK3
Q5XXP4,POLN_CHIK3
Q5Y388,POLS_GETV
Q5Y389,POLN_GETV
Q65900,POLG_CX16G
Q66282,POLG_CXB3W
Q66431,L_DUGBA
Q66474,POLG_EC06C
Q66478,POLG_HE71B
Q66479,POLG_HE71M
Q66575,POLG_EC12T
Q66578,POLG_HPE1H
Q66765,POLG_EMCVR
Q66914,POLG_FCVUR
Q673V0,Q673V0_HV1
Q69014,POLG_SVM93
Q69422,POLG_GBVB
Q6DV88,POLG_YEFVA
Q6PMW3,Q6PMW3_FMDVO
Q6TQR6,L_CCHFI
Q6WB93,L_HMPVC
Q6XDK8,POLG_SVM10
Q6YMS4,POLG_DEN3S
Q6ZZ87,Q6ZZ87_FMDVO
Q70622,GAG_HV1LW
Q70XD7,Q70XD7_HV1
Q72498,Q72498_HV1
Q75002,POL_HV1ET
Q76353,Q76353_HV1
Q76R61,CAPSD_HBVCJ
Q77M43,NCAP_MEASM
Q79665,GAG_HV1MV
Q7T6D2,POLG_OHFV
Q7TD07,Q7TD07_FMDVO
Q80B22,Q80B22_FMDVO
Q81258,POLG_HCVNZ
Q81862,POLN_HEVCH
Q82081,POLG_HRV3
Q82122,POLG_HRV16
Q83017,RPOA_LDVP
Q83883,POLG_NVN68
Q83884,CAPSD_NVN68
Q86119,POLG_RHDVA
Q86500,POLN_RUBVM
Q86887,POLG_CXB4E
Q88434,L_PIV5
Q89273,POLG_RHDVB
Q89709,L_SINV
Q8B6J5,L_RABVH
Q8JUX5,POLS_CHIKS
Q8JUX6,POLN_CHIKS
Q8JV21,POLG_LJUV1
Q8QZ72,POLS_MAYAB
Q8QZ73,POLN_MAYAB
Q8UN00,Q8UN00_MLVMN
Q8UZC1,Q8UZC1_FMDVO
Q90VT5,Q90VT5_HV1
Q913V3,POLG_HCVR6
Q91B85,POLG_ALKV
Q96662,POLG_BVDVC
Q98776,L_VSIVM
Q98VG9,R1AB_FIPV
Q997F0,L_NIPAV
Q99IB8,POLG_HCVJF
Q9E005,L_ANDV
Q9IDV9,POL_HV1YB
Q9IFX1,CAPSD_HASV8
Q9IK92,NCAP_NIPAV
Q9IZT2,PRO_MMTVC
Q9PZT0,CAPSD_PAVHV
Q9Q2G4,Q9Q2G4_HV1
Q9Q6P4,POLG_WNV9
Q9QEJ5,POLG_PESV
Q9QF31,POLG_CX16T
Q9QL88,POLG_CXB6S
Q9WC28,POLN_HEVHY
Q9WC62,GAG_HV1S9
Q9WDA6,POLG_DEN2Q
Q9WIJ1,Q9WIJ1_EEVVT
Q9WJB2,RPOA_PRRSR
Q9WMB3,L_MEASC
Q9WMB5,NCAP_MEASC
Q9WMX2,POLG_HCVCO
Q9WN78,POLG_EC30B
Q9WPJ0,Q9WPJ0_HE71
Q9WQJ0,Q9WQJ0_HE71
Q9YLG5,POLG_CXB2O
Q9YN02,RPOA_PRRS1
Q9YRV3,POLG_YEFVT
Q9YV12,Q9YV12_HV1
Q9YV20,Q9YV20_HV1
S4VM80,S4VM80_HE71
S4YYB7,S4YYB7_USUV
S5ZCI0,S5ZCI0_HE71
U3M6R3,U3M6R3_CVHOC
U3M7V0,U3M7V0_CVHOC
U3N841,U3N841_CVHK1
A0A097F4L1,A0A097F4L1_LASV
A0A0H4CWF2,A0A0H4CWF2_CHIKV
A0A0M4LRT1,A0A0M4LRT1_JUNIN
A0A1B2G2S7,A0A1B2G2S7_HBV
A0A286S4J4,A0A286S4J4_CHIKV
A0A3S8NV63,A0A3S8NV63_LASV
A0A6B9KBE1,A0A6B9KBE1_CHIKV
A0A6M4EPN9,A0A6M4EPN9_SARS2
A0A7D7J7F9,A0A7D7J7F9_HBV
A0A7S7YHM2,A0A7S7YHM2_CHIKV
A0A7U3H5H9,A0A7U3H5H9_SARS2
A0A859GWA9,A0A859GWA9_SARS2
A0A8A4JNF6,A0A8A4JNF6_CHIKV
A0A8B1JK87,A0A8B1JK87_SARS2
A0A8B1JNT2,A0A8B1JNT2_SARS2
A0A8B1K137,A0A8B1K137_SARS2
A0A9W3HR60,CAP6_ADEB3
A4L7I5,A4L7I5_CHIKV
A8D6S6,A8D6S6_HBV
B2BN53,VP6_ROTRH
B9A5B9,B9A5B9_ADE08
B9A5F5,B9A5F5_ADE08
C1IWT2,CAPSD_HBOC3
C3RX20,C3RX20_ROTRH
C5IY46,CAPSD_HBOC4
C8YZ73,C8YZ73_CHIKV
D1GCB6,D1GCB6_CHIKV
D2KBQ2,D2KBQ2_CHIKV
D5LX59,LTP_HCMVT
D7R9A2,D7R9A2_CHIKV
E3TMG9,E3TMG9_SAFV
E5L2F2,E5L2F2_HE71
F2WR39,F2WR39_HV1
F2WR52,F2WR52_HV1
F5BXG7,F5BXG7_RHDV
G0YZG6,G0YZG6_ROTRH
H9XIJ3,H9XIJ3_I75A3
L7R8Z1,L7R8Z1_HBV
O40922,O40922_HHV8
O56860,GAG_FFV
O57187,RP30_VACCA
O57286,NCAP_SENDO
P03088,VP1_POVBK
P03101,VL1_HPV16
P03135,CAPSD_AAV2S
P03137,CAPSD_MUMIP
P03147,CAPSD_HBVD1
P03149,CAPSD_HBVA2
P03275,SPIKE_ADE02
P03276,CAPSP_ADE02
P03277,CAPSH_ADE02
P03278,CAPSH_ADEB3
P03279,CAP3_ADE02
P03282,CAP9_ADE02
P03334,GAG_MSVMO
P03344,GAG_BLVJ
P03352,GAG_VILV
P03432,RDRP_I68A6
P03467,NCAP_I68A6
P04133,CAPSH_ADE05
P04501,SPIKE_ADE03
P04506,SIGM1_REOVL
P04665,NCAP_INBLE
P04858,NCAP_SENDZ
P04864,CAPSD_FPV
P07299,CAPSD_PAVHU
P09286,SCAF_VZVD
P0C693,CAPSD_HBVA4
P0C6Y8,VP4_ROTP3
P0C6Y9,VP4_ROTS4
P0C796,NCAP_BDV1
P0CK31,RDRP_REOVD
P10050,NCAP_MEASH
P11114,VP4_ROTP5
P11196,VP4_ROTHD
P12397,MU1_REOVJ
P12537,CAP3_ADE05
P12538,CAPSP_ADE05
P12871,CAPSD_NODAM
P12901,CAPSD_HBVCP
P12926,PG083_VACCW
P12976,VP4_ROTS1
P13871,RDRP_INBAC
P14239,NCAP_JUNIN
P15682,NCAP_I33A0
P16139,CAP6_ADE41
P16285,NCAP_RABVS
P16495,NCAP_BUNYW
P16713,PG085_VACCW
P17391,CAPSD_HBVB1
P17462,VP2_ROTBU
P17463,VP4_ROTSF
P17881,NCAP_SEOUS
P18140,NCAP_TACVF
P18610,VP6_ROTBU
P20430,L_TACVF
P21082,RP30_VACCC
P21411,GAG_SMRVH
P21700,NCAP_RVFVZ
P21701,NCAP_TOSV
P24840,CAPSD_FPV19
P27313,NCAP_PUUMS
P27406,CAPSD_FCVF9
P27588,NCAP_MABVM
P32540,POLG_ENMG3
P35746,VP4_ROTBB
P35988,CAP6_ADE12
P69707,CAPSD_HBVB2
P69730,GAG_EIAV9
P69732,GAG_EIAVY
P89459,LTP_HHV2H
Q01641,VP4_ROTHJ
Q11213,CAPSD_PAVCB
Q1A241,Q1A241_SIV
Q1H8W5,Q1H8W5_CHIKV
Q2HR64,LTP_HHV8P
Q2VNC5,RDRP_I78A8
Q3HM40,RDRP_I18A0
Q3HNQ2,Q3HNQ2_RHDV
Q4JQX9,LTP_VZVO
Q5EP37,Q5EP37_I04A1
Q66915,CAPSD_FCVUR
Q67855,Q67855_HBV
Q69527,Q69527_HHV2
Q6GWS2,Q6GWS2_LASSJ
Q6IUF8,L_MACHU
Q6IVU0,Q6IVU0_MACHU
Q6IVU2,Q6IVU2_JUNIN
Q6Y630,Q6Y630_LASV
Q72497,Q72497_HV1
Q74084,Q74084_HV1
Q77YG1,Q77YG1_HV1
Q784Z8,Q784Z8_HBV
Q79791,Q79791_HV1N5
Q81102,CAPSD_HBVC1
Q82040,VP4_ROTHC
Q82446,CAPSD_HASV2
Q83417,SCAF_SUHVK
Q83453,CAP8_ADEP3
Q88628,Q88628_CHIKV
Q8BDE6,NCAP_LATVB
Q8JNB4,VP4_ROTW3
Q8JPY1,NCAP_EBORR
Q910D6,RDRP_I68A4
Q91PB2,NCAP_WWAVU
Q96802,VP4_ROTRF
Q9DGV7,Q9DGV7_HV1
Q9DQX7,Q9DQX7_LASV
Q9IMM4,RDRP_NODAM
Q9Q0V0,RDRP_I96A0
Q9QMH8,Q9QMH8_HBV
Q9WAB2,CAPSD_REOVL
Q9WLS3,RDRP_I97A1
R9YK28,R9YK28_HE71
T2CI25,T2CI25_HV1
W8R5E4,W8R5E4_EEEV
W8S146,W8S146_EEEV
A0A0B5CYZ3,A0A0B5CYZ3_RHDV
A0A0P0ALW1,A0A0P0ALW1_SINV
A0A1S7D8Z7,A0A1S7D8Z7_SIV
A0A3G1TVH2,A0A3G1TVH2_HEV
A0A3G2BZ29,A0A3G2BZ29_SINDV
A0A3G6VE58,A0A3G6VE58_HASV6
A0A5J6NBQ1,A0A5J6NBQ1_WEEV
A0A5P9VSM8,A0A5P9VSM8_HRSV
A1E8J1,A1E8J1_PRRSV
A2T3R5,VP2_ROTSH
A2T3S0,RDRP_ROTSH
A2T3T0,VP6_ROTSH
A5HBD5,VP1_POVWU
A7J3A1,VP6_ROTBN
A7KWZ1,A7KWZ1_BLV
A9Q1L0,VP4_ROTB2
A9XFC5,A9XFC5_HPV18
B2ZAB4,B2ZAB4_PRRSV
B6DRA0,B6DRA0_HV1
B6S6I4,B6S6I4_HV1
B6VGX5,B6VGX5_PRRSV
C0RVT5,C0RVT5_INBM2
C1JB69,C1JB69_HV1
C4B4T9,C4B4T9_HEV
C7EPF2,C7EPF2_WEEV
D2CSC7,D2CSC7_PRRSV
D5LWW7,NCAP_MUMPE
E3V2B6,E3V2B6_PRRSV
G4XX27,G4XX27_HEV
I6TAH8,I6TAH8_I68A0
J9XNG9,J9XNG9_PRRSV
L0PI28,L0PI28_BLV
L7R9I1,L7R9I1_HBV
O36430,RDRP_INBP9
O37061,RDRP_ROTSP
O40942,O40942_HHV8
O55611,NCAP_RABVN
O57204,RP147_VACCA
O57233,RP35_VACCA
O72120,CAPSD_CACV4
O72142,NCAP_EBOZ5
O89339,NCAP_HENDH
O92837,O92837_SV40
P03136,CAPSD_PAVHH
P03280,CAP8_ADE02
P03281,CAP9_ADE05
P03525,SIGM2_REOVD
P03541,NCAP_PIARV
P04010,VP1_POVLY
P04013,VL2_HPV11
P04310,RP18_VACCW
P04666,NCAP_INBSI
P04857,NCAP_SENDE
P04873,NCAP_BUNLC
P04881,NCAP_VSNJO
P06491,MCP_HHV11
P06793,VL2_HPV18
P07302,CAPSD_MUMIM
P07392,RP147_VACCW
P09276,TRX1_VZVD
P09279,SCP_VZVD
P0DOF3,NCAP_RABVE
P0DOI3,VP1_POVK6
P0DTP1,SCP_HHV6Z
P10201,CVC1_HHV11
P10209,CVC2_HHV11
P10219,SCP_HHV11
P11211,NCAP_CHAV
P11818,SPIKE_ADE05
P11820,CAPSH_ADE41
P11822,CAP8_ADE41
P12418,MU2_REOVD
P12472,VP2_ROTRF
P13884,NCAP_INBAC
P15141,SPIKE_ADE07
P16087,GAG_FIVPE
P16785,LTP_HCMVA
P17468,RDRP_ROTRF
P18259,VP7_BTV1S
P18546,CAPSD_PAVPN
P19239,NCAP_MOPEI
P21034,RP18_VACCC
P21737,NCAP_PI2HT
P22776,CAPSH_ASFB7
P24029,CAPSD_ADVG
P24757,RP35_VACCW
P26072,NCAP_I57A5
P26079,NCAP_I46A1
P26091,NCAP_I82A4
P26144,RDRP_I82A2
P26535,VL1_HPV58
P26589,NCAP_MPV15
P26590,NCAP_PI1HW
P27405,CAPSD_FCVF4
P28711,VP2_FCVF9
P32539,CAP9_ADE41
P32888,TRX1_HHV11
P35774,SPIKE_ADE1P
P35955,GAG_VILVK
P36285,CAPSD_SMSV4
P36310,CAPSD_PAVL3
P36711,SPIKE_ADE12
P36712,CAP3_ADE12
P36713,CAP8_ADE12
P36849,CAPSH_ADE03
P42486,RPB1_ASFB7
P42487,RPB2_ASFB7
P49302,VP1_POVMP
P68043,NCAP_I88A7
P68314,RP07_VACCA
P68315,RP07_VACCC
P68317,RP07_VACCW
P68609,RP22_VACCW
P68610,RP19_VACCC
P68611,RP19_VACCW
P68694,RP132_VACCC
P69296,NCAP_I89A4
P69361,VP7_BTV10
Q00270,CAPSD_HEVRH
Q00335,MU2_REOVL
Q00946,VPRT_ASFB7
Q03553,SPIKE_ADEB3
Q04916,VP4_ROTGA
Q07862,VL2_HPV04
Q07FI1,NCAP_I96A3
Q08041,NCAP_I72A4
Q08823,NCAP_PPRV
Q09159,NCAP_I77A5
Q1AHV0,Q1AHV0_HEV
Q1K9H2,Q1K9H2_I33A0
Q1W679,Q1W679_WEEV
Q1XE75,Q1XE75_SIV
Q2Y0H9,Q2Y0H9_ADE03
Q3S8C4,Q3S8C4_ADE06
Q4KRW9,NCAP_HRSV
Q5EP28,Q5EP28_I04A1
Q5QFI5,Q5QFI5_SIV
Q5QGH9,Q5QGH9_SIV
Q5SC49,NCAP_MUMPZ
Q5XX08,NCAP_EBOSU
Q64845,CAP9_ADEB3
Q67716,Q67716_ADE41
Q6QDR1,Q6QDR1_PRRSV
Q6UY69,NCAP_MABVO
Q76ZP7,RP132_VACCW
Q76ZQ8,RP19_VACCA
Q76ZS0,RP18_VACCA
Q778I9,Q778I9_HBV
Q77E03,NCAP_VSIVN
Q77IS8,NCAP_MUMPJ
Q81971,Q81971_HPV59
Q86218,VP2_ROTSR
Q88016,Q88016_SIV
Q88435,NCAP_PIV5
Q8JXF6,NCAP_RABVC
Q915A5,Q915A5_PIARV
Q91N61,VP6_ROTP5
Q91RA5,Q91RA5_REOVL
Q91RA6,LMBD2_REOVL
Q91UL1,Q91UL1_I000X
Q9IMP4,RDRP_INCJH
Q9Q0A3,Q9Q0A3_SIV
Q9Q0U8,NCAP_I96A0
Q9QAC5,Q9QAC5_HBV
Q9QP77,NCAP_EBOSB
Q9WLG4,Q9WLG4_I75A3
Q9YP46,Q9YP46_HV1
W0NX70,W0NX70_PRRSV
W5X1V8,W5X1V8_PASV1
A0A0X1KHD2,A0A0X1KHD2_HE71
A0A1C6ZW60,A0A1C6ZW60_FMDVO
A0A1C6ZW66,A0A1C6ZW66_FMDVO
A0A1P8DYS7,A0A1P8DYS7_FMDVO
A0A1U9ZLV0,A0A1U9ZLV0_HHV2
A0A247D727,A0A247D727_POVM1
A0A9W3HR47,A0A9W3HR47_ADEB3
A0F6C5,A0F6C5_HV1
A4GDF1,A4GDF1_VACCL
A7VLA4,A7VLA4_POVBK
A8T7C4,A8T7C4_HCMV
A9PKC6,A9PKC6_HV1
A9XR09,A9XR09_EEEV
B2ZG07,B2ZG07_PAVC
B3F2X2,B3F2X2_ROTRH
B3F2X3,B3F2X3_ROTRH
B8YLV8,B8YLV8_HE71
B8YLV9,B8YLV9_HE71
B8YLW0,B8YLW0_HE71
D3XFN7,D3XFN7_HV1
D4QGA2,D4QGA2_HE71
D4QGA3,D4QGA3_HE71
D4QGA8,D4QGA8_HE71
E0YFW1,E0YFW1_HV1
E7E815,E7E815_HE71
E9MJX7,E9MJX7_HV1
F5A4Z4,F5A4Z4_PCV2
F5H8Y5,TRX1_HHV8P
F5HB39,CVC1_HHV8P
F5HGN8,TRX2_HHV8P
F8UF79,F8UF79_FMDVO
G0Y2B2,G0Y2B2_PCV2
G0ZPI6,G0ZPI6_PCV2
G0ZPJ2,G0ZPJ2_PCV2
G3G8Y0,G3G8Y0_SUHVK
G8HBF0,G8HBF0_HHV11
G9I257,G9I257_HHV2
H0USR8,H0USR8_ROTGA
I1UYK0,I1UYK0_HHV1
I6W7A3,I6W7A3_HE71
J3SRV0,J3SRV0_HPV16
J9PGT1,J9PGT1_FMDVO
O41353,RDRP_THOGV
P03103,VL1_BPV1
P03187,TRX1_EBVB9
P03222,CVC1_EBVB9
P03226,MCP_EBVB9
P03233,CVC2_EBVB9
P04012,VL1_HPV11
P06416,VL1_HPV33
P06794,VL1_HPV18
P07132,VP4_BTV10
P09245,MCP_VZVD
P09291,TRX2_VZVD
P0C703,MCP_EBVA8
P0C9B9,VPRT_ASFK5
P0DOL4,PG083_VARV
P0DTP3,TRX1_HHV6Z
P10202,TRX2_HHV11
P11212,NCAP_VSIVG
P11314,SIGM2_REOVL
P14348,SCP_EBVB9
P16726,CVC2_HCMVA
P16729,MCP_HCMVA
P16883,SPIK2_ADE41
P20504,RP147_VACCC
P21087,RP35_VACCC
P22486,TRX1_HHV2G
P25214,TRX2_EBVB9
P27232,VL1_HPV35
P27404,CAPSD_FCVC6
P32508,VP2_BTV1S
P33458,GAG_CAEVC
P36847,SPIKE_ADE15
P42484,RPB6_ASFB7
P42488,RPB10_ASFB7
P68608,RP22_VACCC
P69898,VL1_HPV6A
P87677,P87677_FMDVO
P89216,NCAP_THOGV
P89440,CVC1_HHV2H
P89441,TRX2_HHV2H
P89442,MCP_HHV2H
P89448,CVC2_HHV2H
P89458,SCP_HHV2H
P90456,P90456_FPV
P90498,P90498_POVJC
Q000H7,Q000H7_HV1
Q03726,Q03726_PAVC
Q05138,VL1_HPV52
Q25BW6,Q25BW6_HHV1
Q2HR63,SCP_HHV8P
Q2HRA7,MCP_HHV8P
Q2HRB3,CVC2_HHV8P
Q49PG1,Q49PG1_VACC0
Q49PH2,Q49PH2_VACC0
Q49PL6,Q49PL6_VACC0
Q49QC8,Q49QC8_VACC8
Q49QI2,Q49QI2_VACC8
Q4JQV2,Q4JQV2_VZVO
Q4VE97,Q4VE97_HV1
Q4VRQ2,Q4VRQ2_HPV16
Q5D0H3,Q5D0H3_HV1
Q65181,RPB5_ASFB7
Q65184,RPB3_ASFB7
Q65613,Q65613_POVBK
Q65914,SPIKE_ADECT
Q66916,VP2_FCVUR
Q6BB74,Q6BB74_HV1
Q6QCN2,Q6QCN2_HHV3
Q71B32,Q71B32_HV1
Q71B91,Q71B91_HV1
Q72547,Q72547_HV1
Q75677,Q75677_HV1
Q76258,Q76258_HV1
Q76RF4,Q76RF4_HHV8
Q7SMT3,Q7SMT3_HV1
Q7SSI0,Q7SSI0_HV1
Q805N7,Q805N7_PCV2
Q84367,Q84367_MUMIP
Q84771,Q84771_FMDVO
Q89907,RPB7_ASFB7
Q8B6J9,NCAP_RABVH
Q8B980,Q8B980_PCV2
Q8UZ11,Q8UZ11_SUHVK
Q90HG9,Q90HG9_HV1
Q90JJ9,Q90JJ9_HV1
Q90K99,Q90K99_HV1
Q90SN9,Q90SN9_HV1
Q98W00,Q98W00_FMDVO
Q994Q3,Q994Q3_HV1
Q9DU47,Q9DU47_CHIBA
Q9IVM8,Q9IVM8_HV1
Q9QAH8,Q9QAH8_ADE41
Q9QJ26,MCP_HHV6Z
Q9QJ27,TRX2_HHV6Z
Q9WFL7,Q9WFL7_HV1
R4WL38,R4WL38_HV1
S6C3M9,S6C3M9_HE71
T2CJ20,T2CJ20_HV1
U5NQG6,U5NQG6_HHV3
W8XVT2,W8XVT2_HE71
A0A0E3U2U0,A0A0E3U2U0_HHV2
A0A1U8QPG3,A0A1U8QPG3_HCMV
A0A1U9ZFW1,A0A1U9ZFW1_HHV2
A0A3G6XL22,A0A3G6XL22_HCMV
A0A4P8EW36,A0A4P8EW36_HV1
A0A6C0PR31,A0A6C0PR31_HEV
B9UYL6,B9UYL6_HBOC2
C7E599,C7E599_HHV8
C7E5A9,C7E5A9_HHV8
C8BD48,C8BD48_HV1
D0UZN7,D0UZN7_HHV8
D3VV84,D3VV84_HEV
D3YPI2,D3YPI2_HHV1
D6PUY5,D6PUY5_HHV2
F8REV0,F8REV0_HHV1
F8REX2,F8REX2_HHV1
F8RFA1,F8RFA1_HHV1
G0X8E8,G0X8E8_HV1
G3E3P7,G3E3P7_FMDVO
G5CUH3,G5CUH3_HE71
G8GWG8,G8GWG8_PAVBP
G8H8D9,G8H8D9_HHV1
G8HBD2,G8HBD2_HHV11
G8HBD8,G8HBD8_HHV11
G9I238,G9I238_HHV2
G9I239,G9I239_HHV2
G9I240,G9I240_HHV2
G9I260,G9I260_HHV2
H9C5X6,H9C5X6_HBOC1
H9E925,H9E925_HHV1
I7BFC3,I7BFC3_HV1
O09893,O09893_HV1
O38707,O38707_HV1
O38710,O38710_HV1
O38716,O38716_HV1
O38719,O38719_HV1
O38723,O38723_HV1
O38731,O38731_HV1
O38732,O38732_HV1
O38885,O38885_HV1
O38893,O38893_HV1
O38896,O38896_HV1
O40925,O40925_HHV8
O41938,O41938_MHV68
O41963,O41963_MHV68
O92103,O92103_HV1
O92139,O92139_HV1
Q06F55,Q06F55_FMDVO
Q06F56,Q06F56_FMDVO
Q0PQ60,Q0PQ60_HV1
Q1G1C3,Q1G1C3_HV1
Q1T724,Q1T724_HHV1
Q2I600,Q2I600_FMDVO
Q4JQT2,Q4JQT2_VZVO
Q4JQT4,Q4JQT4_VZVO
Q4JQT5,Q4JQT5_VZVO
Q4JQU1,Q4JQU1_VZVO
Q4JQV5,Q4JQV5_VZVO
Q50BW9,Q50BW9_HV1
Q5IXV7,Q5IXV7_MONPV
Q5RTL1,Q5RTL1_HV1
Q5RZ08,Q5RZ08_HV1
Q5RZ09,Q5RZ09_HV1
Q67711,Q67711_ADE16
Q6B6C5,Q6B6C5_HV1
Q6Q004,Q6Q004_HV1
Q6QCL4,Q6QCL4_HHV3
Q6QCL5,Q6QCL5_HHV3
Q6QCN5,Q6QCN5_HHV3
Q6QK01,Q6QK01_HV1
Q6RCN1,Q6RCN1_PAVHB
Q6RXF2,Q6RXF2_HCMV
Q6RXH2,Q6RXH2_HCMV
Q72874,Q72874_HV1
Q75U93,Q75U93_PAVHB
Q76RF6,Q76RF6_HHV8
Q772X2,Q772X2_ADE1P
Q77VV3,Q77VV3_HV1
Q7LYY8,Q7LYY8_HV1
Q7SPG9,Q7SPG9_HV1
Q7SRY5,Q7SRY5_HV1
Q7SSE3,Q7SSE3_HV1
Q7T416,Q7T416_ADE05
Q7T925,Q7T925_ADE35
Q7ZCI0,Q7ZCI0_HV1
Q7ZCL6,Q7ZCL6_HV1
Q7ZCR0,Q7ZCR0_HV1
Q8Q3H0,Q8Q3H0_HV1
Q8ULI2,Q8ULI2_HV1
Q8ULI9,Q8ULI9_HV1
Q8URG0,Q8URG0_HV1
Q8V512,Q8V512_MONPZ
Q903J0,Q903J0_HV1
Q903N5,Q903N5_HV1
Q90EA1,Q90EA1_HV1
Q90EB9,Q90EB9_HV1
Q91D09,Q91D09_HE71
Q997H2,Q997H2_ADEB4
Q9J006,Q9J006_HV1
Q9J2R0,Q9J2R0_HV1
Q9JAU9,Q9JAU9_HV1
Q9Q288,Q9Q288_HV1
Q9Q2G8,Q9Q2G8_HV1
Q9QM22,Q9QM22_HV1
Q9W9R3,Q9W9R3_9HIV2
S5QA87,S5QA87_HE71
V5YAB1,V5YAB1_HV1
