ProteinId,Length,Host
A3DRP0,17,"Aves, Homo sapiens, Sus scrofa"
A3EX94,20,Tylonycteris pachypus
A3EX95,19,Tylonycteris pachypus
A3EXD0,21,Pipistrellus abramus
A3EXD1,39,Pipistrellus abramus
A3EXG6,14,Rousettus leschenaultii
A3EXH1,16,Rousettus leschenaultii
A3RM22,19,"Homo sapiens, Mammalia"
A4GBX7,17,"Aves, Homo sapiens, Sus scrofa"
A4GCH5,17,"Aves, Homo sapiens, Sus scrofa"
A4GCI6,17,"Aves, Homo sapiens, Sus scrofa"
A4GCJ7,17,"Aves, Homo sapiens, Sus scrofa"
A4GCK8,17,"Aves, Homo sapiens, Sus scrofa"
A4GCL9,17,"Aves, Homo sapiens, Sus scrofa"
A4K143,17,"Aves, Homo sapiens, Sus scrofa"
A4KX72,22,Noctuidae
A4KX75,17,Noctuidae
A4U6V2,17,"Aves, Homo sapiens, Sus scrofa"
A4U6W3,17,"Aves, Homo sapiens, Sus scrofa"
A4U7A6,17,"Aves, Homo sapiens, Sus scrofa"
A4UHQ1,19,Mammalia
A4UHQ6,19,Mammalia
A6M6I1,17,"Aves, Homo sapiens, Sus scrofa"
A7KWZ4,17,Bos taurus
A7KWZ5,17,Bos taurus
A7KWZ6,32,Bos taurus
A8C8J4,17,"Aves, Homo sapiens, Sus scrofa"
A8C8V0,17,"Aves, Homo sapiens, Sus scrofa"
A8C8W3,17,"Aves, Homo sapiens, Sus scrofa"
A8E060,14,"Homo sapiens, Sus scrofa"
A8E262,26,Enterococcus faecalis
A8E2D6,23,Enterococcus faecalis
A8E2P2,30,Enterococcus faecalis
A8E2Q8,23,Enterococcus faecalis
A8E2Q9,27,Enterococcus faecalis
A9C4X3,17,"Aves, Homo sapiens, Sus scrofa"
A9C4Y4,17,"Aves, Homo sapiens, Sus scrofa"
A9C8B0,17,"Aves, Homo sapiens, Sus scrofa"
B0KVT0,16,"Aves, Equus caballus"
B0KVU1,16,"Aves, Equus caballus"
B0VWM3,16,"Aves, Equus caballus"
B0VWW1,16,"Aves, Equus caballus"
B2VMQ3,15,"Aves, Homo sapiens"
B3EUQ6,17,"Aves, Homo sapiens, Sus scrofa"
B3EUR7,16,"Aves, Equus caballus"
B3EVJ2,16,"Aves, Equus caballus"
B4UNW3,15,"Aves, Homo sapiens"
B4UPA6,17,"Aves, Homo sapiens, Sus scrofa"
B4UR26,15,"Aves, Homo sapiens"
B4URD6,17,"Aves, Homo sapiens, Sus scrofa"
O09800,23,Homo sapiens
O10236,24,Oryza sativa
O10282,17,Orgyia pseudotsugata
O10284,17,Orgyia pseudotsugata
O10286,18,Orgyia pseudotsugata
O10336,18,Orgyia pseudotsugata
O10337,19,Orgyia pseudotsugata
O10358,20,Orgyia pseudotsugata
O10360,16,Orgyia pseudotsugata
O10363,16,Orgyia pseudotsugata
O10364,16,Orgyia pseudotsugata
O10367,18,Orgyia pseudotsugata
O11283,16,"Aves, Cetacea, Homo sapiens, Phocidae, Sus scrofa"
O11457,32,"Epomops franqueti, Homo sapiens, Myonycteris torquata"
O11458,32,"Epomops franqueti, Homo sapiens, Myonycteris torquata"
O12164,31,Homo sapiens
O36551,26,Homo sapiens
O40633,22,Saimiri sciureus
O41803,31,Homo sapiens
O55647,35,"Frankliniella occidentalis, Scirtothrips dorsalis, Solanum lycopersicum, Thrips tabaci"
O55654,22,Homo sapiens
O55655,19,Homo sapiens
O56140,16,"Aves, Felis catus, Homo sapiens, Panthera pardus, Panthera tigris, Sus scrofa"
O56677,17,"Bos taurus, Equus caballus, Insecta"
O56822,25,Homo sapiens
O57166,19,Homo sapiens
O57254,17,Homo sapiens
O57261,18,Homo sapiens
O57295,25,"Cavia cutleri, Cricetidae sp., Mus musculus, Rattus norvegicus"
O64363,26,Escherichia coli
O70902,28,Homo sapiens
O72737,16,"Bos taurus, Felis catus, Homo sapiens, Loxodonta africana, Microtus agrestis, Mus musculus, Myodes glareolus"
O73559,19,"Bos taurus, Felis catus, Homo sapiens, Loxodonta africana, Microtus agrestis, Mus musculus, Myodes glareolus"
O80297,19,Escherichia coli
O89292,31,Homo sapiens
O89342,26,"Equus caballus, Homo sapiens, Pteropus alecto, Pteropus poliocephalus, Pteropus scapulatus"
O89746,16,"Aves, Felis catus, Homo sapiens, Panthera pardus, Panthera tigris, Sus scrofa"
O90304,20,Bos taurus
O90369,16,"Anopheles, Homo sapiens"
O90371,16,"Anopheles, Homo sapiens"
O91086,23,Homo sapiens
O91262,24,Puffinus puffinus
O91466,20,Cydia pomonella
O91532,19,"Homo sapiens, Pan troglodytes"
O92277,33,Cavia porcellus
O92284,19,"Homo sapiens, Mammalia"
O92367,23,Mus
O92446,23,Bombyx mori
O92918,29,"Homo sapiens, Pan troglodytes"
O92920,19,"Homo sapiens, Pan troglodytes"
P00587,25,Corynebacterium diphtheriae
P00588,32,Corynebacterium diphtheriae
P00589,25,Corynebacterium diphtheriae
P01136,19,Bos taurus
P01546,26,Saccharomyces cerevisiae
P03153,19,Otospermophilus beecheyi
P03154,19,Anas
P03172,25,Homo sapiens
P03173,27,Homo sapiens
P03178,30,Homo sapiens
P03180,25,Homo sapiens
P03188,22,Homo sapiens
P03196,32,Homo sapiens
P03212,22,Homo sapiens
P03218,17,Homo sapiens
P03224,28,Homo sapiens
P03231,17,Homo sapiens
P03250,19,Homo sapiens
P03315,15,"Aedes, Atelerix albiventris, Culex tritaeniorhynchus, Halcyon, Homo sapiens, Quelea, Rhipicephalus"
P03316,16,"Acrocephalus scirpaceus, Aedes, Culex, Homo sapiens, Motacilla alba, Streptopelia turtur"
P03374,98,Mus musculus
P03375,32,Homo sapiens
P03377,32,Homo sapiens
P03378,31,Homo sapiens
P03379,106,Ovis aries
P03380,33,Bos taurus
P03381,20,Homo sapiens
P03383,18,Homo sapiens
P03385,33,Mus musculus
P03386,31,Mus musculus
P03388,32,Mus musculus
P03389,32,Mus musculus
P03390,34,Mus musculus
P03391,34,Felidae
P03392,34,Felidae
P03393,32,Mus musculus
P03394,32,Mus musculus
P03396,64,Gallus gallus
P03399,35,Galliformes
P03420,21,Homo sapiens
P03435,16,"Aves, Cetacea, Homo sapiens, Phocidae, Sus scrofa"
P03436,16,"Aves, Cetacea, Homo sapiens, Phocidae, Sus scrofa"
P03437,16,"Aves, Cetacea, Homo sapiens, Phocidae, Sus scrofa"
P03438,16,"Aves, Cetacea, Homo sapiens, Phocidae, Sus scrofa"
P03439,16,"Aves, Cetacea, Homo sapiens, Phocidae, Sus scrofa"
P03440,16,"Aves, Homo sapiens, Mysticeti, Phocidae, Sus scrofa"
P03442,16,"Aves, Equus caballus"
P03443,16,"Aves, Sus scrofa"
P03444,17,"Anatidae, Gallus gallus"
P03445,16,Aves
P03446,17,"Aves, Sus scrofa"
P03447,16,Aves
P03448,16,Aves
P03449,16,"Aves, Cetacea, Homo sapiens, Phocidae, Sus scrofa"
P03450,15,"Aves, Homo sapiens"
P03451,15,"Aves, Homo sapiens"
P03452,17,"Aves, Homo sapiens, Sus scrofa"
P03453,17,"Aves, Homo sapiens, Sus scrofa"
P03454,17,"Aves, Homo sapiens, Sus scrofa"
P03455,17,"Aves, Homo sapiens, Sus scrofa"
P03456,16,Aves
P03457,18,Aves
P03458,18,Aves
P03459,18,Aves
P03460,15,Homo sapiens
P03461,5,Homo sapiens
P03462,8,Homo sapiens
P03463,15,Homo sapiens
P03464,15,Homo sapiens
P03465,14,"Homo sapiens, Sus scrofa"
P03517,28,"Homo sapiens, Phlebotomus papatasi"
P03518,16,"Aedes, Bos taurus, Bos taurus x Bison bison, Camelus bactrianus, Capra hircus, Homo sapiens, Ovis aries, Phlebotomus papatasi"
P03522,16,"Aedes, Bos taurus, Culicoides, Equus asinus, Equus caballus, Homo sapiens, Lutzomyia, Musca domestica, Simuliidae, Sus scrofa"
P03524,19,"Homo sapiens, Mammalia"
P03619,23,Escherichia coli
P03620,29,Escherichia coli
P03621,36,Pseudomonas aeruginosa
P03661,18,Escherichia coli
P03663,19,Escherichia coli
P04027,22,Macaca mulatta
P04135,17,Sus scrofa
P04136,23,Sus scrofa
P04488,20,Homo sapiens
P04494,17,Homo sapiens
P04505,16,"Aedes aegypti, Homo sapiens"
P04577,19,Homo sapiens
P04578,32,Homo sapiens
P04579,32,Homo sapiens
P04580,30,Homo sapiens
P04581,31,Homo sapiens
P04582,32,Homo sapiens
P04583,30,Homo sapiens
P04624,32,Homo sapiens
P04659,16,Aves
P04660,16,Aves
P04661,16,Aves
P04662,16,Aves
P04849,19,"Canis lupus familiaris, Homo sapiens"
P04855,25,"Cavia cutleri, Cricetidae sp., Mus musculus, Rattus norvegicus"
P04856,25,"Cavia cutleri, Cricetidae sp., Mus musculus, Rattus norvegicus"
P04875,13,"Aedes, Bos taurus, Canis lupus familiaris, Culex, Culiseta, Equus caballus, Gallus gallus, Homo sapiens, Lepus americanus"
P04882,16,"Aedes, Bos taurus, Culicoides, Equus asinus, Equus caballus, Homo sapiens, Lutzomyia, Musca domestica, Simuliidae, Sus scrofa"
P04883,16,"Aedes, Bos taurus, Culicoides, Equus asinus, Equus caballus, Homo sapiens, Lutzomyia, Musca domestica, Simuliidae, Sus scrofa"
P04884,16,"Aedes, Bos taurus, Culicoides, Equus asinus, Equus caballus, Homo sapiens, Lutzomyia, Musca domestica, Simuliidae, Sus scrofa"
P05135,18,Gallus gallus
P05137,22,Gallus gallus
P05674,15,"Bos taurus, Didelphis marsupialis, Equus asinus, Equus caballus, Homo sapiens, Melanoconion, Philander opossum, Proechimys, Sigmodon hispidus"
P05877,31,Homo sapiens
P05878,31,Homo sapiens
P05879,33,Homo sapiens
P05880,31,Homo sapiens
P05881,31,Homo sapiens
P05882,31,Homo sapiens
P05883,22,Homo sapiens
P05884,19,Cercopithecidae
P05885,22,Cercopithecidae
P05886,20,Cercopithecidae
P05992,23,Sus scrofa
P06024,22,Sus scrofa
P06156,31,Gallus gallus
P06436,29,Homo sapiens
P06437,30,Homo sapiens
P06445,32,Mus musculus
P06473,24,Homo sapiens
P06475,27,Homo sapiens
P06476,25,Homo sapiens
P06477,20,Homo sapiens
P06497,22,Homo sapiens
P06498,18,Homo sapiens
P06752,34,Felis catus
P06763,22,Homo sapiens
P06828,18,Homo sapiens
P07238,23,Escherichia coli
P07566,22,Homo sapiens
P07575,22,Macaca mulatta
P07646,23,Sus scrofa
P07923,20,Salmo
P07946,16,Sus scrofa
P07966,1,"Homo sapiens, Sus scrofa"
P07967,1,"Homo sapiens, Sus scrofa"
P07968,1,"Homo sapiens, Sus scrofa"
P07970,1,"Homo sapiens, Sus scrofa"
P07971,1,"Homo sapiens, Sus scrofa"
P07973,1,"Homo sapiens, Sus scrofa"
P07974,1,"Homo sapiens, Sus scrofa"
P07975,14,"Homo sapiens, Sus scrofa"
P07976,16,Aves
P08026,22,Escherichia coli
P08072,19,Oryctolagus cuniculus
P08354,20,Sus scrofa
P08355,40,Sus scrofa
P08356,20,Homo sapiens
P08359,34,Felidae
P08360,33,Mus musculus
P08441,19,Oryctolagus cuniculus
P08491,20,"Aedes, Culex annulirostris, Homo sapiens, Macropus sp."
P08560,18,Homo sapiens
P08563,23,Homo sapiens
P08564,22,Homo sapiens
P08665,30,Homo sapiens
P08666,22,Homo sapiens
P08667,19,"Homo sapiens, Mammalia"
P08668,18,"Apodemus agrarius, Homo sapiens"
P08714,16,Homo sapiens
P08768,15,"Aedes, Homo sapiens, Passeriformes"
P08810,19,Cercopithecidae
P09175,17,Sus scrofa
P09258,17,Homo sapiens
P09260,17,Homo sapiens
P09261,21,Homo sapiens
P09308,21,Homo sapiens
P09343,18,"Aves, Equus caballus, Homo sapiens, Phocidae"
P09344,18,"Aves, Equus caballus, Homo sapiens, Phocidae"
P09345,16,"Aves, Felis catus, Homo sapiens, Panthera pardus, Panthera tigris, Sus scrofa"
P09385,22,Escherichia coli O157:H7
P09386,19,Escherichia coli O157:H7
P09458,19,Homo sapiens
P09592,15,"Bos taurus, Didelphis marsupialis, Equus asinus, Equus caballus, Homo sapiens, Melanoconion, Philander opossum, Proechimys, Sigmodon hispidus"
P09612,13,"Cervidae, Homo sapiens, Ochlerotatus triseriatus, Tamias"
P09613,17,"Homo sapiens, Ixodes ricinus"
P09727,17,Homo sapiens
P09728,24,Homo sapiens
P09729,27,Homo sapiens
P09730,21,Homo sapiens
P09731,17,Homo sapiens
P09765,8,Homo sapiens
P09766,8,Homo sapiens
P09767,8,Homo sapiens
P09990,18,Bos taurus
P0C0V9,14,Bos taurus
P0C0W0,14,Bos taurus
P0C212,20,Homo sapiens
P0C572,19,"Canis lupus familiaris, Chodsigoa caovansunga, Felis catus, Rodentia"
P0C573,19,"Homo sapiens, Pan troglodytes"
P0C625,19,"Homo sapiens, Pan troglodytes"
P0C692,19,"Homo sapiens, Pan troglodytes"
P0C699,19,"Homo sapiens, Pan troglodytes"
P0C6G7,19,"Homo sapiens, Pan troglodytes"
P0C6G9,19,"Homo sapiens, Pan troglodytes"
P0C6H2,19,"Homo sapiens, Pan troglodytes"
P0C6H3,19,Homo sapiens
P0C6H5,19,"Homo sapiens, Pan troglodytes"
P0C6I1,19,"Homo sapiens, Pan troglodytes"
P0C6I5,19,"Homo sapiens, Pan troglodytes"
P0C6J0,19,Lagothrix lagotricha
P0C6J2,19,Marmota monax
P0C6J3,19,Marmota monax
P0C6J4,19,Marmota monax
P0C6J5,19,Marmota monax
P0C6J6,19,Marmota monax
P0C6J9,19,Anas
P10033,19,Felidae
P10149,22,Escherichia coli
P10185,19,Homo sapiens
P10211,30,Homo sapiens
P10228,24,Homo sapiens
P10259,98,Mus musculus
P10269,18,"Papio, Theropithecus gelada"
P10448,8,Homo sapiens
P10681,27,Gallus gallus
P10757,15,Homo sapiens
P10864,19,"Bos indicus, Bos taurus, Bubalus bubalis, Capra hircus, Gazella, Giraffa camelopardalis, Hippopotamus, Ovis aries, Suidae"
P10865,31,Gallus gallus
P11041,27,Bombyx mori
P11132,16,Aves
P11135,16,Aves
P11209,21,Homo sapiens
P11223,18,Gallus gallus
P11224,14,Mus musculus
P11225,10,Mus musculus
P11236,19,Homo sapiens
P11261,34,Felis catus
P11267,22,Cercopithecidae
P11268,31,Mus musculus
P11316,21,Homo sapiens
P11318,22,Homo sapiens
P11323,19,Homo sapiens
P11364,28,Felidae
P12430,21,Culex
P12439,17,Aves
P12440,7,Homo sapiens
P12441,12,Homo sapiens
P12442,11,Homo sapiens
P12443,11,Homo sapiens
P12449,21,Homo sapiens
P12487,31,Homo sapiens
P12488,30,Homo sapiens
P12489,31,Homo sapiens
P12490,31,Homo sapiens
P12491,31,Homo sapiens
P12492,23,Cercopithecidae
P12568,21,Homo sapiens
P12569,135,"Ailuropoda melanoleuca, Ailurus fulgens, Canis lupus familiaris, Mustela, Panthera leo, Procyon lotor, Zalophus californianus"
P12570,31,Gallus gallus
P12571,31,Gallus gallus
P12572,31,Gallus gallus
P12574,19,"Bos indicus, Bos taurus, Bubalus bubalis, Capra hircus, Gazella, Giraffa camelopardalis, Hippopotamus, Ovis aries, Suidae"
P12575,25,"Cavia cutleri, Cricetidae sp., Mus musculus, Rattus norvegicus"
P12581,17,Aves
P12583,16,"Aves, Equus caballus"
P12590,17,"Aves, Homo sapiens, Sus scrofa"
P12605,21,Homo sapiens
P12640,67,Bos taurus
P12641,22,Bos taurus
P12647,17,Drosophila melanogaster
P12650,18,Gallus gallus
P12651,18,Gallus gallus
P12722,18,Gallus gallus
P12824,23,Homo sapiens
P13101,18,Aves
P13102,18,"Aves, Cetacea"
P13103,18,Aves
P13160,21,Felidae
P13180,21,"Homo sapiens, Phlebotominae"
P13201,24,Homo sapiens
P13289,23,Homo sapiens
P13304,26,Escherichia coli
P13374,25,"Gallus gallus, Meleagris gallopavo"
P13625,17,Orgyia pseudotsugata
P13843,22,Homo sapiens
P13845,19,Ardeidae
P13890,20,"Aedes, Culex annulirostris, Homo sapiens, Macropus sp."
P13897,15,"Aedes, Anopheles, Culex tarsalis, Haemorhous mexicanus, Homo sapiens, Lepus americanus, Lithobates pipiens, Passer domesticus, Thamnophis, Urocitellus richardsonii"
P14075,20,Homo sapiens
P14334,19,Homo sapiens
P14378,21,Bos taurus
P14623,31,Gallus gallus
P15073,32,Mus musculus
P15133,22,Homo sapiens
P15134,22,Homo sapiens
P15136,19,Homo sapiens
P15199,19,"Homo sapiens, Mammalia"
P15240,27,Staphylococcus aureus
P15415,19,Escherichia coli
P15416,29,Escherichia coli
P15423,15,Homo sapiens
P15658,16,"Aves, Equus caballus"
P15776,18,Bos taurus
P15777,17,Bos taurus
P15831,23,Homo sapiens
P15879,40,Clostridium botulinum
P16060,16,Aves
P16288,19,"Homo sapiens, Mammalia"
P16492,16,Saimiri sciureus
P16493,18,"Apodemus agrarius, Homo sapiens"
P16561,16,Homo sapiens
P16721,31,Homo sapiens
P16739,23,Homo sapiens
P16740,25,Homo sapiens
P16745,19,Homo sapiens
P16750,30,Homo sapiens
P16756,23,Homo sapiens
P16757,26,Homo sapiens
P16758,25,Homo sapiens
P16778,22,Homo sapiens
P16795,21,Homo sapiens
P16808,25,Homo sapiens
P16809,23,Homo sapiens
P16832,30,Homo sapiens
P16833,24,Homo sapiens
P16845,20,Homo sapiens
P16848,23,Homo sapiens
P16853,18,"Apodemus agrarius, Homo sapiens"
P16899,107,Ovis aries
P16948,19,Mycosarcoma maydis
P16994,16,"Aves, Equus caballus"
P16995,16,"Aves, Equus caballus"
P16996,16,"Aves, Equus caballus"
P16997,16,"Aves, Equus caballus"
P16998,16,"Aves, Equus caballus"
P16999,16,"Aves, Equus caballus"
P17000,16,"Aves, Cetacea, Equus caballus, Homo sapiens, Phocidae, Sus scrofa"
P17001,16,"Aves, Equus caballus"
P17002,16,"Aves, Equus caballus"
P17099,19,"Homo sapiens, Pan troglodytes"
P17146,25,Homo sapiens
P17150,19,Homo sapiens
P17175,21,Homo sapiens
P17176,23,Homo sapiens
P17190,19,Anas
P17191,19,Anas
P17281,30,Pan
P17471,67,Bos taurus
P17472,28,Equus caballus
P17501,20,Lepidoptera
P17504,15,Homo sapiens
P17662,18,Gallus gallus
P17755,24,Homo sapiens
P17880,16,"Homo sapiens, Rattus norvegicus, Rattus rattus"
P18040,21,Homo sapiens
P18050,86,Equus caballus
P18094,22,Homo sapiens
P18450,16,Sus scrofa
P18535,32,"Gallus gallus, Meleagris gallopavo"
P18538,21,Gallus gallus
P18551,86,Equus caballus
P18557,18,"Ornithodoros, Sus scrofa"
P18558,18,"Ornithodoros, Sus scrofa"
P18559,19,"Ornithodoros, Sus scrofa"
P18569,18,Lepidoptera
P18799,31,Homo sapiens
P18875,17,"Aves, Homo sapiens, Sus scrofa"
P18876,17,"Aves, Homo sapiens, Sus scrofa"
P19063,17,Homo sapiens
P19106,16,"Aves, Cetacea, Homo sapiens, Phocidae, Sus scrofa"
P19347,22,"Escherichia coli, Salmonella typhimurium"
P19462,19,"Homo sapiens, Mammalia"
P19503,22,Cercopithecidae
P19549,31,Homo sapiens
P19550,31,Homo sapiens
P19551,32,Homo sapiens
P19694,16,"Aves, Sus scrofa"
P19695,16,Aves
P19696,16,"Aves, Sus scrofa"
P19697,16,"Aves, Sus scrofa"
P19698,16,Aves
P19699,16,"Aves, Equus caballus"
P19700,16,"Aves, Sus scrofa"
P19701,16,"Aves, Phocidae"
P19702,16,Aves
P19716,19,Homo sapiens
P19725,22,Homo sapiens
P19739,21,Homo sapiens
P19742,43,Felidae
P19743,17,Felidae
P20494,19,Homo sapiens
P20747,55,Galliformes
P20871,32,Homo sapiens
P20872,24,Homo sapiens
P20888,31,Homo sapiens
P20978,16,Homo sapiens
P21004,13,Homo sapiens
P21005,17,Homo sapiens
P21014,20,Homo sapiens
P21058,14,Homo sapiens
P21064,16,Homo sapiens
P21077,21,Homo sapiens
P21115,17,Homo sapiens
P21116,18,Homo sapiens
P21400,23,"Homo sapiens, Myodes glareolus"
P21401,16,"Aedes, Bos taurus, Bos taurus x Bison bison, Camelus bactrianus, Capra hircus, Homo sapiens, Ovis aries, Phlebotomus papatasi"
P21412,19,Mammalia
P21415,41,Hylobatidae
P21436,33,Mus musculus
P21443,34,Felidae
P21444,34,Felidae
P21445,36,Felidae
P22056,14,"Anopheles, Homo sapiens"
P22092,15,Homo sapiens
P22167,25,Bos taurus
P22432,14,Mus musculus
P22484,19,Equus caballus
P22485,30,Homo sapiens
P22596,32,Equus caballus
P22650,27,Gallus gallus
P22651,27,Gallus gallus
P23052,20,Equus caballus
P23058,19,Lepidoptera
P23061,20,Choristoneura fumiferana
P23064,20,Homo sapiens
P23422,106,Ovis aries
P23423,106,Ovis aries
P23728,25,Bos taurus
P23998,19,Homo sapiens
P24083,17,Homo sapiens
P24084,17,Homo sapiens
P24105,24,Homo sapiens
P24284,17,Homo sapiens
P24358,20,Bos taurus
P24380,23,Equus caballus
P24412,17,Sus scrofa
P24413,16,Sus scrofa
P24430,22,Equus caballus
P24614,18,Meleagris gallopavo
P24766,16,Bos taurus
P24770,13,Bos taurus
P24771,17,Bos taurus
P24872,30,Equus caballus
P24904,26,Gallus gallus
P24905,17,Saimiri sciureus
P24916,22,Saimiri sciureus
P24994,34,Homo sapiens
P25057,33,Bos taurus
P25129,31,Pseudomonas aeruginosa
P25181,26,Simiiformes
P25190,14,Bos taurus
P25191,17,Bos taurus
P25192,17,Bos taurus
P25193,17,Bos taurus
P25194,17,Bos taurus
P25212,18,Bos taurus
P25213,19,Bos taurus
P25218,86,Equus caballus
P25467,23,Homo sapiens
P25504,33,Bos taurus
P25505,33,Bos taurus
P25506,33,Bos taurus
P25507,33,Bos taurus
P25783,16,Lepidoptera
P25878,17,Felidae
P25943,16,Oryctolagus cuniculus
P25946,17,Oryctolagus cuniculus
P26031,26,Homo sapiens
P26032,23,Homo sapiens
P26094,18,"Aves, Equus caballus, Homo sapiens, Phocidae"
P26095,18,"Aves, Equus caballus, Homo sapiens, Phocidae"
P26096,18,"Aves, Equus caballus, Homo sapiens, Phocidae"
P26097,18,"Aves, Equus caballus, Homo sapiens, Phocidae"
P26098,18,"Aves, Equus caballus, Homo sapiens, Phocidae"
P26099,18,"Aves, Equus caballus, Homo sapiens, Phocidae"
P26100,18,"Aves, Equus caballus, Homo sapiens, Phocidae"
P26101,18,"Aves, Equus caballus, Homo sapiens, Phocidae"
P26102,18,"Aves, Equus caballus, Homo sapiens, Phocidae"
P26103,18,"Aves, Equus caballus, Homo sapiens, Phocidae"
P26134,16,Aves
P26135,16,"Aves, Equus caballus"
P26136,17,Aves
P26137,12,Aves
P26138,16,"Aves, Cetacea, Homo sapiens, Phocidae, Sus scrofa"
P26139,16,"Aves, Cetacea, Homo sapiens, Phocidae, Sus scrofa"
P26140,17,"Aves, Homo sapiens, Sus scrofa"
P26141,16,"Aves, Cetacea, Homo sapiens, Phocidae, Sus scrofa"
P26562,17,"Aves, Homo sapiens, Sus scrofa"
P26628,31,Gallus gallus
P26629,23,Homo sapiens
P26702,16,"Ornithodoros, Sus scrofa"
P26703,16,"Ornithodoros, Sus scrofa"
P26704,17,"Ornithodoros, Sus scrofa"
P26705,20,"Ornithodoros, Sus scrofa"
P26706,17,"Ornithodoros, Sus scrofa"
P26707,18,"Ornithodoros, Sus scrofa"
P26708,18,"Ornithodoros, Sus scrofa"
P26709,20,"Ornithodoros, Sus scrofa"
P26710,19,"Ornithodoros, Sus scrofa"
P26803,34,Mus musculus
P26804,34,Mus musculus
P26814,16,Escherichia coli
P27171,36,Mus musculus
P27277,17,"Aphis, Bidens pilosa, Lactuca sativa, Sonchus oleraceus"
P27284,15,"Aedes, Homo sapiens, Passeriformes"
P27285,16,"Acrocephalus scirpaceus, Aedes, Culex, Homo sapiens, Motacilla alba, Streptopelia turtur"
P27286,23,Homo sapiens
P27312,23,"Homo sapiens, Myodes glareolus"
P27315,21,Microtus pennsylvanicus
P27415,26,Gallus gallus
P27416,30,Sus scrofa
P27427,20,"Homo sapiens, Ixodida"
P27593,30,Sus scrofa
P27599,25,Bos taurus
P27655,16,Sus scrofa
P27662,20,"Coregonus lavaretus, Esox lucius, Oncorhynchus kisutch, Oncorhynchus mykiss, Oncorhynchus tshawytscha, Salmo trutta, Salvelinus namaycush, Thymallus thymallus"
P27757,16,Cercopithecidae
P27944,16,"Ornithodoros, Sus scrofa"
P27945,16,"Ornithodoros, Sus scrofa"
P27977,19,Cercopithecidae
P28278,16,Homo sapiens
P28728,16,"Apodemus agrarius, Homo sapiens"
P28729,16,"Homo sapiens, Rattus norvegicus, Rattus rattus"
P28730,17,"Aves, Sus scrofa"
P28731,17,"Aves, Sus scrofa"
P28864,23,Homo sapiens
P28886,10,Phocidae
P28967,19,Equus caballus
P28968,25,Equus caballus
P28977,15,"Amblyomma variegatum, Cavia cutleri, Mungos mungo, Rhipicephalus appendiculatus, Rhipicephalus microplus"
P28980,27,Equus caballus
P28986,24,Homo sapiens
P28992,28,Equidae
P28994,21,Equidae
P28995,18,Equidae
P29326,19,Homo sapiens
P29791,25,Bos taurus
P29825,16,Oryctolagus cuniculus
P30005,56,Homo sapiens
P30027,19,Anas
P30215,18,Homo sapiens
P30237,23,Gallus gallus
P30238,22,Gallus gallus
P30239,23,Gallus gallus
P30240,23,Gallus gallus
P30673,14,Mus musculus
P31613,18,Bos taurus
P31614,19,Mus musculus
P31615,20,Mus musculus
P31621,84,Ovis aries
P31626,83,Capra hircus
P31627,80,Capra hircus
P31789,28,Mus musculus
P31791,22,Felidae
P31793,32,Mus musculus
P31794,31,Mus musculus
P31796,35,Galliformes
P31819,37,Homo sapiens
P31872,31,Homo sapiens
P32514,19,Equus caballus
P32515,25,Equus caballus
P32536,24,Homo sapiens
P32550,19,"Homo sapiens, Mammalia"
P32595,12,"Bos taurus, Bubalus bubalis, Culicoides, Syncerus caffer"
P32596,14,"Bos taurus, Bubalus bubalis, Culicoides, Syncerus caffer"
P32650,19,Equus caballus
P33426,19,Homo sapiens
P33455,17,"Homo sapiens, Rattus norvegicus, Rattus rattus"
P33464,17,Sus scrofa
P33465,23,Felidae
P33467,17,Felidae
P33468,18,Bos taurus
P33470,16,Sus scrofa
P33481,19,Homo sapiens
P33500,27,Gallus gallus
P33612,31,Gallus gallus
P33613,31,Gallus gallus
P33614,31,Gallus gallus
P33615,31,Gallus gallus
P33807,16,Homo sapiens
P33852,25,Homo sapiens
P33854,16,Homo sapiens
P33865,20,Homo sapiens
P34016,17,Homo sapiens
P35253,18,"Chlorocebus aethiops, Homo sapiens, Rousettus aegyptiacus"
P35254,18,"Chlorocebus aethiops, Homo sapiens, Rousettus aegyptiacus"
P35771,19,Homo sapiens
P35936,31,Gallus gallus
P35949,21,Mus musculus
P35954,106,Ovis aries
P35961,31,Homo sapiens
P35973,23,Homo sapiens
P36291,35,"Frankliniella occidentalis, Scirtothrips dorsalis, Solanum lycopersicum, Thrips tabaci"
P36299,17,Canis lupus familiaris
P36300,18,Canis lupus familiaris
P36301,23,Canis lupus familiaris
P36302,15,Canis lupus familiaris
P36318,25,Homo sapiens
P36319,23,Homo sapiens
P36320,23,Homo sapiens
P36329,15,"Bos taurus, Didelphis marsupialis, Equus asinus, Equus caballus, Homo sapiens, Melanoconion, Philander opossum, Proechimys, Sigmodon hispidus"
P36330,15,"Bos taurus, Didelphis marsupialis, Equus asinus, Equus caballus, Homo sapiens, Melanoconion, Philander opossum, Proechimys, Sigmodon hispidus"
P36331,15,"Bos taurus, Didelphis marsupialis, Equus asinus, Equus caballus, Homo sapiens, Melanoconion, Philander opossum, Proechimys, Sigmodon hispidus"
P36332,15,"Bos taurus, Didelphis marsupialis, Equus asinus, Equus caballus, Homo sapiens, Melanoconion, Philander opossum, Proechimys, Sigmodon hispidus"
P36334,14,Homo sapiens
P36336,17,Gallus gallus
P36337,17,"Gallus gallus, Meleagris gallopavo"
P36342,17,"Homo sapiens, Macaca fascicularis, Macaca leonina, Macaca mulatta, Macaca nemestrina"
P36346,18,"Aves, Equus caballus, Homo sapiens, Phocidae"
P36705,21,Homo sapiens
P36707,16,Homo sapiens
P39230,22,Escherichia coli
P40932,34,Mus musculus
P41265,23,"Homo sapiens, Myodes glareolus"
P41266,23,"Homo sapiens, Myodes glareolus"
P41356,19,"Bos indicus, Bos taurus, Bubalus bubalis, Capra hircus, Gazella, Giraffa camelopardalis, Hippopotamus, Ovis aries, Suidae"
P41360,19,"Bos indicus, Bos taurus, Bubalus bubalis, Capra hircus, Gazella, Giraffa camelopardalis, Hippopotamus, Ovis aries, Suidae"
P41416,18,Lepidoptera
P41428,37,Lepidoptera
P41444,16,Lepidoptera
P41475,19,Lepidoptera
P41672,15,Lepidoptera
P41675,19,Lepidoptera
P41684,17,Lepidoptera
P41713,18,Lepidoptera
P41715,16,Choristoneura fumiferana
P41717,17,Choristoneura fumiferana
P41721,16,Bombyx mori
P42548,27,Mycoplasma
P42549,26,Mycoplasma
P51515,22,Macaca mulatta
P51519,33,Bos taurus
P51520,22,Macaca mulatta
P51728,17,Haemophilus influenzae
P52352,22,Homo sapiens
P52353,16,Homo sapiens
P52366,24,Homo sapiens
P52508,18,Homo sapiens
P52509,21,Homo sapiens
P52510,25,Gallus gallus
P52511,16,Sus scrofa
P52512,16,Sus scrofa
P52513,17,Mus musculus
P52514,17,Mus musculus
P52526,18,Homo sapiens
P52543,23,Homo sapiens
P52547,26,Homo sapiens
P52549,23,Homo sapiens
P52584,20,"Capra hircus, Homo sapiens, Ovis aries"
P52585,25,"Capra hircus, Homo sapiens, Ovis aries"
P52638,22,"Bos taurus, Bradypodidae, Capra hircus, Cervidae, Crocidura leucodon, Equidae, Felis catus, Hexaprotodon liberiensis, Lama glama, Oryctolagus cuniculus, Ovis aries, Struthio camelus, Varecia variegata, Vicugna pacos"
P57083,25,Homo sapiens
P59594,13,"Homo sapiens, Paguma larvata"
P59635,15,"Homo sapiens, Paguma larvata"
P59709,18,Bos taurus
P59710,18,Bos taurus
P59711,18,Bos taurus
P60170,32,"Epomops franqueti, Homo sapiens, Myonycteris torquata"
P60171,32,"Epomops franqueti, Homo sapiens, Myonycteris torquata"
P60172,32,"Epomops franqueti, Homo sapiens, Myonycteris torquata"
P60173,32,"Epomops franqueti, Homo sapiens, Myonycteris torquata"
P60528,19,Homo sapiens
P68323,23,Homo sapiens
P68324,23,Homo sapiens
P68325,30,Equus caballus
P68326,22,Equus caballus
P68327,19,Equus caballus
P68328,23,Equus caballus
P68329,22,Equus caballus
P68330,21,Equus caballus
P68331,30,Homo sapiens
P68332,30,Homo sapiens
P68333,30,Homo sapiens
P68334,31,Equus caballus
P68444,16,Bos taurus
P68445,16,Homo sapiens
P68570,25,"Bacillus pumilus, Bacillus subtilis"
P68618,25,Homo sapiens
P68619,25,Bos taurus
P68636,19,Camelus
P68637,19,Camelus
P68638,19,Bos taurus
P68639,19,Homo sapiens
P68677,18,Equus caballus
P68678,18,Equus caballus
P68744,18,"Ornithodoros, Sus scrofa"
P68745,18,"Ornithodoros, Sus scrofa"
P68761,1,"Homo sapiens, Sus scrofa"
P68762,14,"Homo sapiens, Sus scrofa"
P68978,17,Homo sapiens
P68979,17,Homo sapiens
P68980,19,Homo sapiens
P68981,19,Homo sapiens
P69168,18,Escherichia coli
P69169,18,Escherichia coli
P69178,20,Escherichia coli
P69179,20,Escherichia coli
P69338,29,Homo sapiens
P69339,29,Homo sapiens
P69353,23,Homo sapiens
P69354,23,Homo sapiens
P69355,23,Homo sapiens
P69356,23,Homo sapiens
P69357,23,Homo sapiens
P69358,23,Homo sapiens
P69539,23,Escherichia coli
P69540,23,Escherichia coli
P69541,23,Escherichia coli
P69612,23,Sus scrofa
P69613,23,Sus scrofa
P84393,19,Equus caballus
P84449,27,Equus caballus
P87506,16,Aves
P87666,32,"Epomops franqueti, Homo sapiens, Myonycteris torquata"
P87670,32,"Epomops franqueti, Homo sapiens, Myonycteris torquata"
P87671,32,"Epomops franqueti, Homo sapiens, Myonycteris torquata"
P87691,7,"Homo sapiens, Sus scrofa"
P89053,23,Macaca mulatta
P89946,27,"Anopheles amictus, Culex annulirostris, Homo sapiens, Macropus"
P89951,19,Hylobatidae
Q00139,17,Ictaluridae
Q00320,20,Homo sapiens
Q00574,19,"Bos taurus, Capra hircus, Cervidae, Erinaceidae, Loxodonta africana, Ovis aries, Rattus norvegicus, Sus scrofa"
Q00660,30,Sus scrofa
Q00716,16,Procyon lotor
Q00901,40,Clostridium botulinum C
Q00996,19,Saimiri sciureus
Q01016,20,Saimiri sciureus
Q01031,19,Saimiri sciureus
Q01049,21,Saimiri sciureus
Q01218,16,Bos taurus
Q01227,17,Bos taurus
Q01232,14,Bos taurus
Q01977,16,Sus scrofa
Q02004,17,"Amblyomma variegatum, Homo sapiens, Hyalomma rufipes, Hyalomma truncatum, Rhipicephalus, Rhipicephalus annulatus, Rhipicephalus decoloratus, Rhipicephalus geigyi"
Q02077,1,Felis catus
Q02385,14,Mus musculus
Q02409,21,Gallus gallus
Q02837,20,Cercopithecidae
Q03500,23,"Bandicota bengalensis, Callithrix, Cercopithecus hamlyni, Chlorocebus aethiops, Gallus gallus, Homo sapiens, Macaca, Mus musculus, Pan troglodytes, Saimiri, Sus scrofa"
Q03731,29,"Homo sapiens, Pan troglodytes"
Q03816,20,Homo sapiens
Q03817,20,Homo sapiens
Q03909,21,"Aves, Equus caballus"
Q04463,31,Ateles
Q04464,28,"Callithrix, Saimiri"
Q04523,18,"Bos taurus, Felis catus, Homo sapiens, Loxodonta africana, Microtus agrestis, Mus musculus, Myodes glareolus"
Q04547,20,Chlorocebus aethiops
Q04548,24,Chlorocebus aethiops
Q04566,35,Sus scrofa
Q04568,22,Sus scrofa
Q04569,32,Sus scrofa
Q04611,19,Homo sapiens
Q04703,23,Canis lupus familiaris
Q04704,15,Canis lupus familiaris
Q05059,25,Homo sapiens
Q05060,25,Homo sapiens
Q05320,32,"Epomops franqueti, Homo sapiens, Myonycteris torquata"
Q05495,19,"Homo sapiens, Pan troglodytes"
Q05894,20,Lepidoptera
Q06093,56,Homo sapiens
Q06094,26,Homo sapiens
Q06670,19,Lepidoptera
Q06VC5,26,Noctuidae
Q06Y10,15,Homo sapiens
Q06Y16,15,Homo sapiens
Q07005,30,Homo sapiens
Q07FI5,17,"Aves, Homo sapiens, Sus scrofa"
Q08011,16,"Aves, Equus caballus"
Q08089,19,"Homo sapiens, Mammalia"
Q08100,18,Bos taurus
Q08101,26,Bos taurus
Q08103,24,Bos taurus
Q09SZ7,22,Homo sapiens
Q0A2W2,16,Aves
Q0A2X3,15,"Aves, Homo sapiens"
Q0A3Y1,18,Aves
Q0A405,16,"Aves, Equus caballus"
Q0A448,17,Aves
Q0A4A6,17,"Aves, Homo sapiens, Sus scrofa"
Q0A4D1,17,Aves
Q0E587,34,Spodoptera frugiperda
Q0E590,20,Spodoptera frugiperda
Q0GBX6,19,"Homo sapiens, Mammalia"
Q0GBY1,19,"Homo sapiens, Mammalia"
Q0HD60,17,"Aves, Homo sapiens, Sus scrofa"
Q0Q466,19,Scotophilus kuhlii
Q0Q469,15,Rhinolophus macrotis
Q0Q470,15,Rhinolophus macrotis
Q0Q475,15,Rhinolophus macrotis
Q0Q4F1,19,Tylonycteris pachypus
Q0Q4F2,17,Tylonycteris pachypus
Q0R5Q9,20,Homo sapiens
Q0ZME7,13,Homo sapiens
Q0ZME8,13,Homo sapiens
Q14EB0,13,Homo sapiens
Q14EB1,13,Homo sapiens
Q1A243,25,Pan troglodytes
Q1A261,33,Pan troglodytes
Q1I2B9,17,"Aves, Homo sapiens, Sus scrofa"
Q1I2G3,16,"Aves, Cetacea, Homo sapiens, Phocidae, Sus scrofa"
Q1PD50,18,"Chlorocebus aethiops, Homo sapiens, Rousettus aegyptiacus"
Q1PDC7,18,"Chlorocebus aethiops, Homo sapiens, Rousettus aegyptiacus"
Q1PUD9,16,"Aves, Cetacea, Homo sapiens, Phocidae, Sus scrofa"
Q20MD6,16,"Aves, Cetacea, Homo sapiens, Phocidae, Sus scrofa"
Q20MH9,17,"Aves, Homo sapiens, Sus scrofa"
Q20NC1,16,"Aves, Equus caballus"
Q20ND2,16,"Aves, Homo sapiens, Mysticeti, Phocidae, Sus scrofa"
Q20NH7,17,Aves
Q20NJ0,16,"Aves, Sus scrofa"
Q20NS9,16,Spatula discors
Q288V2,17,"Aves, Homo sapiens, Sus scrofa"
Q289M7,17,"Aves, Homo sapiens, Sus scrofa"
Q2F4V2,16,"Aves, Felis catus, Homo sapiens, Panthera pardus, Panthera tigris, Sus scrofa"
Q2ICR0,16,"Aves, Cetacea, Homo sapiens, Phocidae, Sus scrofa"
Q2RCH5,16,"Aves, Cetacea, Homo sapiens, Phocidae, Sus scrofa"
Q2RFA5,16,"Aves, Cetacea, Homo sapiens, Phocidae, Sus scrofa"
Q2VND2,16,"Aves, Cetacea, Homo sapiens, Phocidae, Sus scrofa"
Q2VNF2,16,"Aves, Cetacea, Homo sapiens, Phocidae, Sus scrofa"
Q306W5,21,"Aedes, Homo sapiens, Passeriformes"
Q306W7,21,"Aedes, Homo sapiens, Passeriformes"
Q30NQ1,16,"Aves, Cetacea, Homo sapiens, Phocidae, Sus scrofa"
Q37935,19,Escherichia coli
Q38162,15,Escherichia coli
Q38211,23,Escherichia coli
Q38SQ8,16,"Aves, Cetacea, Homo sapiens, Phocidae, Sus scrofa"
Q3I5I8,15,"Rhinolophus ferrumequinum, Rhinolophus macrotis, Rhinolophus pearsonii, Rhinolophus sinicus"
Q3I5J0,15,"Rhinolophus ferrumequinum, Rhinolophus macrotis, Rhinolophus pearsonii, Rhinolophus sinicus"
Q3I5J5,15,"Rhinolophus ferrumequinum, Rhinolophus macrotis, Rhinolophus pearsonii, Rhinolophus sinicus"
Q3LZX1,15,Rhinolophus sinicus
Q3LZX5,15,Rhinolophus sinicus
Q3LZX7,15,Rhinolophus sinicus
Q4A212,37,Emiliania huxleyi
Q4A213,22,Emiliania huxleyi
Q4A214,18,Emiliania huxleyi
Q4A218,32,Emiliania huxleyi
Q4A222,34,Emiliania huxleyi
Q4A229,34,Emiliania huxleyi
Q4A232,18,Emiliania huxleyi
Q4A236,36,Emiliania huxleyi
Q4A237,38,Emiliania huxleyi
Q4A246,18,Emiliania huxleyi
Q4A247,16,Emiliania huxleyi
Q4A257,19,Emiliania huxleyi
Q4A258,21,Emiliania huxleyi
Q4A264,26,Emiliania huxleyi
Q4A272,22,Emiliania huxleyi
Q4A283,40,Emiliania huxleyi
Q4A291,32,Emiliania huxleyi
Q4A297,43,Emiliania huxleyi
Q4A2A3,25,Emiliania huxleyi
Q4A2A4,22,Emiliania huxleyi
Q4A2A5,32,Emiliania huxleyi
Q4A2A7,24,Emiliania huxleyi
Q4A2A8,31,Emiliania huxleyi
Q4A2A9,24,Emiliania huxleyi
Q4A2B3,19,Emiliania huxleyi
Q4A2B7,25,Emiliania huxleyi
Q4A2C1,23,Emiliania huxleyi
Q4A2D2,20,Emiliania huxleyi
Q4A2D8,39,Emiliania huxleyi
Q4A2D9,43,Emiliania huxleyi
Q4A2E4,49,Emiliania huxleyi
Q4A2E6,20,Emiliania huxleyi
Q4A2E7,29,Emiliania huxleyi
Q4A2F0,32,Emiliania huxleyi
Q4A2F3,27,Emiliania huxleyi
Q4A2F4,23,Emiliania huxleyi
Q4A2F7,28,Emiliania huxleyi
Q4A2F8,25,Emiliania huxleyi
Q4A2G0,18,Emiliania huxleyi
Q4A2G1,36,Emiliania huxleyi
Q4A2G4,17,Emiliania huxleyi
Q4A2G7,33,Emiliania huxleyi
Q4A2G9,37,Emiliania huxleyi
Q4A2H0,15,Emiliania huxleyi
Q4A2K2,49,Emiliania huxleyi
Q4A2K3,30,Emiliania huxleyi
Q4A2L1,25,Emiliania huxleyi
Q4A2L4,32,Emiliania huxleyi
Q4A2M3,39,Emiliania huxleyi
Q4A2M7,20,Emiliania huxleyi
Q4A2N2,21,Emiliania huxleyi
Q4A2N9,26,Emiliania huxleyi
Q4A2P2,23,Emiliania huxleyi
Q4A2Q0,24,Emiliania huxleyi
Q4A2Q3,41,Emiliania huxleyi
Q4A2Q5,20,Emiliania huxleyi
Q4A2R0,34,Emiliania huxleyi
Q4A2R8,22,Emiliania huxleyi
Q4A2S6,16,Emiliania huxleyi
Q4A2S7,28,Emiliania huxleyi
Q4A2S9,16,Emiliania huxleyi
Q4A2T1,22,Emiliania huxleyi
Q4A2T3,48,Emiliania huxleyi
Q4A2T4,25,Emiliania huxleyi
Q4A2T7,29,Emiliania huxleyi
Q4A2U0,17,Emiliania huxleyi
Q4A2U1,16,Emiliania huxleyi
Q4A2U2,15,Emiliania huxleyi
Q4A2U3,42,Emiliania huxleyi
Q4A2U6,17,Emiliania huxleyi
Q4A2V4,36,Emiliania huxleyi
Q4A2W2,19,Emiliania huxleyi
Q4A2W4,25,Emiliania huxleyi
Q4A2X0,24,Emiliania huxleyi
Q4A2X3,28,Emiliania huxleyi
Q4A2X4,25,Emiliania huxleyi
Q4A2X5,24,Emiliania huxleyi
Q4A2Y5,19,Emiliania huxleyi
Q4A2Y8,23,Emiliania huxleyi
Q4A2Z1,18,Emiliania huxleyi
Q4A2Z7,17,Emiliania huxleyi
Q4A2Z9,41,Emiliania huxleyi
Q4A303,26,Emiliania huxleyi
Q4A304,18,Emiliania huxleyi
Q4A305,17,Emiliania huxleyi
Q4A316,26,Emiliania huxleyi
Q4A317,15,Emiliania huxleyi
Q4A319,31,Emiliania huxleyi
Q4A324,26,Emiliania huxleyi
Q4A331,33,Emiliania huxleyi
Q4A333,19,Emiliania huxleyi
Q4A334,17,Emiliania huxleyi
Q4A339,42,Emiliania huxleyi
Q4A344,20,Emiliania huxleyi
Q4A345,24,Emiliania huxleyi
Q4A351,21,Emiliania huxleyi
Q4A352,29,Emiliania huxleyi
Q4A353,48,Emiliania huxleyi
Q4A358,21,Emiliania huxleyi
Q4A370,16,Emiliania huxleyi
Q4A371,21,Emiliania huxleyi
Q4A373,15,Emiliania huxleyi
Q4A374,26,Emiliania huxleyi
Q4A378,26,Emiliania huxleyi
Q4A379,14,Emiliania huxleyi
Q4A383,19,Emiliania huxleyi
Q4A387,23,Emiliania huxleyi
Q4A388,31,Emiliania huxleyi
Q4A393,32,Emiliania huxleyi
Q4A399,39,Emiliania huxleyi
Q4A3A0,23,Emiliania huxleyi
Q4A3A2,18,Emiliania huxleyi
Q4A3A4,27,Emiliania huxleyi
Q4A3B5,25,Emiliania huxleyi
Q4A3B8,49,Emiliania huxleyi
Q4A3C3,15,Emiliania huxleyi
Q4A3C4,34,Emiliania huxleyi
Q4A3C9,19,Emiliania huxleyi
Q4A3D0,27,Emiliania huxleyi
Q4QXJ7,21,"Aedes, Homo sapiens, Passeriformes"
Q4R1S0,19,"Homo sapiens, Pan troglodytes"
Q4R1S8,19,"Homo sapiens, Pan troglodytes"
Q52NW8,33,Bos taurus
Q5GA86,22,Colocasia esculenta
Q5K2K4,20,"Gerbillinae, Homo sapiens, Phlebotomus papatasi"
Q5MQD0,13,Homo sapiens
Q5MQD1,13,Homo sapiens
Q5PP78,17,Sus scrofa
Q5PPA2,30,Sus scrofa
Q5PPA3,16,Sus scrofa
Q5UNX0,18,Acanthamoeba polyphaga
Q5UNY7,26,Acanthamoeba polyphaga
Q5UP33,23,Acanthamoeba polyphaga
Q5UPE0,21,Acanthamoeba polyphaga
Q5UPJ1,21,Acanthamoeba polyphaga
Q5UPK7,21,Acanthamoeba polyphaga
Q5UPR5,24,Acanthamoeba polyphaga
Q5UPU8,20,Acanthamoeba polyphaga
Q5UQ37,20,Acanthamoeba polyphaga
Q5UQE3,22,Acanthamoeba polyphaga
Q5UQF7,30,Acanthamoeba polyphaga
Q5UQG0,23,Acanthamoeba polyphaga
Q5UQG7,19,Acanthamoeba polyphaga
Q5UQH9,20,Acanthamoeba polyphaga
Q5UQR6,30,Acanthamoeba polyphaga
Q5UQX7,16,Acanthamoeba polyphaga
Q5UQZ1,26,Acanthamoeba polyphaga
Q5UR02,19,Acanthamoeba polyphaga
Q5UR11,19,Acanthamoeba polyphaga
Q5UR16,24,Acanthamoeba polyphaga
Q5UR19,22,Acanthamoeba polyphaga
Q5UR42,19,Acanthamoeba polyphaga
Q5UR81,25,Acanthamoeba polyphaga
Q5URA7,18,Acanthamoeba polyphaga
Q5VKN9,17,Miniopterus schreibersii
Q5VKP3,19,Murina leucogaster
Q5WQY5,14,"Aedes aegypti, Aedes albopictus, Aedes furcifer, Aedes polynesiensis, Cercopithecus, Homo sapiens, Macaca, Pan troglodytes, Papio, Presbytis"
Q5XXP3,14,"Aedes aegypti, Aedes albopictus, Aedes furcifer, Aedes polynesiensis, Cercopithecus, Homo sapiens, Macaca, Pan troglodytes, Papio, Presbytis"
Q5Y388,19,"Aedes vexans, Culex tritaeniorhynchus, Equus caballus, Homo sapiens, Sus scrofa, Vulpes vulpes"
Q5Y9C3,22,Homo sapiens
Q5Y9D0,22,Homo sapiens
Q5ZEW5,20,Sus scrofa
Q64747,18,Galliformes
Q64896,19,Urocitellus parryii kennicottii
Q65139,21,"Ornithodoros, Sus scrofa"
Q65176,20,"Ornithodoros, Sus scrofa"
Q65189,13,"Ornithodoros, Sus scrofa"
Q65328,18,Orgyia pseudotsugata
Q65363,17,Orgyia pseudotsugata
Q65653,26,Bos taurus
Q65808,16,Bos taurus
Q65984,18,Canis lupus familiaris
Q65ZG0,24,Homo sapiens
Q66165,18,Bos taurus
Q66798,32,"Epomops franqueti, Homo sapiens, Myonycteris torquata"
Q66799,33,"Epomops franqueti, Homo sapiens, Myonycteris torquata, Sus scrofa"
Q66800,33,"Epomops franqueti, Homo sapiens, Myonycteris torquata, Sus scrofa"
Q66810,32,"Epomops franqueti, Homo sapiens, Myonycteris torquata"
Q66811,32,"Epomops franqueti, Homo sapiens, Myonycteris torquata"
Q66814,32,"Epomops franqueti, Homo sapiens, Myonycteris torquata"
Q66917,33,Felidae
Q66930,17,Felidae
Q66931,18,Felidae
Q66T62,19,"Homo sapiens, Mammalia"
Q67018,15,Aves
Q67033,26,"Aves, Homo sapiens, Mysticeti, Phocidae, Sus scrofa"
Q67034,26,"Aves, Homo sapiens, Mysticeti, Phocidae, Sus scrofa"
Q67035,26,"Aves, Homo sapiens, Mysticeti, Phocidae, Sus scrofa"
Q67089,17,"Aves, Homo sapiens, Sus scrofa"
Q67109,17,"Aves, Sus scrofa"
Q67143,15,"Aves, Homo sapiens"
Q67282,15,"Aves, Homo sapiens"
Q67324,26,"Aves, Cetacea, Homo sapiens, Phocidae, Sus scrofa"
Q67333,15,"Aves, Homo sapiens"
Q67369,15,Homo sapiens
Q67370,15,Homo sapiens
Q67371,15,Homo sapiens
Q67372,15,Homo sapiens
Q67373,15,Homo sapiens
Q67374,15,Homo sapiens
Q67375,15,Homo sapiens
Q67376,15,Homo sapiens
Q67377,15,Homo sapiens
Q67378,15,Homo sapiens
Q67379,15,Homo sapiens
Q67380,15,Homo sapiens
Q67381,15,Homo sapiens
Q67387,7,"Homo sapiens, Sus scrofa"
Q67456,34,Mus musculus
Q67628,22,Gallus gallus
Q67876,19,"Homo sapiens, Pan troglodytes"
Q68666,30,Homo sapiens
Q68667,30,Homo sapiens
Q68668,30,Homo sapiens
Q68669,30,Homo sapiens
Q68670,30,Homo sapiens
Q68671,30,Homo sapiens
Q68672,30,Homo sapiens
Q68673,30,Homo sapiens
Q68674,30,Homo sapiens
Q68985,19,"Bandicota bengalensis, Callithrix, Cercopithecus hamlyni, Chlorocebus aethiops, Homo sapiens, Macaca, Mus musculus, Pan troglodytes, Saimiri, Sus scrofa"
Q69024,34,Cavia porcellus
Q69081,25,Homo sapiens
Q69082,25,Homo sapiens
Q69091,25,Homo sapiens
Q69464,22,Homo sapiens
Q69465,22,Homo sapiens
Q69466,27,Homo sapiens
Q69472,30,Homo sapiens
Q69553,21,Homo sapiens
Q69555,15,Homo sapiens
Q69557,20,Homo sapiens
Q69558,17,Homo sapiens
Q69569,18,Homo sapiens
Q69577,26,Homo sapiens
Q6DLD8,22,Equus caballus
Q6DLD9,19,Equus caballus
Q6DLH1,21,Equus caballus
Q6DLH8,86,Equus caballus
Q6DPZ9,16,"Aves, Felis catus, Homo sapiens, Panthera pardus, Panthera tigris, Sus scrofa"
Q6DQ15,12,"Aves, Felis catus, Homo sapiens, Panthera pardus, Panthera tigris, Sus scrofa"
Q6DQ18,8,"Aves, Felis catus, Homo sapiens, Panthera pardus, Panthera tigris, Sus scrofa"
Q6DQ19,16,"Aves, Felis catus, Homo sapiens, Panthera pardus, Panthera tigris, Sus scrofa"
Q6DQ20,16,"Aves, Felis catus, Homo sapiens, Panthera pardus, Panthera tigris, Sus scrofa"
Q6DQ21,16,"Aves, Felis catus, Homo sapiens, Panthera pardus, Panthera tigris, Sus scrofa"
Q6DQ22,14,"Aves, Felis catus, Homo sapiens, Panthera pardus, Panthera tigris, Sus scrofa"
Q6E0W7,21,"Rottboellia, Setaria, Sorghum bicolor, Zea mays"
Q6J8E7,16,"Aves, Felis catus, Homo sapiens, Panthera pardus, Panthera tigris, Sus scrofa"
Q6J8F6,16,"Aves, Felis catus, Homo sapiens, Panthera pardus, Panthera tigris, Sus scrofa"
Q6J8F7,23,"Bandicota bengalensis, Callithrix, Cercopithecus hamlyni, Chlorocebus aethiops, Homo sapiens, Macaca, Mus musculus, Pan troglodytes, Saimiri, Sus scrofa"
Q6LEJ4,18,"Aves, Equus caballus, Homo sapiens, Phocidae"
Q6Q1S2,15,Homo sapiens
Q6RJQ3,36,Homo sapiens
Q6RZT5,19,Oryctolagus cuniculus
Q6S6Q5,30,Equus caballus
Q6S6R5,31,Equus caballus
Q6S6T9,86,Equus caballus
Q6S6V7,23,Equus caballus
Q6S6W0,25,Equus caballus
Q6UY66,18,"Chlorocebus aethiops, Homo sapiens, Rousettus aegyptiacus"
Q6VTL7,18,Lepidoptera
Q6X1D1,19,Myotis mystacinus
Q6X1D5,19,Myotis blythii
Q6X2U1,22,Homo sapiens
Q6X2U3,22,Homo sapiens
Q6XU51,15,"Aves, Homo sapiens"
Q6XU52,15,"Aves, Homo sapiens"
Q6XU53,15,"Aves, Homo sapiens"
Q6XU87,15,"Aves, Homo sapiens"
Q703F0,20,Homo sapiens
Q70626,32,Homo sapiens
Q70KP1,27,Sus scrofa
Q73372,28,Homo sapiens
Q74126,22,Homo sapiens
Q75008,31,Homo sapiens
Q76638,26,Homo sapiens
Q76VK3,23,"Aves, Homo sapiens"
Q77377,32,Homo sapiens
Q776B5,19,Camelus
Q778S6,18,Gallus gallus
Q779K3,20,Shigella sonnei
Q779K4,22,Shigella sonnei
Q77CE4,21,Bos taurus
Q77SK0,20,"Acanthopagrus schlegelii, Paralichthys olivaceus, Plecoglossus altivelis, Sebastes inermis"
Q79670,33,Homo sapiens
Q7T6S6,15,Canis lupus familiaris
Q7T6S7,23,Canis lupus familiaris
Q7T6S9,17,Canis lupus familiaris
Q7T6T3,18,Canis lupus familiaris
Q7T6X2,23,Acanthamoeba polyphaga
Q7T6Y2,25,Acanthamoeba polyphaga
Q7T9D9,32,"Epomops franqueti, Homo sapiens, Myonycteris torquata"
Q7T9E0,32,"Epomops franqueti, Homo sapiens, Myonycteris torquata"
Q7TFA0,15,"Homo sapiens, Paguma larvata"
Q7TLR9,18,Choristoneura fumiferana
Q7ZPC2,33,Bos taurus
Q80A22,5,"Aves, Felis catus, Homo sapiens, Panthera pardus, Panthera tigris, Sus scrofa"
Q80A26,5,"Aves, Felis catus, Homo sapiens, Panthera pardus, Panthera tigris, Sus scrofa"
Q80A28,5,"Aves, Felis catus, Homo sapiens, Panthera pardus, Panthera tigris, Sus scrofa"
Q80A30,5,"Aves, Felis catus, Homo sapiens, Panthera pardus, Panthera tigris, Sus scrofa"
Q80KH5,16,Campoletis sonorensis
Q80KH6,16,Campoletis sonorensis
Q80KH7,20,Campoletis sonorensis
Q80KH8,18,Campoletis sonorensis
Q80KH9,18,Campoletis sonorensis
Q80LP4,19,Adoxophyes honmai
Q80PW5,25,Campoletis sonorensis
Q80S27,16,"Aedes, Mansonia, Ovis aries"
Q81105,19,"Homo sapiens, Pan troglodytes"
Q81113,47,"Homo sapiens, Pan troglodytes"
Q81871,19,Homo sapiens
Q82017,14,Homo sapiens
Q82509,16,Aves
Q82559,16,"Aves, Equus caballus"
Q82683,20,Salmo
Q82706,20,Salmo
Q83140,32,Lepidoptera
Q83356,22,Mus musculus
Q83469,22,"Rottboellia, Sorghum bicolor, Zea mays"
Q83543,19,"Canis lupus familiaris, Chodsigoa caovansunga, Felis catus, Rodentia"
Q83887,17,"Homo sapiens, Peromyscus leucopus"
Q83986,16,Aves
Q84076,11,Homo sapiens
Q84081,9,Homo sapiens
Q84102,15,Homo sapiens
Q84850,20,Homo sapiens
Q85213,18,Gracilinanus microtarsus
Q85230,20,Sus scrofa
Q85518,34,Felidae
Q85522,33,Felidae
Q85525,33,Felidae
Q85630,33,Mus terricolor
Q85646,98,Mus musculus
Q85733,32,Mus musculus
Q86607,19,Homo sapiens
Q86925,13,Aedes
Q88168,31,Lepidoptera
Q88444,18,Cyprinus carpio
Q89182,16,Homo sapiens
Q89473,35,"Aves, Homo sapiens, Sus scrofa"
Q89569,33,"Homo sapiens, Macaca fascicularis, Pteropodinae, Sus scrofa"
Q89607,24,Homo sapiens
Q89660,24,Homo sapiens
Q89669,22,"Bos taurus, Bubalus bubalis, Culicoides, Syncerus caffer"
Q89730,27,Homo sapiens
Q89738,17,Homo sapiens
Q89853,33,"Homo sapiens, Macaca fascicularis, Pteropodinae, Sus scrofa"
Q89863,28,Homo sapiens
Q89904,24,"Bos taurus, Bubalus bubalis, Culicoides, Syncerus caffer"
Q89920,22,Homo sapiens
Q8AIH5,21,Pan troglodytes
Q8AMN9,33,Bos taurus
Q8B0H1,16,"Aedes, Bos taurus, Culicoides, Equus asinus, Equus caballus, Homo sapiens, Lutzomyia, Musca domestica, Simuliidae, Sus scrofa"
Q8B0H6,16,"Aedes, Bos taurus, Culicoides, Equus asinus, Equus caballus, Homo sapiens, Lutzomyia, Musca domestica, Simuliidae, Sus scrofa"
Q8B0I1,16,"Aedes, Bos taurus, Culicoides, Equus asinus, Equus caballus, Homo sapiens, Lutzomyia, Musca domestica, Simuliidae, Sus scrofa"
Q8B9D5,16,"Helicoverpa zea, Lepidoptera, Ostrinia nubilalis"
Q8BB25,17,Sus scrofa
Q8BB26,18,Sus scrofa
Q8BDV6,25,"Homo sapiens, Mammalia"
Q8JEM8,33,Bos taurus
Q8JJX0,16,"Oncorhynchus mykiss, Salmo salar"
Q8JMZ4,19,"Homo sapiens, Pan troglodytes"
Q8JSP8,17,Sus scrofa
Q8JSP9,18,Sus scrofa
Q8JTH0,19,"Homo sapiens, Pteropus alecto, Pteropus conspicillatus, Pteropus poliocephalus, Pteropus scapulatus, Saccolaimus"
Q8JUX5,14,"Aedes aegypti, Aedes albopictus, Aedes furcifer, Aedes polynesiensis, Cercopithecus, Homo sapiens, Macaca, Pan troglodytes, Papio, Presbytis"
Q8Q8A3,33,Bos taurus
Q8QKU5,22,Ectocarpus siliculosus
Q8QKU6,19,Ectocarpus siliculosus
Q8QKU7,19,Ectocarpus siliculosus
Q8QKU8,19,Ectocarpus siliculosus
Q8QKU9,19,Ectocarpus siliculosus
Q8QKV0,22,Ectocarpus siliculosus
Q8QKV1,16,Ectocarpus siliculosus
Q8QKV2,16,Ectocarpus siliculosus
Q8QKV3,30,Ectocarpus siliculosus
Q8QKV4,24,Ectocarpus siliculosus
Q8QKV5,25,Ectocarpus siliculosus
Q8QKV6,33,Ectocarpus siliculosus
Q8QKV7,19,Ectocarpus siliculosus
Q8QKV8,35,Ectocarpus siliculosus
Q8QKV9,17,Ectocarpus siliculosus
Q8QKW0,25,Ectocarpus siliculosus
Q8QKW1,35,Ectocarpus siliculosus
Q8QKW2,35,Ectocarpus siliculosus
Q8QKW3,24,Ectocarpus siliculosus
Q8QKW4,27,Ectocarpus siliculosus
Q8QKW5,26,Ectocarpus siliculosus
Q8QKW6,24,Ectocarpus siliculosus
Q8QL30,19,Saccharolobus islandicus
Q8QL52,16,"Oncorhynchus mykiss, Salmo salar"
Q8QLK1,16,Mamestra configurata
Q8QPL1,16,"Aves, Felis catus, Homo sapiens, Panthera pardus, Panthera tigris, Sus scrofa"
Q8QZ72,15,"Aedes aegypti, Haemagogus, Homo sapiens"
Q8SDJ8,27,Pseudomonas
Q8UZK5,17,Homo sapiens
Q8V307,19,Camelus
Q8V436,17,Bos taurus
Q8V437,18,Bos taurus
Q8V5U0,25,Lepidoptera
Q8VA10,22,Homo sapiens
Q90023,21,Chlorella
Q90121,22,Mycosarcoma maydis
Q90157,17,Choristoneura fumiferana
Q90158,17,Lepidoptera
Q90M12,33,Bos taurus
Q90VS8,29,Homo sapiens
Q913A8,19,"Homo sapiens, Pan troglodytes"
Q913Y7,19,Gallus gallus
Q91A26,17,Bos taurus
Q91AV1,18,Sus scrofa
Q91BH1,18,Lepidoptera
Q91C28,19,"Homo sapiens, Mammalia"
Q91C37,19,"Homo sapiens, Pan troglodytes"
Q91CL9,16,Antheraea pernyi
Q91DD7,33,"Homo sapiens, Macaca fascicularis, Pteropodinae, Sus scrofa"
Q91DD8,33,"Homo sapiens, Macaca fascicularis, Pteropodinae, Sus scrofa"
Q91DS0,18,Cyprinus carpio
Q91GE3,18,Lepidoptera
Q91GH8,18,Lepidoptera
Q91MA7,16,"Aves, Cetacea, Homo sapiens, Phocidae, Sus scrofa"
Q96800,32,Mus terricolor
Q98157,20,Homo sapiens
Q98166,18,Lacanobia oleracea
Q98332,16,Microplitis demolitor
Q98VG3,22,Homo sapiens
Q99IE6,22,Homo sapiens
Q9DHD0,20,"Homo sapiens, Simiiformes"
Q9DHG9,18,"Homo sapiens, Simiiformes"
Q9DHH2,22,"Homo sapiens, Simiiformes"
Q9DHH7,16,"Homo sapiens, Simiiformes"
Q9DHH9,19,"Homo sapiens, Simiiformes"
Q9DHI3,19,"Homo sapiens, Simiiformes"
Q9DHI5,23,"Homo sapiens, Simiiformes"
Q9DHI7,28,"Homo sapiens, Simiiformes"
Q9DHK1,23,"Homo sapiens, Simiiformes"
Q9DHK7,25,"Homo sapiens, Simiiformes"
Q9DHL3,22,"Homo sapiens, Simiiformes"
Q9DHR1,22,"Homo sapiens, Simiiformes"
Q9DHS2,21,"Homo sapiens, Simiiformes"
Q9DHT2,16,"Homo sapiens, Simiiformes"
Q9DHU7,25,"Homo sapiens, Simiiformes"
Q9DHU8,19,"Homo sapiens, Simiiformes"
Q9DHV2,18,"Homo sapiens, Simiiformes"
Q9DHV3,22,"Homo sapiens, Simiiformes"
Q9DHW0,16,"Homo sapiens, Simiiformes"
Q9DIC6,25,"Embergeria, Lactuca sativa, Reichardia tingitana, Sonchus hydrophilus, Sonchus oleraceus"
Q9DR81,18,Bos taurus
Q9DSL8,30,Homo sapiens
Q9DUD9,25,"Cavia cutleri, Cricetidae sp., Mus musculus, Rattus norvegicus"
Q9IDV2,21,Homo sapiens
Q9IFF7,15,"Aves, Homo sapiens"
Q9IH63,26,"Cynopterus brachyotis, Eonycteris spelaea, Homo sapiens, Pteropus hypomelanus, Pteropus vampyrus, Scotophilus kuhlii, Sus scrofa"
Q9IKB5,35,"Frankliniella occidentalis, Scirtothrips dorsalis, Solanum lycopersicum, Thrips tabaci"
Q9IKB7,35,"Frankliniella occidentalis, Scirtothrips dorsalis, Solanum lycopersicum, Thrips tabaci"
Q9IKD1,14,Rattus norvegicus
Q9IKD2,24,Rattus norvegicus
Q9IPJ6,19,"Homo sapiens, Mammalia"
Q9IVZ8,35,"Bandicota bengalensis, Callithrix, Cercopithecus hamlyni, Chlorocebus aethiops, Gallus gallus, Homo sapiens, Macaca, Mus musculus, Pan troglodytes, Saimiri, Sus scrofa"
Q9J524,48,Vertebrata
Q9J6K8,22,Homo sapiens
Q9J8B9,16,Lepidoptera
Q9JF44,17,Homo sapiens
Q9JFH4,19,Homo sapiens
Q9JGK8,16,"Aedes vexans, Culex tritaeniorhynchus, Equus caballus, Homo sapiens, Sus scrofa, Vulpes vulpes"
Q9JGT4,21,Hordeum vulgare
Q9PYY5,28,Xestia
Q9Q0U6,16,"Aves, Felis catus, Homo sapiens, Panthera pardus, Panthera tigris, Sus scrofa"
Q9Q714,28,Homo sapiens
Q9Q9G3,14,Homo sapiens
Q9QAQ8,17,Bos taurus
Q9QAQ9,18,Bos taurus
Q9QAR5,17,Bos taurus
Q9QAR6,18,Bos taurus
Q9QBY2,31,Homo sapiens
Q9QBZ0,31,Homo sapiens
Q9QBZ4,33,Homo sapiens
Q9QBZ8,31,Homo sapiens
Q9QJT6,25,Gobiosoma bosc
Q9QSP1,19,"Homo sapiens, Pteropus alecto, Pteropus conspicillatus, Pteropus poliocephalus, Pteropus scapulatus, Saccolaimus"
Q9QSQ7,31,Homo sapiens
Q9TTC0,35,Phascolarctos cinereus
Q9WC60,28,Homo sapiens
Q9WC69,28,Homo sapiens
Q9WCD8,17,"Aves, Homo sapiens, Sus scrofa"
Q9WCD9,17,"Aves, Homo sapiens, Sus scrofa"
Q9WCE0,17,"Aves, Homo sapiens, Sus scrofa"
Q9WCE1,17,"Aves, Homo sapiens, Sus scrofa"
Q9WCE3,17,"Aves, Homo sapiens, Sus scrofa"
Q9WCE8,17,"Aves, Homo sapiens, Sus scrofa"
Q9WFX3,17,"Aves, Homo sapiens, Sus scrofa"
Q9WGE0,18,Lepidoptera
Q9WIU3,21,Homo sapiens
Q9WIU4,21,Homo sapiens
Q9WIU5,21,Homo sapiens
Q9WIU6,21,Homo sapiens
Q9WIU7,21,Homo sapiens
Q9WIU8,21,Homo sapiens
Q9WIU9,29,Homo sapiens
Q9WJE3,29,"Homo sapiens, Pan troglodytes"
Q9WJE4,29,"Homo sapiens, Pan troglodytes"
Q9WJE5,29,"Homo sapiens, Pan troglodytes"
Q9WJE6,29,"Homo sapiens, Pan troglodytes"
Q9WJE7,29,"Homo sapiens, Pan troglodytes"
Q9WJE8,29,"Homo sapiens, Pan troglodytes"
Q9WJE9,19,Gorilla gorilla
Q9WMB7,19,"Homo sapiens, Pan troglodytes"
Q9WNS3,29,"Homo sapiens, Pan troglodytes"
Q9XJJ7,19,Escherichia coli O157:H7
Q9YJU4,21,Choristoneura fumiferana
Q9YJV7,16,"Aves, Equus caballus"
Q9YJW4,29,"Homo sapiens, Pan troglodytes"
Q9YJW5,29,"Homo sapiens, Pan troglodytes"
Q9YKB2,29,Homo sapiens
Q9YLQ9,23,"Bandicota bengalensis, Callithrix, Cercopithecus hamlyni, Chlorocebus aethiops, Homo sapiens, Macaca, Mus musculus, Pan troglodytes, Saimiri, Sus scrofa"
Q9YMP9,40,Lepidoptera
Q9YWK4,21,Lepidoptera
