ProteinId,Length,Host,TaxonID
A3DRP0,17,"Aves, Homo sapiens, Sus scrofa","8782, 9606, 9823"
A3EX94,20,Tylonycteris pachypus,258959
A3EX95,19,Tylonycteris pachypus,258959
A3EXD0,21,Pipistrellus abramus,105295
A3EXD1,39,Pipistrellus abramus,105295
A3EXG6,14,Rousettus leschenaultii,9408
A3EXH1,16,Rousettus leschenaultii,9408
A3RM22,19,"Homo sapiens, Mammalia","9606, 40674"
A4GBX7,17,"Aves, Homo sapiens, Sus scrofa","8782, 9606, 9823"
A4GCH5,17,"Aves, Homo sapiens, Sus scrofa","8782, 9606, 9823"
A4GCI6,17,"Aves, Homo sapiens, Sus scrofa","8782, 9606, 9823"
A4GCJ7,17,"Aves, Homo sapiens, Sus scrofa","8782, 9606, 9823"
A4GCK8,17,"Aves, Homo sapiens, Sus scrofa","8782, 9606, 9823"
A4GCL9,17,"Aves, Homo sapiens, Sus scrofa","8782, 9606, 9823"
A4K143,17,"Aves, Homo sapiens, Sus scrofa","8782, 9606, 9823"
A4KX72,22,Noctuidae,7100
A4KX75,17,Noctuidae,7100
A4U6V2,17,"Aves, Homo sapiens, Sus scrofa","8782, 9606, 9823"
A4U6W3,17,"Aves, Homo sapiens, Sus scrofa","8782, 9606, 9823"
A4U7A6,17,"Aves, Homo sapiens, Sus scrofa","8782, 9606, 9823"
A4UHQ1,19,Mammalia,40674
A4UHQ6,19,Mammalia,40674
A6M6I1,17,"Aves, Homo sapiens, Sus scrofa","8782, 9606, 9823"
A7KWZ4,17,Bos taurus,9913
A7KWZ5,17,Bos taurus,9913
A7KWZ6,32,Bos taurus,9913
A8C8J4,17,"Aves, Homo sapiens, Sus scrofa","8782, 9606, 9823"
A8C8V0,17,"Aves, Homo sapiens, Sus scrofa","8782, 9606, 9823"
A8C8W3,17,"Aves, Homo sapiens, Sus scrofa","8782, 9606, 9823"
A8E060,14,"Homo sapiens, Sus scrofa","9606, 9823"
A8E262,26,Enterococcus faecalis,1351
A8E2D6,23,Enterococcus faecalis,1351
A8E2P2,30,Enterococcus faecalis,1351
A8E2Q8,23,Enterococcus faecalis,1351
A8E2Q9,27,Enterococcus faecalis,1351
A9C4X3,17,"Aves, Homo sapiens, Sus scrofa","8782, 9606, 9823"
A9C4Y4,17,"Aves, Homo sapiens, Sus scrofa","8782, 9606, 9823"
A9C8B0,17,"Aves, Homo sapiens, Sus scrofa","8782, 9606, 9823"
B0KVT0,16,"Aves, Equus caballus","8782, 9796"
B0KVU1,16,"Aves, Equus caballus","8782, 9796"
B0VWM3,16,"Aves, Equus caballus","8782, 9796"
B0VWW1,16,"Aves, Equus caballus","8782, 9796"
B2VMQ3,15,"Aves, Homo sapiens","8782, 9606"
B3EUQ6,17,"Aves, Homo sapiens, Sus scrofa","8782, 9606, 9823"
B3EUR7,16,"Aves, Equus caballus","8782, 9796"
B3EVJ2,16,"Aves, Equus caballus","8782, 9796"
B4UNW3,15,"Aves, Homo sapiens","8782, 9606"
B4UPA6,17,"Aves, Homo sapiens, Sus scrofa","8782, 9606, 9823"
B4UR26,15,"Aves, Homo sapiens","8782, 9606"
B4URD6,17,"Aves, Homo sapiens, Sus scrofa","8782, 9606, 9823"
O09800,23,Homo sapiens,9606
O10236,24,Oryza sativa,4530
O10282,17,Orgyia pseudotsugata,33414
O10284,17,Orgyia pseudotsugata,33414
O10286,18,Orgyia pseudotsugata,33414
O10336,18,Orgyia pseudotsugata,33414
O10337,19,Orgyia pseudotsugata,33414
O10358,20,Orgyia pseudotsugata,33414
O10360,16,Orgyia pseudotsugata,33414
O10363,16,Orgyia pseudotsugata,33414
O10364,16,Orgyia pseudotsugata,33414
O10367,18,Orgyia pseudotsugata,33414
O11283,16,"Aves, Cetacea, Homo sapiens, Phocidae, Sus scrofa","8782, 9721, 9606, 9709, 9823"
O11457,32,"Epomops franqueti, Homo sapiens, Myonycteris torquata","77231, 9606, 77243"
O11458,32,"Epomops franqueti, Homo sapiens, Myonycteris torquata","77231, 9606, 77243"
O12164,31,Homo sapiens,9606
O36551,26,Homo sapiens,9606
O40633,22,Saimiri sciureus,9521
O41803,31,Homo sapiens,9606
O55647,35,"Frankliniella occidentalis, Scirtothrips dorsalis, Solanum lycopersicum, Thrips tabaci","133901, 163899, 4081, 161014"
O55654,22,Homo sapiens,9606
O55655,19,Homo sapiens,9606
O56140,16,"Aves, Felis catus, Homo sapiens, Panthera pardus, Panthera tigris, Sus scrofa","8782, 9685, 9606, 9691, 9694, 9823"
O56677,17,"Bos taurus, Equus caballus, Insecta","9913, 9796, 50557"
O56822,25,Homo sapiens,9606
O57166,19,Homo sapiens,9606
O57254,17,Homo sapiens,9606
O57261,18,Homo sapiens,9606
O57295,25,"Cavia cutleri, Cricetidae sp., Mus musculus, Rattus norvegicus","10144, 36483, 10090, 10116"
O64363,26,Escherichia coli,562
O70902,28,Homo sapiens,9606
O72737,16,"Bos taurus, Felis catus, Homo sapiens, Loxodonta africana, Microtus agrestis, Mus musculus, Myodes glareolus","9913, 9685, 9606, 9785, 29092, 10090, 447135"
O73559,19,"Bos taurus, Felis catus, Homo sapiens, Loxodonta africana, Microtus agrestis, Mus musculus, Myodes glareolus","9913, 9685, 9606, 9785, 29092, 10090, 447135"
O80297,19,Escherichia coli,562
O89292,31,Homo sapiens,9606
O89342,26,"Equus caballus, Homo sapiens, Pteropus alecto, Pteropus poliocephalus, Pteropus scapulatus","9796, 9606, 9402, 9403, 94117"
O89746,16,"Aves, Felis catus, Homo sapiens, Panthera pardus, Panthera tigris, Sus scrofa","8782, 9685, 9606, 9691, 9694, 9823"
O90304,20,Bos taurus,9913
O90369,16,"Anopheles, Homo sapiens","44482, 9606"
O90371,16,"Anopheles, Homo sapiens","44482, 9606"
O91086,23,Homo sapiens,9606
O91262,24,Puffinus puffinus,48688
O91466,20,Cydia pomonella,82600
O91532,19,"Homo sapiens, Pan troglodytes","9606, 9598"
O92277,33,Cavia porcellus,10141
O92284,19,"Homo sapiens, Mammalia","9606, 40674"
O92367,23,Mus,10088
O92446,23,Bombyx mori,7091
O92918,29,"Homo sapiens, Pan troglodytes","9606, 9598"
O92920,19,"Homo sapiens, Pan troglodytes","9606, 9598"
P00587,25,Corynebacterium diphtheriae,1717
P00588,32,Corynebacterium diphtheriae,1717
P00589,25,Corynebacterium diphtheriae,1717
P01136,19,Bos taurus,9913
P01546,26,Saccharomyces cerevisiae,4932
P03153,19,Otospermophilus beecheyi,34862
P03154,19,Anas,8835
P03172,25,Homo sapiens,9606
P03173,27,Homo sapiens,9606
P03178,30,Homo sapiens,9606
P03180,25,Homo sapiens,9606
P03188,22,Homo sapiens,9606
P03196,32,Homo sapiens,9606
P03212,22,Homo sapiens,9606
P03218,17,Homo sapiens,9606
P03224,28,Homo sapiens,9606
P03231,17,Homo sapiens,9606
P03250,19,Homo sapiens,9606
P03315,15,"Aedes, Atelerix albiventris, Culex tritaeniorhynchus, Halcyon, Homo sapiens, Quelea, Rhipicephalus","7158, 9368, 7178, 170865, 9606, 158617, 34630"
P03316,16,"Acrocephalus scirpaceus, Aedes, Culex, Homo sapiens, Motacilla alba, Streptopelia turtur","48156, 7158, 53527, 9606, 45807, 177155"
P03374,98,Mus musculus,10090
P03375,32,Homo sapiens,9606
P03377,32,Homo sapiens,9606
P03378,31,Homo sapiens,9606
P03379,106,Ovis aries,9940
P03380,33,Bos taurus,9913
P03381,20,Homo sapiens,9606
P03383,18,Homo sapiens,9606
P03385,33,Mus musculus,10090
P03386,31,Mus musculus,10090
P03388,32,Mus musculus,10090
P03389,32,Mus musculus,10090
P03390,34,Mus musculus,10090
P03391,34,Felidae,9681
P03392,34,Felidae,9681
P03393,32,Mus musculus,10090
P03394,32,Mus musculus,10090
P03396,64,Gallus gallus,9031
P03399,35,Galliformes,8976
P03420,21,Homo sapiens,9606
P03435,16,"Aves, Cetacea, Homo sapiens, Phocidae, Sus scrofa","8782, 9721, 9606, 9709, 9823"
P03436,16,"Aves, Cetacea, Homo sapiens, Phocidae, Sus scrofa","8782, 9721, 9606, 9709, 9823"
P03437,16,"Aves, Cetacea, Homo sapiens, Phocidae, Sus scrofa","8782, 9721, 9606, 9709, 9823"
P03438,16,"Aves, Cetacea, Homo sapiens, Phocidae, Sus scrofa","8782, 9721, 9606, 9709, 9823"
P03439,16,"Aves, Cetacea, Homo sapiens, Phocidae, Sus scrofa","8782, 9721, 9606, 9709, 9823"
P03440,16,"Aves, Homo sapiens, Mysticeti, Phocidae, Sus scrofa","8782, 9606, 9761, 9709, 9823"
P03442,16,"Aves, Equus caballus","8782, 9796"
P03443,16,"Aves, Sus scrofa","8782, 9823"
P03444,17,"Anatidae, Gallus gallus","8830, 9031"
P03445,16,Aves,8782
P03446,17,"Aves, Sus scrofa","8782, 9823"
P03447,16,Aves,8782
P03448,16,Aves,8782
P03449,16,"Aves, Cetacea, Homo sapiens, Phocidae, Sus scrofa","8782, 9721, 9606, 9709, 9823"
P03450,15,"Aves, Homo sapiens","8782, 9606"
P03451,15,"Aves, Homo sapiens","8782, 9606"
P03452,17,"Aves, Homo sapiens, Sus scrofa","8782, 9606, 9823"
P03453,17,"Aves, Homo sapiens, Sus scrofa","8782, 9606, 9823"
P03454,17,"Aves, Homo sapiens, Sus scrofa","8782, 9606, 9823"
P03455,17,"Aves, Homo sapiens, Sus scrofa","8782, 9606, 9823"
P03456,16,Aves,8782
P03457,18,Aves,8782
P03458,18,Aves,8782
P03459,18,Aves,8782
P03460,15,Homo sapiens,9606
P03461,5,Homo sapiens,9606
P03462,8,Homo sapiens,9606
P03463,15,Homo sapiens,9606
P03464,15,Homo sapiens,9606
P03465,14,"Homo sapiens, Sus scrofa","9606, 9823"
P03517,28,"Homo sapiens, Phlebotomus papatasi","9606, 29031"
P03518,16,"Aedes, Bos taurus, Bos taurus x Bison bison, Camelus bactrianus, Capra hircus, Homo sapiens, Ovis aries, Phlebotomus papatasi","7158, 9913, 297284, 9837, 9925, 9606, 9940, 29031"
P03522,16,"Aedes, Bos taurus, Culicoides, Equus asinus, Equus caballus, Homo sapiens, Lutzomyia, Musca domestica, Simuliidae, Sus scrofa","7158, 9913, 58271, 9793, 9796, 9606, 252607, 7370, 7190, 9823"
P03524,19,"Homo sapiens, Mammalia","9606, 40674"
P03619,23,Escherichia coli,562
P03620,29,Escherichia coli,562
P03621,36,Pseudomonas aeruginosa,287
P03661,18,Escherichia coli,562
P03663,19,Escherichia coli,562
P04027,22,Macaca mulatta,9544
P04135,17,Sus scrofa,9823
P04136,23,Sus scrofa,9823
P04488,20,Homo sapiens,9606
P04494,17,Homo sapiens,9606
P04505,16,"Aedes aegypti, Homo sapiens","7159, 9606"
P04577,19,Homo sapiens,9606
P04578,32,Homo sapiens,9606
P04579,32,Homo sapiens,9606
P04580,30,Homo sapiens,9606
P04581,31,Homo sapiens,9606
P04582,32,Homo sapiens,9606
P04583,30,Homo sapiens,9606
P04624,32,Homo sapiens,9606
P04659,16,Aves,8782
P04660,16,Aves,8782
P04661,16,Aves,8782
P04662,16,Aves,8782
P04849,19,"Canis lupus familiaris, Homo sapiens","9615, 9606"
P04855,25,"Cavia cutleri, Cricetidae sp., Mus musculus, Rattus norvegicus","10144, 36483, 10090, 10116"
P04856,25,"Cavia cutleri, Cricetidae sp., Mus musculus, Rattus norvegicus","10144, 36483, 10090, 10116"
P04875,13,"Aedes, Bos taurus, Canis lupus familiaris, Culex, Culiseta, Equus caballus, Gallus gallus, Homo sapiens, Lepus americanus","7158, 9913, 9615, 7174, 174825, 9796, 9031, 9606, 48086"
P04882,16,"Aedes, Bos taurus, Culicoides, Equus asinus, Equus caballus, Homo sapiens, Lutzomyia, Musca domestica, Simuliidae, Sus scrofa","7158, 9913, 58271, 9793, 9796, 9606, 252607, 7370, 7190, 9823"
P04883,16,"Aedes, Bos taurus, Culicoides, Equus asinus, Equus caballus, Homo sapiens, Lutzomyia, Musca domestica, Simuliidae, Sus scrofa","7158, 9913, 58271, 9793, 9796, 9606, 252607, 7370, 7190, 9823"
P04884,16,"Aedes, Bos taurus, Culicoides, Equus asinus, Equus caballus, Homo sapiens, Lutzomyia, Musca domestica, Simuliidae, Sus scrofa","7158, 9913, 58271, 9793, 9796, 9606, 252607, 7370, 7190, 9823"
P05135,18,Gallus gallus,9031
P05137,22,Gallus gallus,9031
P05674,15,"Bos taurus, Didelphis marsupialis, Equus asinus, Equus caballus, Homo sapiens, Melanoconion, Philander opossum, Proechimys, Sigmodon hispidus","9913, 9268, 9793, 9796, 9606, 53535, 9272, 10162, 42415"
P05877,31,Homo sapiens,9606
P05878,31,Homo sapiens,9606
P05879,33,Homo sapiens,9606
P05880,31,Homo sapiens,9606
P05881,31,Homo sapiens,9606
P05882,31,Homo sapiens,9606
P05883,22,Homo sapiens,9606
P05884,19,Cercopithecidae,9527
P05885,22,Cercopithecidae,9527
P05886,20,Cercopithecidae,9527
P05992,23,Sus scrofa,9823
P06024,22,Sus scrofa,9823
P06156,31,Gallus gallus,9031
P06436,29,Homo sapiens,9606
P06437,30,Homo sapiens,9606
P06445,32,Mus musculus,10090
P06473,24,Homo sapiens,9606
P06475,27,Homo sapiens,9606
P06476,25,Homo sapiens,9606
P06477,20,Homo sapiens,9606
P06497,22,Homo sapiens,9606
P06498,18,Homo sapiens,9606
P06752,34,Felis catus,9685
P06763,22,Homo sapiens,9606
P06828,18,Homo sapiens,9606
P07238,23,Escherichia coli,562
P07566,22,Homo sapiens,9606
P07575,22,Macaca mulatta,9544
P07646,23,Sus scrofa,9823
P07923,20,Salmo,8028
P07946,16,Sus scrofa,9823
P07966,1,"Homo sapiens, Sus scrofa","9606, 9823"
P07967,1,"Homo sapiens, Sus scrofa","9606, 9823"
P07968,1,"Homo sapiens, Sus scrofa","9606, 9823"
P07970,1,"Homo sapiens, Sus scrofa","9606, 9823"
P07971,1,"Homo sapiens, Sus scrofa","9606, 9823"
P07973,1,"Homo sapiens, Sus scrofa","9606, 9823"
P07974,1,"Homo sapiens, Sus scrofa","9606, 9823"
P07975,14,"Homo sapiens, Sus scrofa","9606, 9823"
P07976,16,Aves,8782
P08026,22,Escherichia coli,562
P08072,19,Oryctolagus cuniculus,9986
P08354,20,Sus scrofa,9823
P08355,40,Sus scrofa,9823
P08356,20,Homo sapiens,9606
P08359,34,Felidae,9681
P08360,33,Mus musculus,10090
P08441,19,Oryctolagus cuniculus,9986
P08491,20,"Aedes, Culex annulirostris, Homo sapiens, Macropus sp.","7158, 162997, 9606, 9322"
P08560,18,Homo sapiens,9606
P08563,23,Homo sapiens,9606
P08564,22,Homo sapiens,9606
P08665,30,Homo sapiens,9606
P08666,22,Homo sapiens,9606
P08667,19,"Homo sapiens, Mammalia","9606, 40674"
P08668,18,"Apodemus agrarius, Homo sapiens","39030, 9606"
P08714,16,Homo sapiens,9606
P08768,15,"Aedes, Homo sapiens, Passeriformes","7158, 9606, 9126"
P08810,19,Cercopithecidae,9527
P09175,17,Sus scrofa,9823
P09258,17,Homo sapiens,9606
P09260,17,Homo sapiens,9606
P09261,21,Homo sapiens,9606
P09308,21,Homo sapiens,9606
P09343,18,"Aves, Equus caballus, Homo sapiens, Phocidae","8782, 9796, 9606, 9709"
P09344,18,"Aves, Equus caballus, Homo sapiens, Phocidae","8782, 9796, 9606, 9709"
P09345,16,"Aves, Felis catus, Homo sapiens, Panthera pardus, Panthera tigris, Sus scrofa","8782, 9685, 9606, 9691, 9694, 9823"
P09385,22,Escherichia coli O157:H7,83334
P09386,19,Escherichia coli O157:H7,83334
P09458,19,Homo sapiens,9606
P09592,15,"Bos taurus, Didelphis marsupialis, Equus asinus, Equus caballus, Homo sapiens, Melanoconion, Philander opossum, Proechimys, Sigmodon hispidus","9913, 9268, 9793, 9796, 9606, 53535, 9272, 10162, 42415"
P09612,13,"Cervidae, Homo sapiens, Ochlerotatus triseriatus, Tamias","9850, 9606, 7162, 13712"
P09613,17,"Homo sapiens, Ixodes ricinus","9606, 34613"
P09727,17,Homo sapiens,9606
P09728,24,Homo sapiens,9606
P09729,27,Homo sapiens,9606
P09730,21,Homo sapiens,9606
P09731,17,Homo sapiens,9606
P09765,8,Homo sapiens,9606
P09766,8,Homo sapiens,9606
P09767,8,Homo sapiens,9606
P09990,18,Bos taurus,9913
P0C0V9,14,Bos taurus,9913
P0C0W0,14,Bos taurus,9913
P0C212,20,Homo sapiens,9606
P0C572,19,"Canis lupus familiaris, Chodsigoa caovansunga, Felis catus, Rodentia","9615, 269271, 9685, 9989"
P0C573,19,"Homo sapiens, Pan troglodytes","9606, 9598"
P0C625,19,"Homo sapiens, Pan troglodytes","9606, 9598"
P0C692,19,"Homo sapiens, Pan troglodytes","9606, 9598"
P0C699,19,"Homo sapiens, Pan troglodytes","9606, 9598"
P0C6G7,19,"Homo sapiens, Pan troglodytes","9606, 9598"
P0C6G9,19,"Homo sapiens, Pan troglodytes","9606, 9598"
P0C6H2,19,"Homo sapiens, Pan troglodytes","9606, 9598"
P0C6H3,19,Homo sapiens,9606
P0C6H5,19,"Homo sapiens, Pan troglodytes","9606, 9598"
P0C6I1,19,"Homo sapiens, Pan troglodytes","9606, 9598"
P0C6I5,19,"Homo sapiens, Pan troglodytes","9606, 9598"
P0C6J0,19,Lagothrix lagotricha,9519
P0C6J2,19,Marmota monax,9995
P0C6J3,19,Marmota monax,9995
P0C6J4,19,Marmota monax,9995
P0C6J5,19,Marmota monax,9995
P0C6J6,19,Marmota monax,9995
P0C6J9,19,Anas,8835
P10033,19,Felidae,9681
P10149,22,Escherichia coli,562
P10185,19,Homo sapiens,9606
P10211,30,Homo sapiens,9606
P10228,24,Homo sapiens,9606
P10259,98,Mus musculus,10090
P10269,18,"Papio, Theropithecus gelada","9554, 9565"
P10448,8,Homo sapiens,9606
P10681,27,Gallus gallus,9031
P10757,15,Homo sapiens,9606
P10864,19,"Bos indicus, Bos taurus, Bubalus bubalis, Capra hircus, Gazella, Giraffa camelopardalis, Hippopotamus, Ovis aries, Suidae","9915, 9913, 89462, 9925, 9933, 9894, 9832, 9940, 9821"
P10865,31,Gallus gallus,9031
P11041,27,Bombyx mori,7091
P11132,16,Aves,8782
P11135,16,Aves,8782
P11209,21,Homo sapiens,9606
P11223,18,Gallus gallus,9031
P11224,14,Mus musculus,10090
P11225,10,Mus musculus,10090
P11236,19,Homo sapiens,9606
P11261,34,Felis catus,9685
P11267,22,Cercopithecidae,9527
P11268,31,Mus musculus,10090
P11316,21,Homo sapiens,9606
P11318,22,Homo sapiens,9606
P11323,19,Homo sapiens,9606
P11364,28,Felidae,9681
P12430,21,Culex,53527
P12439,17,Aves,8782
P12440,7,Homo sapiens,9606
P12441,12,Homo sapiens,9606
P12442,11,Homo sapiens,9606
P12443,11,Homo sapiens,9606
P12449,21,Homo sapiens,9606
P12487,31,Homo sapiens,9606
P12488,30,Homo sapiens,9606
P12489,31,Homo sapiens,9606
P12490,31,Homo sapiens,9606
P12491,31,Homo sapiens,9606
P12492,23,Cercopithecidae,9527
P12568,21,Homo sapiens,9606
P12569,135,"Ailuropoda melanoleuca, Ailurus fulgens, Canis lupus familiaris, Mustela, Panthera leo, Procyon lotor, Zalophus californianus","9646, 9649, 9615, 9665, 9689, 9654, 9704"
P12570,31,Gallus gallus,9031
P12571,31,Gallus gallus,9031
P12572,31,Gallus gallus,9031
P12574,19,"Bos indicus, Bos taurus, Bubalus bubalis, Capra hircus, Gazella, Giraffa camelopardalis, Hippopotamus, Ovis aries, Suidae","9915, 9913, 89462, 9925, 9933, 9894, 9832, 9940, 9821"
P12575,25,"Cavia cutleri, Cricetidae sp., Mus musculus, Rattus norvegicus","10144, 36483, 10090, 10116"
P12581,17,Aves,8782
P12583,16,"Aves, Equus caballus","8782, 9796"
P12590,17,"Aves, Homo sapiens, Sus scrofa","8782, 9606, 9823"
P12605,21,Homo sapiens,9606
P12640,67,Bos taurus,9913
P12641,22,Bos taurus,9913
P12647,17,Drosophila melanogaster,7227
P12650,18,Gallus gallus,9031
P12651,18,Gallus gallus,9031
P12722,18,Gallus gallus,9031
P12824,23,Homo sapiens,9606
P13101,18,Aves,8782
P13102,18,"Aves, Cetacea","8782, 9721"
P13103,18,Aves,8782
P13160,21,Felidae,9681
P13180,21,"Homo sapiens, Phlebotominae","9606, 7198"
P13201,24,Homo sapiens,9606
P13289,23,Homo sapiens,9606
P13304,26,Escherichia coli,562
P13374,25,"Gallus gallus, Meleagris gallopavo","9031, 9103"
P13625,17,Orgyia pseudotsugata,33414
P13843,22,Homo sapiens,9606
P13845,19,Ardeidae,8899
P13890,20,"Aedes, Culex annulirostris, Homo sapiens, Macropus sp.","7158, 162997, 9606, 9322"
P13897,15,"Aedes, Anopheles, Culex tarsalis, Haemorhous mexicanus, Homo sapiens, Lepus americanus, Lithobates pipiens, Passer domesticus, Thamnophis, Urocitellus richardsonii","7158, 7164, 7177, 30427, 9606, 48086, 8404, 48849, 34999, 37591"
P14075,20,Homo sapiens,9606
P14334,19,Homo sapiens,9606
P14378,21,Bos taurus,9913
P14623,31,Gallus gallus,9031
P15073,32,Mus musculus,10090
P15133,22,Homo sapiens,9606
P15134,22,Homo sapiens,9606
P15136,19,Homo sapiens,9606
P15199,19,"Homo sapiens, Mammalia","9606, 40674"
P15240,27,Staphylococcus aureus,1280
P15415,19,Escherichia coli,562
P15416,29,Escherichia coli,562
P15423,15,Homo sapiens,9606
P15658,16,"Aves, Equus caballus","8782, 9796"
P15776,18,Bos taurus,9913
P15777,17,Bos taurus,9913
P15831,23,Homo sapiens,9606
P15879,40,Clostridium botulinum,1491
P16060,16,Aves,8782
P16288,19,"Homo sapiens, Mammalia","9606, 40674"
P16492,16,Saimiri sciureus,9521
P16493,18,"Apodemus agrarius, Homo sapiens","39030, 9606"
P16561,16,Homo sapiens,9606
P16721,31,Homo sapiens,9606
P16739,23,Homo sapiens,9606
P16740,25,Homo sapiens,9606
P16745,19,Homo sapiens,9606
P16750,30,Homo sapiens,9606
P16756,23,Homo sapiens,9606
P16757,26,Homo sapiens,9606
P16758,25,Homo sapiens,9606
P16778,22,Homo sapiens,9606
P16795,21,Homo sapiens,9606
P16808,25,Homo sapiens,9606
P16809,23,Homo sapiens,9606
P16832,30,Homo sapiens,9606
P16833,24,Homo sapiens,9606
P16845,20,Homo sapiens,9606
P16848,23,Homo sapiens,9606
P16853,18,"Apodemus agrarius, Homo sapiens","39030, 9606"
P16899,107,Ovis aries,9940
P16948,19,Mycosarcoma maydis,5270
P16994,16,"Aves, Equus caballus","8782, 9796"
P16995,16,"Aves, Equus caballus","8782, 9796"
P16996,16,"Aves, Equus caballus","8782, 9796"
P16997,16,"Aves, Equus caballus","8782, 9796"
P16998,16,"Aves, Equus caballus","8782, 9796"
P16999,16,"Aves, Equus caballus","8782, 9796"
P17000,16,"Aves, Cetacea, Equus caballus, Homo sapiens, Phocidae, Sus scrofa","8782, 9721, 9796, 9606, 9709, 9823"
P17001,16,"Aves, Equus caballus","8782, 9796"
P17002,16,"Aves, Equus caballus","8782, 9796"
P17099,19,"Homo sapiens, Pan troglodytes","9606, 9598"
P17146,25,Homo sapiens,9606
P17150,19,Homo sapiens,9606
P17175,21,Homo sapiens,9606
P17176,23,Homo sapiens,9606
P17190,19,Anas,8835
P17191,19,Anas,8835
P17281,30,Pan,9596
P17471,67,Bos taurus,9913
P17472,28,Equus caballus,9796
P17501,20,Lepidoptera,7088
P17504,15,Homo sapiens,9606
P17662,18,Gallus gallus,9031
P17755,24,Homo sapiens,9606
P17880,16,"Homo sapiens, Rattus norvegicus, Rattus rattus","9606, 10116, 10117"
P18040,21,Homo sapiens,9606
P18050,86,Equus caballus,9796
P18094,22,Homo sapiens,9606
P18450,16,Sus scrofa,9823
P18535,32,"Gallus gallus, Meleagris gallopavo","9031, 9103"
P18538,21,Gallus gallus,9031
P18551,86,Equus caballus,9796
P18557,18,"Ornithodoros, Sus scrofa","6937, 9823"
P18558,18,"Ornithodoros, Sus scrofa","6937, 9823"
P18559,19,"Ornithodoros, Sus scrofa","6937, 9823"
P18569,18,Lepidoptera,7088
P18799,31,Homo sapiens,9606
P18875,17,"Aves, Homo sapiens, Sus scrofa","8782, 9606, 9823"
P18876,17,"Aves, Homo sapiens, Sus scrofa","8782, 9606, 9823"
P19063,17,Homo sapiens,9606
P19106,16,"Aves, Cetacea, Homo sapiens, Phocidae, Sus scrofa","8782, 9721, 9606, 9709, 9823"
P19347,22,"Escherichia coli, Salmonella typhimurium","562, 90371"
P19462,19,"Homo sapiens, Mammalia","9606, 40674"
P19503,22,Cercopithecidae,9527
P19549,31,Homo sapiens,9606
P19550,31,Homo sapiens,9606
P19551,32,Homo sapiens,9606
P19694,16,"Aves, Sus scrofa","8782, 9823"
P19695,16,Aves,8782
P19696,16,"Aves, Sus scrofa","8782, 9823"
P19697,16,"Aves, Sus scrofa","8782, 9823"
P19698,16,Aves,8782
P19699,16,"Aves, Equus caballus","8782, 9796"
P19700,16,"Aves, Sus scrofa","8782, 9823"
P19701,16,"Aves, Phocidae","8782, 9709"
P19702,16,Aves,8782
P19716,19,Homo sapiens,9606
P19725,22,Homo sapiens,9606
P19739,21,Homo sapiens,9606
P19742,43,Felidae,9681
P19743,17,Felidae,9681
P20494,19,Homo sapiens,9606
P20747,55,Galliformes,8976
P20871,32,Homo sapiens,9606
P20872,24,Homo sapiens,9606
P20888,31,Homo sapiens,9606
P20978,16,Homo sapiens,9606
P21004,13,Homo sapiens,9606
P21005,17,Homo sapiens,9606
P21014,20,Homo sapiens,9606
P21058,14,Homo sapiens,9606
P21064,16,Homo sapiens,9606
P21077,21,Homo sapiens,9606
P21115,17,Homo sapiens,9606
P21116,18,Homo sapiens,9606
P21400,23,"Homo sapiens, Myodes glareolus","9606, 447135"
P21401,16,"Aedes, Bos taurus, Bos taurus x Bison bison, Camelus bactrianus, Capra hircus, Homo sapiens, Ovis aries, Phlebotomus papatasi","7158, 9913, 297284, 9837, 9925, 9606, 9940, 29031"
P21412,19,Mammalia,40674
P21415,41,Hylobatidae,9577
P21436,33,Mus musculus,10090
P21443,34,Felidae,9681
P21444,34,Felidae,9681
P21445,36,Felidae,9681
P22056,14,"Anopheles, Homo sapiens","44482, 9606"
P22092,15,Homo sapiens,9606
P22167,25,Bos taurus,9913
P22432,14,Mus musculus,10090
P22484,19,Equus caballus,9796
P22485,30,Homo sapiens,9606
P22596,32,Equus caballus,9796
P22650,27,Gallus gallus,9031
P22651,27,Gallus gallus,9031
P23052,20,Equus caballus,9796
P23058,19,Lepidoptera,7088
P23061,20,Choristoneura fumiferana,7141
P23064,20,Homo sapiens,9606
P23422,106,Ovis aries,9940
P23423,106,Ovis aries,9940
P23728,25,Bos taurus,9913
P23998,19,Homo sapiens,9606
P24083,17,Homo sapiens,9606
P24084,17,Homo sapiens,9606
P24105,24,Homo sapiens,9606
P24284,17,Homo sapiens,9606
P24358,20,Bos taurus,9913
P24380,23,Equus caballus,9796
P24412,17,Sus scrofa,9823
P24413,16,Sus scrofa,9823
P24430,22,Equus caballus,9796
P24614,18,Meleagris gallopavo,9103
P24766,16,Bos taurus,9913
P24770,13,Bos taurus,9913
P24771,17,Bos taurus,9913
P24872,30,Equus caballus,9796
P24904,26,Gallus gallus,9031
P24905,17,Saimiri sciureus,9521
P24916,22,Saimiri sciureus,9521
P24994,34,Homo sapiens,9606
P25057,33,Bos taurus,9913
P25129,31,Pseudomonas aeruginosa,287
P25181,26,Simiiformes,314293
P25190,14,Bos taurus,9913
P25191,17,Bos taurus,9913
P25192,17,Bos taurus,9913
P25193,17,Bos taurus,9913
P25194,17,Bos taurus,9913
P25212,18,Bos taurus,9913
P25213,19,Bos taurus,9913
P25218,86,Equus caballus,9796
P25467,23,Homo sapiens,9606
P25504,33,Bos taurus,9913
P25505,33,Bos taurus,9913
P25506,33,Bos taurus,9913
P25507,33,Bos taurus,9913
P25783,16,Lepidoptera,7088
P25878,17,Felidae,9681
P25943,16,Oryctolagus cuniculus,9986
P25946,17,Oryctolagus cuniculus,9986
P26031,26,Homo sapiens,9606
P26032,23,Homo sapiens,9606
P26094,18,"Aves, Equus caballus, Homo sapiens, Phocidae","8782, 9796, 9606, 9709"
P26095,18,"Aves, Equus caballus, Homo sapiens, Phocidae","8782, 9796, 9606, 9709"
P26096,18,"Aves, Equus caballus, Homo sapiens, Phocidae","8782, 9796, 9606, 9709"
P26097,18,"Aves, Equus caballus, Homo sapiens, Phocidae","8782, 9796, 9606, 9709"
P26098,18,"Aves, Equus caballus, Homo sapiens, Phocidae","8782, 9796, 9606, 9709"
P26099,18,"Aves, Equus caballus, Homo sapiens, Phocidae","8782, 9796, 9606, 9709"
P26100,18,"Aves, Equus caballus, Homo sapiens, Phocidae","8782, 9796, 9606, 9709"
P26101,18,"Aves, Equus caballus, Homo sapiens, Phocidae","8782, 9796, 9606, 9709"
P26102,18,"Aves, Equus caballus, Homo sapiens, Phocidae","8782, 9796, 9606, 9709"
P26103,18,"Aves, Equus caballus, Homo sapiens, Phocidae","8782, 9796, 9606, 9709"
P26134,16,Aves,8782
P26135,16,"Aves, Equus caballus","8782, 9796"
P26136,17,Aves,8782
P26137,12,Aves,8782
P26138,16,"Aves, Cetacea, Homo sapiens, Phocidae, Sus scrofa","8782, 9721, 9606, 9709, 9823"
P26139,16,"Aves, Cetacea, Homo sapiens, Phocidae, Sus scrofa","8782, 9721, 9606, 9709, 9823"
P26140,17,"Aves, Homo sapiens, Sus scrofa","8782, 9606, 9823"
P26141,16,"Aves, Cetacea, Homo sapiens, Phocidae, Sus scrofa","8782, 9721, 9606, 9709, 9823"
P26562,17,"Aves, Homo sapiens, Sus scrofa","8782, 9606, 9823"
P26628,31,Gallus gallus,9031
P26629,23,Homo sapiens,9606
P26702,16,"Ornithodoros, Sus scrofa","6937, 9823"
P26703,16,"Ornithodoros, Sus scrofa","6937, 9823"
P26704,17,"Ornithodoros, Sus scrofa","6937, 9823"
P26705,20,"Ornithodoros, Sus scrofa","6937, 9823"
P26706,17,"Ornithodoros, Sus scrofa","6937, 9823"
P26707,18,"Ornithodoros, Sus scrofa","6937, 9823"
P26708,18,"Ornithodoros, Sus scrofa","6937, 9823"
P26709,20,"Ornithodoros, Sus scrofa","6937, 9823"
P26710,19,"Ornithodoros, Sus scrofa","6937, 9823"
P26803,34,Mus musculus,10090
P26804,34,Mus musculus,10090
P26814,16,Escherichia coli,562
P27171,36,Mus musculus,10090
P27277,17,"Aphis, Bidens pilosa, Lactuca sativa, Sonchus oleraceus","80764, 42337, 4236, 50207"
P27284,15,"Aedes, Homo sapiens, Passeriformes","7158, 9606, 9126"
P27285,16,"Acrocephalus scirpaceus, Aedes, Culex, Homo sapiens, Motacilla alba, Streptopelia turtur","48156, 7158, 53527, 9606, 45807, 177155"
P27286,23,Homo sapiens,9606
P27312,23,"Homo sapiens, Myodes glareolus","9606, 447135"
P27315,21,Microtus pennsylvanicus,10058
P27415,26,Gallus gallus,9031
P27416,30,Sus scrofa,9823
P27427,20,"Homo sapiens, Ixodida","9606, 6935"
P27593,30,Sus scrofa,9823
P27599,25,Bos taurus,9913
P27655,16,Sus scrofa,9823
P27662,20,"Coregonus lavaretus, Esox lucius, Oncorhynchus kisutch, Oncorhynchus mykiss, Oncorhynchus tshawytscha, Salmo trutta, Salvelinus namaycush, Thymallus thymallus","59291, 8010, 8019, 8022, 74940, 8032, 8040, 36185"
P27757,16,Cercopithecidae,9527
P27944,16,"Ornithodoros, Sus scrofa","6937, 9823"
P27945,16,"Ornithodoros, Sus scrofa","6937, 9823"
P27977,19,Cercopithecidae,9527
P28278,16,Homo sapiens,9606
P28728,16,"Apodemus agrarius, Homo sapiens","39030, 9606"
P28729,16,"Homo sapiens, Rattus norvegicus, Rattus rattus","9606, 10116, 10117"
P28730,17,"Aves, Sus scrofa","8782, 9823"
P28731,17,"Aves, Sus scrofa","8782, 9823"
P28864,23,Homo sapiens,9606
P28886,10,Phocidae,9709
P28967,19,Equus caballus,9796
P28968,25,Equus caballus,9796
P28977,15,"Amblyomma variegatum, Cavia cutleri, Mungos mungo, Rhipicephalus appendiculatus, Rhipicephalus microplus","34610, 10144, 210652, 34631, 6941"
P28980,27,Equus caballus,9796
P28986,24,Homo sapiens,9606
P28992,28,Equidae,9788
P28994,21,Equidae,9788
P28995,18,Equidae,9788
P29326,19,Homo sapiens,9606
P29791,25,Bos taurus,9913
P29825,16,Oryctolagus cuniculus,9986
P30005,56,Homo sapiens,9606
P30027,19,Anas,8835
P30215,18,Homo sapiens,9606
P30237,23,Gallus gallus,9031
P30238,22,Gallus gallus,9031
P30239,23,Gallus gallus,9031
P30240,23,Gallus gallus,9031
P30673,14,Mus musculus,10090
P31613,18,Bos taurus,9913
P31614,19,Mus musculus,10090
P31615,20,Mus musculus,10090
P31621,84,Ovis aries,9940
P31626,83,Capra hircus,9925
P31627,80,Capra hircus,9925
P31789,28,Mus musculus,10090
P31791,22,Felidae,9681
P31793,32,Mus musculus,10090
P31794,31,Mus musculus,10090
P31796,35,Galliformes,8976
P31819,37,Homo sapiens,9606
P31872,31,Homo sapiens,9606
P32514,19,Equus caballus,9796
P32515,25,Equus caballus,9796
P32536,24,Homo sapiens,9606
P32550,19,"Homo sapiens, Mammalia","9606, 40674"
P32595,12,"Bos taurus, Bubalus bubalis, Culicoides, Syncerus caffer","9913, 89462, 58271, 9970"
P32596,14,"Bos taurus, Bubalus bubalis, Culicoides, Syncerus caffer","9913, 89462, 58271, 9970"
P32650,19,Equus caballus,9796
P33426,19,Homo sapiens,9606
P33455,17,"Homo sapiens, Rattus norvegicus, Rattus rattus","9606, 10116, 10117"
P33464,17,Sus scrofa,9823
P33465,23,Felidae,9681
P33467,17,Felidae,9681
P33468,18,Bos taurus,9913
P33470,16,Sus scrofa,9823
P33481,19,Homo sapiens,9606
P33500,27,Gallus gallus,9031
P33612,31,Gallus gallus,9031
P33613,31,Gallus gallus,9031
P33614,31,Gallus gallus,9031
P33615,31,Gallus gallus,9031
P33807,16,Homo sapiens,9606
P33852,25,Homo sapiens,9606
P33854,16,Homo sapiens,9606
P33865,20,Homo sapiens,9606
P34016,17,Homo sapiens,9606
P35253,18,"Chlorocebus aethiops, Homo sapiens, Rousettus aegyptiacus","9534, 9606, 9407"
P35254,18,"Chlorocebus aethiops, Homo sapiens, Rousettus aegyptiacus","9534, 9606, 9407"
P35771,19,Homo sapiens,9606
P35936,31,Gallus gallus,9031
P35949,21,Mus musculus,10090
P35954,106,Ovis aries,9940
P35961,31,Homo sapiens,9606
P35973,23,Homo sapiens,9606
P36291,35,"Frankliniella occidentalis, Scirtothrips dorsalis, Solanum lycopersicum, Thrips tabaci","133901, 163899, 4081, 161014"
P36299,17,Canis lupus familiaris,9615
P36300,18,Canis lupus familiaris,9615
P36301,23,Canis lupus familiaris,9615
P36302,15,Canis lupus familiaris,9615
P36318,25,Homo sapiens,9606
P36319,23,Homo sapiens,9606
P36320,23,Homo sapiens,9606
P36329,15,"Bos taurus, Didelphis marsupialis, Equus asinus, Equus caballus, Homo sapiens, Melanoconion, Philander opossum, Proechimys, Sigmodon hispidus","9913, 9268, 9793, 9796, 9606, 53535, 9272, 10162, 42415"
P36330,15,"Bos taurus, Didelphis marsupialis, Equus asinus, Equus caballus, Homo sapiens, Melanoconion, Philander opossum, Proechimys, Sigmodon hispidus","9913, 9268, 9793, 9796, 9606, 53535, 9272, 10162, 42415"
P36331,15,"Bos taurus, Didelphis marsupialis, Equus asinus, Equus caballus, Homo sapiens, Melanoconion, Philander opossum, Proechimys, Sigmodon hispidus","9913, 9268, 9793, 9796, 9606, 53535, 9272, 10162, 42415"
P36332,15,"Bos taurus, Didelphis marsupialis, Equus asinus, Equus caballus, Homo sapiens, Melanoconion, Philander opossum, Proechimys, Sigmodon hispidus","9913, 9268, 9793, 9796, 9606, 53535, 9272, 10162, 42415"
P36334,14,Homo sapiens,9606
P36336,17,Gallus gallus,9031
P36337,17,"Gallus gallus, Meleagris gallopavo","9031, 9103"
P36342,17,"Homo sapiens, Macaca fascicularis, Macaca leonina, Macaca mulatta, Macaca nemestrina","9606, 9541, 90387, 9544, 9545"
P36346,18,"Aves, Equus caballus, Homo sapiens, Phocidae","8782, 9796, 9606, 9709"
P36705,21,Homo sapiens,9606
P36707,16,Homo sapiens,9606
P39230,22,Escherichia coli,562
P40932,34,Mus musculus,10090
P41265,23,"Homo sapiens, Myodes glareolus","9606, 447135"
P41266,23,"Homo sapiens, Myodes glareolus","9606, 447135"
P41356,19,"Bos indicus, Bos taurus, Bubalus bubalis, Capra hircus, Gazella, Giraffa camelopardalis, Hippopotamus, Ovis aries, Suidae","9915, 9913, 89462, 9925, 9933, 9894, 9832, 9940, 9821"
P41360,19,"Bos indicus, Bos taurus, Bubalus bubalis, Capra hircus, Gazella, Giraffa camelopardalis, Hippopotamus, Ovis aries, Suidae","9915, 9913, 89462, 9925, 9933, 9894, 9832, 9940, 9821"
P41416,18,Lepidoptera,7088
P41428,37,Lepidoptera,7088
P41444,16,Lepidoptera,7088
P41475,19,Lepidoptera,7088
P41672,15,Lepidoptera,7088
P41675,19,Lepidoptera,7088
P41684,17,Lepidoptera,7088
P41713,18,Lepidoptera,7088
P41715,16,Choristoneura fumiferana,7141
P41717,17,Choristoneura fumiferana,7141
P41721,16,Bombyx mori,7091
P42548,27,Mycoplasma,2093
P42549,26,Mycoplasma,2093
P51515,22,Macaca mulatta,9544
P51519,33,Bos taurus,9913
P51520,22,Macaca mulatta,9544
P51728,17,Haemophilus influenzae,727
P52352,22,Homo sapiens,9606
P52353,16,Homo sapiens,9606
P52366,24,Homo sapiens,9606
P52508,18,Homo sapiens,9606
P52509,21,Homo sapiens,9606
P52510,25,Gallus gallus,9031
P52511,16,Sus scrofa,9823
P52512,16,Sus scrofa,9823
P52513,17,Mus musculus,10090
P52514,17,Mus musculus,10090
P52526,18,Homo sapiens,9606
P52543,23,Homo sapiens,9606
P52547,26,Homo sapiens,9606
P52549,23,Homo sapiens,9606
P52584,20,"Capra hircus, Homo sapiens, Ovis aries","9925, 9606, 9940"
P52585,25,"Capra hircus, Homo sapiens, Ovis aries","9925, 9606, 9940"
P52638,22,"Bos taurus, Bradypodidae, Capra hircus, Cervidae, Crocidura leucodon, Equidae, Felis catus, Hexaprotodon liberiensis, Lama glama, Oryctolagus cuniculus, Ovis aries, Struthio camelus, Varecia variegata, Vicugna pacos","9913, 9352, 9925, 9850, 109474, 9788, 9685, 56798, 9844, 9986, 9940, 8801, 9455, 30538"
P57083,25,Homo sapiens,9606
P59594,13,"Homo sapiens, Paguma larvata","9606, 9675"
P59635,15,"Homo sapiens, Paguma larvata","9606, 9675"
P59709,18,Bos taurus,9913
P59710,18,Bos taurus,9913
P59711,18,Bos taurus,9913
P60170,32,"Epomops franqueti, Homo sapiens, Myonycteris torquata","77231, 9606, 77243"
P60171,32,"Epomops franqueti, Homo sapiens, Myonycteris torquata","77231, 9606, 77243"
P60172,32,"Epomops franqueti, Homo sapiens, Myonycteris torquata","77231, 9606, 77243"
P60173,32,"Epomops franqueti, Homo sapiens, Myonycteris torquata","77231, 9606, 77243"
P60528,19,Homo sapiens,9606
P68323,23,Homo sapiens,9606
P68324,23,Homo sapiens,9606
P68325,30,Equus caballus,9796
P68326,22,Equus caballus,9796
P68327,19,Equus caballus,9796
P68328,23,Equus caballus,9796
P68329,22,Equus caballus,9796
P68330,21,Equus caballus,9796
P68331,30,Homo sapiens,9606
P68332,30,Homo sapiens,9606
P68333,30,Homo sapiens,9606
P68334,31,Equus caballus,9796
P68444,16,Bos taurus,9913
P68445,16,Homo sapiens,9606
P68570,25,"Bacillus pumilus, Bacillus subtilis","1408, 1423"
P68618,25,Homo sapiens,9606
P68619,25,Bos taurus,9913
P68636,19,Camelus,9836
P68637,19,Camelus,9836
P68638,19,Bos taurus,9913
P68639,19,Homo sapiens,9606
P68677,18,Equus caballus,9796
P68678,18,Equus caballus,9796
P68744,18,"Ornithodoros, Sus scrofa","6937, 9823"
P68745,18,"Ornithodoros, Sus scrofa","6937, 9823"
P68761,1,"Homo sapiens, Sus scrofa","9606, 9823"
P68762,14,"Homo sapiens, Sus scrofa","9606, 9823"
P68978,17,Homo sapiens,9606
P68979,17,Homo sapiens,9606
P68980,19,Homo sapiens,9606
P68981,19,Homo sapiens,9606
P69168,18,Escherichia coli,562
P69169,18,Escherichia coli,562
P69178,20,Escherichia coli,562
P69179,20,Escherichia coli,562
P69338,29,Homo sapiens,9606
P69339,29,Homo sapiens,9606
P69353,23,Homo sapiens,9606
P69354,23,Homo sapiens,9606
P69355,23,Homo sapiens,9606
P69356,23,Homo sapiens,9606
P69357,23,Homo sapiens,9606
P69358,23,Homo sapiens,9606
P69539,23,Escherichia coli,562
P69540,23,Escherichia coli,562
P69541,23,Escherichia coli,562
P69612,23,Sus scrofa,9823
P69613,23,Sus scrofa,9823
P84393,19,Equus caballus,9796
P84449,27,Equus caballus,9796
P87506,16,Aves,8782
P87666,32,"Epomops franqueti, Homo sapiens, Myonycteris torquata","77231, 9606, 77243"
P87670,32,"Epomops franqueti, Homo sapiens, Myonycteris torquata","77231, 9606, 77243"
P87671,32,"Epomops franqueti, Homo sapiens, Myonycteris torquata","77231, 9606, 77243"
P87691,7,"Homo sapiens, Sus scrofa","9606, 9823"
P89053,23,Macaca mulatta,9544
P89946,27,"Anopheles amictus, Culex annulirostris, Homo sapiens, Macropus","59117, 162997, 9606, 9312"
P89951,19,Hylobatidae,9577
Q00139,17,Ictaluridae,7996
Q00320,20,Homo sapiens,9606
Q00574,19,"Bos taurus, Capra hircus, Cervidae, Erinaceidae, Loxodonta africana, Ovis aries, Rattus norvegicus, Sus scrofa","9913, 9925, 9850, 9363, 9785, 9940, 10116, 9823"
Q00660,30,Sus scrofa,9823
Q00716,16,Procyon lotor,9654
Q00901,40,Clostridium botulinum C,36828
Q00996,19,Saimiri sciureus,9521
Q01016,20,Saimiri sciureus,9521
Q01031,19,Saimiri sciureus,9521
Q01049,21,Saimiri sciureus,9521
Q01218,16,Bos taurus,9913
Q01227,17,Bos taurus,9913
Q01232,14,Bos taurus,9913
Q01977,16,Sus scrofa,9823
Q02004,17,"Amblyomma variegatum, Homo sapiens, Hyalomma rufipes, Hyalomma truncatum, Rhipicephalus, Rhipicephalus annulatus, Rhipicephalus decoloratus, Rhipicephalus geigyi","34610, 9606, 72862, 72855, 34630, 34611, 60189, 136141"
Q02077,1,Felis catus,9685
Q02385,14,Mus musculus,10090
Q02409,21,Gallus gallus,9031
Q02837,20,Cercopithecidae,9527
Q03500,23,"Bandicota bengalensis, Callithrix, Cercopithecus hamlyni, Chlorocebus aethiops, Gallus gallus, Homo sapiens, Macaca, Mus musculus, Pan troglodytes, Saimiri, Sus scrofa","69079, 9481, 9536, 9534, 9031, 9606, 9539, 10090, 9598, 9520, 9823"
Q03731,29,"Homo sapiens, Pan troglodytes","9606, 9598"
Q03816,20,Homo sapiens,9606
Q03817,20,Homo sapiens,9606
Q03909,21,"Aves, Equus caballus","8782, 9796"
Q04463,31,Ateles,9506
Q04464,28,"Callithrix, Saimiri","9481, 9520"
Q04523,18,"Bos taurus, Felis catus, Homo sapiens, Loxodonta africana, Microtus agrestis, Mus musculus, Myodes glareolus","9913, 9685, 9606, 9785, 29092, 10090, 447135"
Q04547,20,Chlorocebus aethiops,9534
Q04548,24,Chlorocebus aethiops,9534
Q04566,35,Sus scrofa,9823
Q04568,22,Sus scrofa,9823
Q04569,32,Sus scrofa,9823
Q04611,19,Homo sapiens,9606
Q04703,23,Canis lupus familiaris,9615
Q04704,15,Canis lupus familiaris,9615
Q05059,25,Homo sapiens,9606
Q05060,25,Homo sapiens,9606
Q05320,32,"Epomops franqueti, Homo sapiens, Myonycteris torquata","77231, 9606, 77243"
Q05495,19,"Homo sapiens, Pan troglodytes","9606, 9598"
Q05894,20,Lepidoptera,7088
Q06093,56,Homo sapiens,9606
Q06094,26,Homo sapiens,9606
Q06670,19,Lepidoptera,7088
Q06VC5,26,Noctuidae,7100
Q06Y10,15,Homo sapiens,9606
Q06Y16,15,Homo sapiens,9606
Q07005,30,Homo sapiens,9606
Q07FI5,17,"Aves, Homo sapiens, Sus scrofa","8782, 9606, 9823"
Q08011,16,"Aves, Equus caballus","8782, 9796"
Q08089,19,"Homo sapiens, Mammalia","9606, 40674"
Q08100,18,Bos taurus,9913
Q08101,26,Bos taurus,9913
Q08103,24,Bos taurus,9913
Q09SZ7,22,Homo sapiens,9606
Q0A2W2,16,Aves,8782
Q0A2X3,15,"Aves, Homo sapiens","8782, 9606"
Q0A3Y1,18,Aves,8782
Q0A405,16,"Aves, Equus caballus","8782, 9796"
Q0A448,17,Aves,8782
Q0A4A6,17,"Aves, Homo sapiens, Sus scrofa","8782, 9606, 9823"
Q0A4D1,17,Aves,8782
Q0E587,34,Spodoptera frugiperda,7108
Q0E590,20,Spodoptera frugiperda,7108
Q0GBX6,19,"Homo sapiens, Mammalia","9606, 40674"
Q0GBY1,19,"Homo sapiens, Mammalia","9606, 40674"
Q0HD60,17,"Aves, Homo sapiens, Sus scrofa","8782, 9606, 9823"
Q0Q466,19,Scotophilus kuhlii,153297
Q0Q469,15,Rhinolophus macrotis,196889
Q0Q470,15,Rhinolophus macrotis,196889
Q0Q475,15,Rhinolophus macrotis,196889
Q0Q4F1,19,Tylonycteris pachypus,258959
Q0Q4F2,17,Tylonycteris pachypus,258959
Q0R5Q9,20,Homo sapiens,9606
Q0ZME7,13,Homo sapiens,9606
Q0ZME8,13,Homo sapiens,9606
Q14EB0,13,Homo sapiens,9606
Q14EB1,13,Homo sapiens,9606
Q1A243,25,Pan troglodytes,9598
Q1A261,33,Pan troglodytes,9598
Q1I2B9,17,"Aves, Homo sapiens, Sus scrofa","8782, 9606, 9823"
Q1I2G3,16,"Aves, Cetacea, Homo sapiens, Phocidae, Sus scrofa","8782, 9721, 9606, 9709, 9823"
Q1PD50,18,"Chlorocebus aethiops, Homo sapiens, Rousettus aegyptiacus","9534, 9606, 9407"
Q1PDC7,18,"Chlorocebus aethiops, Homo sapiens, Rousettus aegyptiacus","9534, 9606, 9407"
Q1PUD9,16,"Aves, Cetacea, Homo sapiens, Phocidae, Sus scrofa","8782, 9721, 9606, 9709, 9823"
Q20MD6,16,"Aves, Cetacea, Homo sapiens, Phocidae, Sus scrofa","8782, 9721, 9606, 9709, 9823"
Q20MH9,17,"Aves, Homo sapiens, Sus scrofa","8782, 9606, 9823"
Q20NC1,16,"Aves, Equus caballus","8782, 9796"
Q20ND2,16,"Aves, Homo sapiens, Mysticeti, Phocidae, Sus scrofa","8782, 9606, 9761, 9709, 9823"
Q20NH7,17,Aves,8782
Q20NJ0,16,"Aves, Sus scrofa","8782, 9823"
Q20NS9,16,Spatula discors,75842
Q288V2,17,"Aves, Homo sapiens, Sus scrofa","8782, 9606, 9823"
Q289M7,17,"Aves, Homo sapiens, Sus scrofa","8782, 9606, 9823"
Q2F4V2,16,"Aves, Felis catus, Homo sapiens, Panthera pardus, Panthera tigris, Sus scrofa","8782, 9685, 9606, 9691, 9694, 9823"
Q2ICR0,16,"Aves, Cetacea, Homo sapiens, Phocidae, Sus scrofa","8782, 9721, 9606, 9709, 9823"
Q2RCH5,16,"Aves, Cetacea, Homo sapiens, Phocidae, Sus scrofa","8782, 9721, 9606, 9709, 9823"
Q2RFA5,16,"Aves, Cetacea, Homo sapiens, Phocidae, Sus scrofa","8782, 9721, 9606, 9709, 9823"
Q2VND2,16,"Aves, Cetacea, Homo sapiens, Phocidae, Sus scrofa","8782, 9721, 9606, 9709, 9823"
Q2VNF2,16,"Aves, Cetacea, Homo sapiens, Phocidae, Sus scrofa","8782, 9721, 9606, 9709, 9823"
Q306W5,21,"Aedes, Homo sapiens, Passeriformes","7158, 9606, 9126"
Q306W7,21,"Aedes, Homo sapiens, Passeriformes","7158, 9606, 9126"
Q30NQ1,16,"Aves, Cetacea, Homo sapiens, Phocidae, Sus scrofa","8782, 9721, 9606, 9709, 9823"
Q37935,19,Escherichia coli,562
Q38162,15,Escherichia coli,562
Q38211,23,Escherichia coli,562
Q38SQ8,16,"Aves, Cetacea, Homo sapiens, Phocidae, Sus scrofa","8782, 9721, 9606, 9709, 9823"
Q3I5I8,15,"Rhinolophus ferrumequinum, Rhinolophus macrotis, Rhinolophus pearsonii, Rhinolophus sinicus","59479, 196889, 188571, 89399"
Q3I5J0,15,"Rhinolophus ferrumequinum, Rhinolophus macrotis, Rhinolophus pearsonii, Rhinolophus sinicus","59479, 196889, 188571, 89399"
Q3I5J5,15,"Rhinolophus ferrumequinum, Rhinolophus macrotis, Rhinolophus pearsonii, Rhinolophus sinicus","59479, 196889, 188571, 89399"
Q3LZX1,15,Rhinolophus sinicus,89399
Q3LZX5,15,Rhinolophus sinicus,89399
Q3LZX7,15,Rhinolophus sinicus,89399
Q4A212,37,Emiliania huxleyi,2903
Q4A213,22,Emiliania huxleyi,2903
Q4A214,18,Emiliania huxleyi,2903
Q4A218,32,Emiliania huxleyi,2903
Q4A222,34,Emiliania huxleyi,2903
Q4A229,34,Emiliania huxleyi,2903
Q4A232,18,Emiliania huxleyi,2903
Q4A236,36,Emiliania huxleyi,2903
Q4A237,38,Emiliania huxleyi,2903
Q4A246,18,Emiliania huxleyi,2903
Q4A247,16,Emiliania huxleyi,2903
Q4A257,19,Emiliania huxleyi,2903
Q4A258,21,Emiliania huxleyi,2903
Q4A264,26,Emiliania huxleyi,2903
Q4A272,22,Emiliania huxleyi,2903
Q4A283,40,Emiliania huxleyi,2903
Q4A291,32,Emiliania huxleyi,2903
Q4A297,43,Emiliania huxleyi,2903
Q4A2A3,25,Emiliania huxleyi,2903
Q4A2A4,22,Emiliania huxleyi,2903
Q4A2A5,32,Emiliania huxleyi,2903
Q4A2A7,24,Emiliania huxleyi,2903
Q4A2A8,31,Emiliania huxleyi,2903
Q4A2A9,24,Emiliania huxleyi,2903
Q4A2B3,19,Emiliania huxleyi,2903
Q4A2B7,25,Emiliania huxleyi,2903
Q4A2C1,23,Emiliania huxleyi,2903
Q4A2D2,20,Emiliania huxleyi,2903
Q4A2D8,39,Emiliania huxleyi,2903
Q4A2D9,43,Emiliania huxleyi,2903
Q4A2E4,49,Emiliania huxleyi,2903
Q4A2E6,20,Emiliania huxleyi,2903
Q4A2E7,29,Emiliania huxleyi,2903
Q4A2F0,32,Emiliania huxleyi,2903
Q4A2F3,27,Emiliania huxleyi,2903
Q4A2F4,23,Emiliania huxleyi,2903
Q4A2F7,28,Emiliania huxleyi,2903
Q4A2F8,25,Emiliania huxleyi,2903
Q4A2G0,18,Emiliania huxleyi,2903
Q4A2G1,36,Emiliania huxleyi,2903
Q4A2G4,17,Emiliania huxleyi,2903
Q4A2G7,33,Emiliania huxleyi,2903
Q4A2G9,37,Emiliania huxleyi,2903
Q4A2H0,15,Emiliania huxleyi,2903
Q4A2K2,49,Emiliania huxleyi,2903
Q4A2K3,30,Emiliania huxleyi,2903
Q4A2L1,25,Emiliania huxleyi,2903
Q4A2L4,32,Emiliania huxleyi,2903
Q4A2M3,39,Emiliania huxleyi,2903
Q4A2M7,20,Emiliania huxleyi,2903
Q4A2N2,21,Emiliania huxleyi,2903
Q4A2N9,26,Emiliania huxleyi,2903
Q4A2P2,23,Emiliania huxleyi,2903
Q4A2Q0,24,Emiliania huxleyi,2903
Q4A2Q3,41,Emiliania huxleyi,2903
Q4A2Q5,20,Emiliania huxleyi,2903
Q4A2R0,34,Emiliania huxleyi,2903
Q4A2R8,22,Emiliania huxleyi,2903
Q4A2S6,16,Emiliania huxleyi,2903
Q4A2S7,28,Emiliania huxleyi,2903
Q4A2S9,16,Emiliania huxleyi,2903
Q4A2T1,22,Emiliania huxleyi,2903
Q4A2T3,48,Emiliania huxleyi,2903
Q4A2T4,25,Emiliania huxleyi,2903
Q4A2T7,29,Emiliania huxleyi,2903
Q4A2U0,17,Emiliania huxleyi,2903
Q4A2U1,16,Emiliania huxleyi,2903
Q4A2U2,15,Emiliania huxleyi,2903
Q4A2U3,42,Emiliania huxleyi,2903
Q4A2U6,17,Emiliania huxleyi,2903
Q4A2V4,36,Emiliania huxleyi,2903
Q4A2W2,19,Emiliania huxleyi,2903
Q4A2W4,25,Emiliania huxleyi,2903
Q4A2X0,24,Emiliania huxleyi,2903
Q4A2X3,28,Emiliania huxleyi,2903
Q4A2X4,25,Emiliania huxleyi,2903
Q4A2X5,24,Emiliania huxleyi,2903
Q4A2Y5,19,Emiliania huxleyi,2903
Q4A2Y8,23,Emiliania huxleyi,2903
Q4A2Z1,18,Emiliania huxleyi,2903
Q4A2Z7,17,Emiliania huxleyi,2903
Q4A2Z9,41,Emiliania huxleyi,2903
Q4A303,26,Emiliania huxleyi,2903
Q4A304,18,Emiliania huxleyi,2903
Q4A305,17,Emiliania huxleyi,2903
Q4A316,26,Emiliania huxleyi,2903
Q4A317,15,Emiliania huxleyi,2903
Q4A319,31,Emiliania huxleyi,2903
Q4A324,26,Emiliania huxleyi,2903
Q4A331,33,Emiliania huxleyi,2903
Q4A333,19,Emiliania huxleyi,2903
Q4A334,17,Emiliania huxleyi,2903
Q4A339,42,Emiliania huxleyi,2903
Q4A344,20,Emiliania huxleyi,2903
Q4A345,24,Emiliania huxleyi,2903
Q4A351,21,Emiliania huxleyi,2903
Q4A352,29,Emiliania huxleyi,2903
Q4A353,48,Emiliania huxleyi,2903
Q4A358,21,Emiliania huxleyi,2903
Q4A370,16,Emiliania huxleyi,2903
Q4A371,21,Emiliania huxleyi,2903
Q4A373,15,Emiliania huxleyi,2903
Q4A374,26,Emiliania huxleyi,2903
Q4A378,26,Emiliania huxleyi,2903
Q4A379,14,Emiliania huxleyi,2903
Q4A383,19,Emiliania huxleyi,2903
Q4A387,23,Emiliania huxleyi,2903
Q4A388,31,Emiliania huxleyi,2903
Q4A393,32,Emiliania huxleyi,2903
Q4A399,39,Emiliania huxleyi,2903
Q4A3A0,23,Emiliania huxleyi,2903
Q4A3A2,18,Emiliania huxleyi,2903
Q4A3A4,27,Emiliania huxleyi,2903
Q4A3B5,25,Emiliania huxleyi,2903
Q4A3B8,49,Emiliania huxleyi,2903
Q4A3C3,15,Emiliania huxleyi,2903
Q4A3C4,34,Emiliania huxleyi,2903
Q4A3C9,19,Emiliania huxleyi,2903
Q4A3D0,27,Emiliania huxleyi,2903
Q4QXJ7,21,"Aedes, Homo sapiens, Passeriformes","7158, 9606, 9126"
Q4R1S0,19,"Homo sapiens, Pan troglodytes","9606, 9598"
Q4R1S8,19,"Homo sapiens, Pan troglodytes","9606, 9598"
Q52NW8,33,Bos taurus,9913
Q5GA86,22,Colocasia esculenta,4460
Q5K2K4,20,"Gerbillinae, Homo sapiens, Phlebotomus papatasi","10045, 9606, 29031"
Q5MQD0,13,Homo sapiens,9606
Q5MQD1,13,Homo sapiens,9606
Q5PP78,17,Sus scrofa,9823
Q5PPA2,30,Sus scrofa,9823
Q5PPA3,16,Sus scrofa,9823
Q5UNX0,18,Acanthamoeba polyphaga,5757
Q5UNY7,26,Acanthamoeba polyphaga,5757
Q5UP33,23,Acanthamoeba polyphaga,5757
Q5UPE0,21,Acanthamoeba polyphaga,5757
Q5UPJ1,21,Acanthamoeba polyphaga,5757
Q5UPK7,21,Acanthamoeba polyphaga,5757
Q5UPR5,24,Acanthamoeba polyphaga,5757
Q5UPU8,20,Acanthamoeba polyphaga,5757
Q5UQ37,20,Acanthamoeba polyphaga,5757
Q5UQE3,22,Acanthamoeba polyphaga,5757
Q5UQF7,30,Acanthamoeba polyphaga,5757
Q5UQG0,23,Acanthamoeba polyphaga,5757
Q5UQG7,19,Acanthamoeba polyphaga,5757
Q5UQH9,20,Acanthamoeba polyphaga,5757
Q5UQR6,30,Acanthamoeba polyphaga,5757
Q5UQX7,16,Acanthamoeba polyphaga,5757
Q5UQZ1,26,Acanthamoeba polyphaga,5757
Q5UR02,19,Acanthamoeba polyphaga,5757
Q5UR11,19,Acanthamoeba polyphaga,5757
Q5UR16,24,Acanthamoeba polyphaga,5757
Q5UR19,22,Acanthamoeba polyphaga,5757
Q5UR42,19,Acanthamoeba polyphaga,5757
Q5UR81,25,Acanthamoeba polyphaga,5757
Q5URA7,18,Acanthamoeba polyphaga,5757
Q5VKN9,17,Miniopterus schreibersii,9433
Q5VKP3,19,Murina leucogaster,187017
Q5WQY5,14,"Aedes aegypti, Aedes albopictus, Aedes furcifer, Aedes polynesiensis, Cercopithecus, Homo sapiens, Macaca, Pan troglodytes, Papio, Presbytis","7159, 7160, 299627, 188700, 9533, 9606, 9539, 9598, 9554, 9573"
Q5XXP3,14,"Aedes aegypti, Aedes albopictus, Aedes furcifer, Aedes polynesiensis, Cercopithecus, Homo sapiens, Macaca, Pan troglodytes, Papio, Presbytis","7159, 7160, 299627, 188700, 9533, 9606, 9539, 9598, 9554, 9573"
Q5Y388,19,"Aedes vexans, Culex tritaeniorhynchus, Equus caballus, Homo sapiens, Sus scrofa, Vulpes vulpes","7163, 7178, 9796, 9606, 9823, 9627"
Q5Y9C3,22,Homo sapiens,9606
Q5Y9D0,22,Homo sapiens,9606
Q5ZEW5,20,Sus scrofa,9823
Q64747,18,Galliformes,8976
Q64896,19,Urocitellus parryii kennicottii,259022
Q65139,21,"Ornithodoros, Sus scrofa","6937, 9823"
Q65176,20,"Ornithodoros, Sus scrofa","6937, 9823"
Q65189,13,"Ornithodoros, Sus scrofa","6937, 9823"
Q65328,18,Orgyia pseudotsugata,33414
Q65363,17,Orgyia pseudotsugata,33414
Q65653,26,Bos taurus,9913
Q65808,16,Bos taurus,9913
Q65984,18,Canis lupus familiaris,9615
Q65ZG0,24,Homo sapiens,9606
Q66165,18,Bos taurus,9913
Q66798,32,"Epomops franqueti, Homo sapiens, Myonycteris torquata","77231, 9606, 77243"
Q66799,33,"Epomops franqueti, Homo sapiens, Myonycteris torquata, Sus scrofa","77231, 9606, 77243, 9823"
Q66800,33,"Epomops franqueti, Homo sapiens, Myonycteris torquata, Sus scrofa","77231, 9606, 77243, 9823"
Q66810,32,"Epomops franqueti, Homo sapiens, Myonycteris torquata","77231, 9606, 77243"
Q66811,32,"Epomops franqueti, Homo sapiens, Myonycteris torquata","77231, 9606, 77243"
Q66814,32,"Epomops franqueti, Homo sapiens, Myonycteris torquata","77231, 9606, 77243"
Q66917,33,Felidae,9681
Q66930,17,Felidae,9681
Q66931,18,Felidae,9681
Q66T62,19,"Homo sapiens, Mammalia","9606, 40674"
Q67018,15,Aves,8782
Q67033,26,"Aves, Homo sapiens, Mysticeti, Phocidae, Sus scrofa","8782, 9606, 9761, 9709, 9823"
Q67034,26,"Aves, Homo sapiens, Mysticeti, Phocidae, Sus scrofa","8782, 9606, 9761, 9709, 9823"
Q67035,26,"Aves, Homo sapiens, Mysticeti, Phocidae, Sus scrofa","8782, 9606, 9761, 9709, 9823"
Q67089,17,"Aves, Homo sapiens, Sus scrofa","8782, 9606, 9823"
Q67109,17,"Aves, Sus scrofa","8782, 9823"
Q67143,15,"Aves, Homo sapiens","8782, 9606"
Q67282,15,"Aves, Homo sapiens","8782, 9606"
Q67324,26,"Aves, Cetacea, Homo sapiens, Phocidae, Sus scrofa","8782, 9721, 9606, 9709, 9823"
Q67333,15,"Aves, Homo sapiens","8782, 9606"
Q67369,15,Homo sapiens,9606
Q67370,15,Homo sapiens,9606
Q67371,15,Homo sapiens,9606
Q67372,15,Homo sapiens,9606
Q67373,15,Homo sapiens,9606
Q67374,15,Homo sapiens,9606
Q67375,15,Homo sapiens,9606
Q67376,15,Homo sapiens,9606
Q67377,15,Homo sapiens,9606
Q67378,15,Homo sapiens,9606
Q67379,15,Homo sapiens,9606
Q67380,15,Homo sapiens,9606
Q67381,15,Homo sapiens,9606
Q67387,7,"Homo sapiens, Sus scrofa","9606, 9823"
Q67456,34,Mus musculus,10090
Q67628,22,Gallus gallus,9031
Q67876,19,"Homo sapiens, Pan troglodytes","9606, 9598"
Q68666,30,Homo sapiens,9606
Q68667,30,Homo sapiens,9606
Q68668,30,Homo sapiens,9606
Q68669,30,Homo sapiens,9606
Q68670,30,Homo sapiens,9606
Q68671,30,Homo sapiens,9606
Q68672,30,Homo sapiens,9606
Q68673,30,Homo sapiens,9606
Q68674,30,Homo sapiens,9606
Q68985,19,"Bandicota bengalensis, Callithrix, Cercopithecus hamlyni, Chlorocebus aethiops, Homo sapiens, Macaca, Mus musculus, Pan troglodytes, Saimiri, Sus scrofa","69079, 9481, 9536, 9534, 9606, 9539, 10090, 9598, 9520, 9823"
Q69024,34,Cavia porcellus,10141
Q69081,25,Homo sapiens,9606
Q69082,25,Homo sapiens,9606
Q69091,25,Homo sapiens,9606
Q69464,22,Homo sapiens,9606
Q69465,22,Homo sapiens,9606
Q69466,27,Homo sapiens,9606
Q69472,30,Homo sapiens,9606
Q69553,21,Homo sapiens,9606
Q69555,15,Homo sapiens,9606
Q69557,20,Homo sapiens,9606
Q69558,17,Homo sapiens,9606
Q69569,18,Homo sapiens,9606
Q69577,26,Homo sapiens,9606
Q6DLD8,22,Equus caballus,9796
Q6DLD9,19,Equus caballus,9796
Q6DLH1,21,Equus caballus,9796
Q6DLH8,86,Equus caballus,9796
Q6DPZ9,16,"Aves, Felis catus, Homo sapiens, Panthera pardus, Panthera tigris, Sus scrofa","8782, 9685, 9606, 9691, 9694, 9823"
Q6DQ15,12,"Aves, Felis catus, Homo sapiens, Panthera pardus, Panthera tigris, Sus scrofa","8782, 9685, 9606, 9691, 9694, 9823"
Q6DQ18,8,"Aves, Felis catus, Homo sapiens, Panthera pardus, Panthera tigris, Sus scrofa","8782, 9685, 9606, 9691, 9694, 9823"
Q6DQ19,16,"Aves, Felis catus, Homo sapiens, Panthera pardus, Panthera tigris, Sus scrofa","8782, 9685, 9606, 9691, 9694, 9823"
Q6DQ20,16,"Aves, Felis catus, Homo sapiens, Panthera pardus, Panthera tigris, Sus scrofa","8782, 9685, 9606, 9691, 9694, 9823"
Q6DQ21,16,"Aves, Felis catus, Homo sapiens, Panthera pardus, Panthera tigris, Sus scrofa","8782, 9685, 9606, 9691, 9694, 9823"
Q6DQ22,14,"Aves, Felis catus, Homo sapiens, Panthera pardus, Panthera tigris, Sus scrofa","8782, 9685, 9606, 9691, 9694, 9823"
Q6E0W7,21,"Rottboellia, Setaria, Sorghum bicolor, Zea mays","300124, 4554, 4558, 4577"
Q6J8E7,16,"Aves, Felis catus, Homo sapiens, Panthera pardus, Panthera tigris, Sus scrofa","8782, 9685, 9606, 9691, 9694, 9823"
Q6J8F6,16,"Aves, Felis catus, Homo sapiens, Panthera pardus, Panthera tigris, Sus scrofa","8782, 9685, 9606, 9691, 9694, 9823"
Q6J8F7,23,"Bandicota bengalensis, Callithrix, Cercopithecus hamlyni, Chlorocebus aethiops, Homo sapiens, Macaca, Mus musculus, Pan troglodytes, Saimiri, Sus scrofa","69079, 9481, 9536, 9534, 9606, 9539, 10090, 9598, 9520, 9823"
Q6LEJ4,18,"Aves, Equus caballus, Homo sapiens, Phocidae","8782, 9796, 9606, 9709"
Q6Q1S2,15,Homo sapiens,9606
Q6RJQ3,36,Homo sapiens,9606
Q6RZT5,19,Oryctolagus cuniculus,9986
Q6S6Q5,30,Equus caballus,9796
Q6S6R5,31,Equus caballus,9796
Q6S6T9,86,Equus caballus,9796
Q6S6V7,23,Equus caballus,9796
Q6S6W0,25,Equus caballus,9796
Q6UY66,18,"Chlorocebus aethiops, Homo sapiens, Rousettus aegyptiacus","9534, 9606, 9407"
Q6VTL7,18,Lepidoptera,7088
Q6X1D1,19,Myotis mystacinus,109479
Q6X1D5,19,Myotis blythii,109482
Q6X2U1,22,Homo sapiens,9606
Q6X2U3,22,Homo sapiens,9606
Q6XU51,15,"Aves, Homo sapiens","8782, 9606"
Q6XU52,15,"Aves, Homo sapiens","8782, 9606"
Q6XU53,15,"Aves, Homo sapiens","8782, 9606"
Q6XU87,15,"Aves, Homo sapiens","8782, 9606"
Q703F0,20,Homo sapiens,9606
Q70626,32,Homo sapiens,9606
Q70KP1,27,Sus scrofa,9823
Q73372,28,Homo sapiens,9606
Q74126,22,Homo sapiens,9606
Q75008,31,Homo sapiens,9606
Q76638,26,Homo sapiens,9606
Q76VK3,23,"Aves, Homo sapiens","8782, 9606"
Q77377,32,Homo sapiens,9606
Q776B5,19,Camelus,9836
Q778S6,18,Gallus gallus,9031
Q779K3,20,Shigella sonnei,624
Q779K4,22,Shigella sonnei,624
Q77CE4,21,Bos taurus,9913
Q77SK0,20,"Acanthopagrus schlegelii, Paralichthys olivaceus, Plecoglossus altivelis, Sebastes inermis","72011, 8255, 61084, 160818"
Q79670,33,Homo sapiens,9606
Q7T6S6,15,Canis lupus familiaris,9615
Q7T6S7,23,Canis lupus familiaris,9615
Q7T6S9,17,Canis lupus familiaris,9615
Q7T6T3,18,Canis lupus familiaris,9615
Q7T6X2,23,Acanthamoeba polyphaga,5757
Q7T6Y2,25,Acanthamoeba polyphaga,5757
Q7T9D9,32,"Epomops franqueti, Homo sapiens, Myonycteris torquata","77231, 9606, 77243"
Q7T9E0,32,"Epomops franqueti, Homo sapiens, Myonycteris torquata","77231, 9606, 77243"
Q7TFA0,15,"Homo sapiens, Paguma larvata","9606, 9675"
Q7TLR9,18,Choristoneura fumiferana,7141
Q7ZPC2,33,Bos taurus,9913
Q80A22,5,"Aves, Felis catus, Homo sapiens, Panthera pardus, Panthera tigris, Sus scrofa","8782, 9685, 9606, 9691, 9694, 9823"
Q80A26,5,"Aves, Felis catus, Homo sapiens, Panthera pardus, Panthera tigris, Sus scrofa","8782, 9685, 9606, 9691, 9694, 9823"
Q80A28,5,"Aves, Felis catus, Homo sapiens, Panthera pardus, Panthera tigris, Sus scrofa","8782, 9685, 9606, 9691, 9694, 9823"
Q80A30,5,"Aves, Felis catus, Homo sapiens, Panthera pardus, Panthera tigris, Sus scrofa","8782, 9685, 9606, 9691, 9694, 9823"
Q80KH5,16,Campoletis sonorensis,7416
Q80KH6,16,Campoletis sonorensis,7416
Q80KH7,20,Campoletis sonorensis,7416
Q80KH8,18,Campoletis sonorensis,7416
Q80KH9,18,Campoletis sonorensis,7416
Q80LP4,19,Adoxophyes honmai,85585
Q80PW5,25,Campoletis sonorensis,7416
Q80S27,16,"Aedes, Mansonia, Ovis aries","7158, 149459, 9940"
Q81105,19,"Homo sapiens, Pan troglodytes","9606, 9598"
Q81113,47,"Homo sapiens, Pan troglodytes","9606, 9598"
Q81871,19,Homo sapiens,9606
Q82017,14,Homo sapiens,9606
Q82509,16,Aves,8782
Q82559,16,"Aves, Equus caballus","8782, 9796"
Q82683,20,Salmo,8028
Q82706,20,Salmo,8028
Q83140,32,Lepidoptera,7088
Q83356,22,Mus musculus,10090
Q83469,22,"Rottboellia, Sorghum bicolor, Zea mays","300124, 4558, 4577"
Q83543,19,"Canis lupus familiaris, Chodsigoa caovansunga, Felis catus, Rodentia","9615, 269271, 9685, 9989"
Q83887,17,"Homo sapiens, Peromyscus leucopus","9606, 10041"
Q83986,16,Aves,8782
Q84076,11,Homo sapiens,9606
Q84081,9,Homo sapiens,9606
Q84102,15,Homo sapiens,9606
Q84850,20,Homo sapiens,9606
Q85213,18,Gracilinanus microtarsus,126289
Q85230,20,Sus scrofa,9823
Q85518,34,Felidae,9681
Q85522,33,Felidae,9681
Q85525,33,Felidae,9681
Q85630,33,Mus terricolor,254704
Q85646,98,Mus musculus,10090
Q85733,32,Mus musculus,10090
Q86607,19,Homo sapiens,9606
Q86925,13,Aedes,7158
Q88168,31,Lepidoptera,7088
Q88444,18,Cyprinus carpio,7962
Q89182,16,Homo sapiens,9606
Q89473,35,"Aves, Homo sapiens, Sus scrofa","8782, 9606, 9823"
Q89569,33,"Homo sapiens, Macaca fascicularis, Pteropodinae, Sus scrofa","9606, 9541, 77225, 9823"
Q89607,24,Homo sapiens,9606
Q89660,24,Homo sapiens,9606
Q89669,22,"Bos taurus, Bubalus bubalis, Culicoides, Syncerus caffer","9913, 89462, 58271, 9970"
Q89730,27,Homo sapiens,9606
Q89738,17,Homo sapiens,9606
Q89853,33,"Homo sapiens, Macaca fascicularis, Pteropodinae, Sus scrofa","9606, 9541, 77225, 9823"
Q89863,28,Homo sapiens,9606
Q89904,24,"Bos taurus, Bubalus bubalis, Culicoides, Syncerus caffer","9913, 89462, 58271, 9970"
Q89920,22,Homo sapiens,9606
Q8AIH5,21,Pan troglodytes,9598
Q8AMN9,33,Bos taurus,9913
Q8B0H1,16,"Aedes, Bos taurus, Culicoides, Equus asinus, Equus caballus, Homo sapiens, Lutzomyia, Musca domestica, Simuliidae, Sus scrofa","7158, 9913, 58271, 9793, 9796, 9606, 252607, 7370, 7190, 9823"
Q8B0H6,16,"Aedes, Bos taurus, Culicoides, Equus asinus, Equus caballus, Homo sapiens, Lutzomyia, Musca domestica, Simuliidae, Sus scrofa","7158, 9913, 58271, 9793, 9796, 9606, 252607, 7370, 7190, 9823"
Q8B0I1,16,"Aedes, Bos taurus, Culicoides, Equus asinus, Equus caballus, Homo sapiens, Lutzomyia, Musca domestica, Simuliidae, Sus scrofa","7158, 9913, 58271, 9793, 9796, 9606, 252607, 7370, 7190, 9823"
Q8B9D5,16,"Helicoverpa zea, Lepidoptera, Ostrinia nubilalis","7113, 7088, 29057"
Q8BB25,17,Sus scrofa,9823
Q8BB26,18,Sus scrofa,9823
Q8BDV6,25,"Homo sapiens, Mammalia","9606, 40674"
Q8JEM8,33,Bos taurus,9913
Q8JJX0,16,"Oncorhynchus mykiss, Salmo salar","8022, 8030"
Q8JMZ4,19,"Homo sapiens, Pan troglodytes","9606, 9598"
Q8JSP8,17,Sus scrofa,9823
Q8JSP9,18,Sus scrofa,9823
Q8JTH0,19,"Homo sapiens, Pteropus alecto, Pteropus conspicillatus, Pteropus poliocephalus, Pteropus scapulatus, Saccolaimus","9606, 9402, 328804, 9403, 94117, 446909"
Q8JUX5,14,"Aedes aegypti, Aedes albopictus, Aedes furcifer, Aedes polynesiensis, Cercopithecus, Homo sapiens, Macaca, Pan troglodytes, Papio, Presbytis","7159, 7160, 299627, 188700, 9533, 9606, 9539, 9598, 9554, 9573"
Q8Q8A3,33,Bos taurus,9913
Q8QKU5,22,Ectocarpus siliculosus,2880
Q8QKU6,19,Ectocarpus siliculosus,2880
Q8QKU7,19,Ectocarpus siliculosus,2880
Q8QKU8,19,Ectocarpus siliculosus,2880
Q8QKU9,19,Ectocarpus siliculosus,2880
Q8QKV0,22,Ectocarpus siliculosus,2880
Q8QKV1,16,Ectocarpus siliculosus,2880
Q8QKV2,16,Ectocarpus siliculosus,2880
Q8QKV3,30,Ectocarpus siliculosus,2880
Q8QKV4,24,Ectocarpus siliculosus,2880
Q8QKV5,25,Ectocarpus siliculosus,2880
Q8QKV6,33,Ectocarpus siliculosus,2880
Q8QKV7,19,Ectocarpus siliculosus,2880
Q8QKV8,35,Ectocarpus siliculosus,2880
Q8QKV9,17,Ectocarpus siliculosus,2880
Q8QKW0,25,Ectocarpus siliculosus,2880
Q8QKW1,35,Ectocarpus siliculosus,2880
Q8QKW2,35,Ectocarpus siliculosus,2880
Q8QKW3,24,Ectocarpus siliculosus,2880
Q8QKW4,27,Ectocarpus siliculosus,2880
Q8QKW5,26,Ectocarpus siliculosus,2880
Q8QKW6,24,Ectocarpus siliculosus,2880
Q8QL30,19,Saccharolobus islandicus,43080
Q8QL52,16,"Oncorhynchus mykiss, Salmo salar","8022, 8030"
Q8QLK1,16,Mamestra configurata,174822
Q8QPL1,16,"Aves, Felis catus, Homo sapiens, Panthera pardus, Panthera tigris, Sus scrofa","8782, 9685, 9606, 9691, 9694, 9823"
Q8QZ72,15,"Aedes aegypti, Haemagogus, Homo sapiens","7159, 7180, 9606"
Q8SDJ8,27,Pseudomonas,286
Q8UZK5,17,Homo sapiens,9606
Q8V307,19,Camelus,9836
Q8V436,17,Bos taurus,9913
Q8V437,18,Bos taurus,9913
Q8V5U0,25,Lepidoptera,7088
Q8VA10,22,Homo sapiens,9606
Q90023,21,Chlorella,3071
Q90121,22,Mycosarcoma maydis,5270
Q90157,17,Choristoneura fumiferana,7141
Q90158,17,Lepidoptera,7088
Q90M12,33,Bos taurus,9913
Q90VS8,29,Homo sapiens,9606
Q913A8,19,"Homo sapiens, Pan troglodytes","9606, 9598"
Q913Y7,19,Gallus gallus,9031
Q91A26,17,Bos taurus,9913
Q91AV1,18,Sus scrofa,9823
Q91BH1,18,Lepidoptera,7088
Q91C28,19,"Homo sapiens, Mammalia","9606, 40674"
Q91C37,19,"Homo sapiens, Pan troglodytes","9606, 9598"
Q91CL9,16,Antheraea pernyi,7119
Q91DD7,33,"Homo sapiens, Macaca fascicularis, Pteropodinae, Sus scrofa","9606, 9541, 77225, 9823"
Q91DD8,33,"Homo sapiens, Macaca fascicularis, Pteropodinae, Sus scrofa","9606, 9541, 77225, 9823"
Q91DS0,18,Cyprinus carpio,7962
Q91GE3,18,Lepidoptera,7088
Q91GH8,18,Lepidoptera,7088
Q91MA7,16,"Aves, Cetacea, Homo sapiens, Phocidae, Sus scrofa","8782, 9721, 9606, 9709, 9823"
Q96800,32,Mus terricolor,254704
Q98157,20,Homo sapiens,9606
Q98166,18,Lacanobia oleracea,79499
Q98332,16,Microplitis demolitor,69319
Q98VG3,22,Homo sapiens,9606
Q99IE6,22,Homo sapiens,9606
Q9DHD0,20,"Homo sapiens, Simiiformes","9606, 314293"
Q9DHG9,18,"Homo sapiens, Simiiformes","9606, 314293"
Q9DHH2,22,"Homo sapiens, Simiiformes","9606, 314293"
Q9DHH7,16,"Homo sapiens, Simiiformes","9606, 314293"
Q9DHH9,19,"Homo sapiens, Simiiformes","9606, 314293"
Q9DHI3,19,"Homo sapiens, Simiiformes","9606, 314293"
Q9DHI5,23,"Homo sapiens, Simiiformes","9606, 314293"
Q9DHI7,28,"Homo sapiens, Simiiformes","9606, 314293"
Q9DHK1,23,"Homo sapiens, Simiiformes","9606, 314293"
Q9DHK7,25,"Homo sapiens, Simiiformes","9606, 314293"
Q9DHL3,22,"Homo sapiens, Simiiformes","9606, 314293"
Q9DHR1,22,"Homo sapiens, Simiiformes","9606, 314293"
Q9DHS2,21,"Homo sapiens, Simiiformes","9606, 314293"
Q9DHT2,16,"Homo sapiens, Simiiformes","9606, 314293"
Q9DHU7,25,"Homo sapiens, Simiiformes","9606, 314293"
Q9DHU8,19,"Homo sapiens, Simiiformes","9606, 314293"
Q9DHV2,18,"Homo sapiens, Simiiformes","9606, 314293"
Q9DHV3,22,"Homo sapiens, Simiiformes","9606, 314293"
Q9DHW0,16,"Homo sapiens, Simiiformes","9606, 314293"
Q9DIC6,25,"Embergeria, Lactuca sativa, Reichardia tingitana, Sonchus hydrophilus, Sonchus oleraceus","43191, 4236, 43208, 255580, 50207"
Q9DR81,18,Bos taurus,9913
Q9DSL8,30,Homo sapiens,9606
Q9DUD9,25,"Cavia cutleri, Cricetidae sp., Mus musculus, Rattus norvegicus","10144, 36483, 10090, 10116"
Q9IDV2,21,Homo sapiens,9606
Q9IFF7,15,"Aves, Homo sapiens","8782, 9606"
Q9IH63,26,"Cynopterus brachyotis, Eonycteris spelaea, Homo sapiens, Pteropus hypomelanus, Pteropus vampyrus, Scotophilus kuhlii, Sus scrofa","58060, 58065, 9606, 9405, 132908, 153297, 9823"
Q9IKB5,35,"Frankliniella occidentalis, Scirtothrips dorsalis, Solanum lycopersicum, Thrips tabaci","133901, 163899, 4081, 161014"
Q9IKB7,35,"Frankliniella occidentalis, Scirtothrips dorsalis, Solanum lycopersicum, Thrips tabaci","133901, 163899, 4081, 161014"
Q9IKD1,14,Rattus norvegicus,10116
Q9IKD2,24,Rattus norvegicus,10116
Q9IPJ6,19,"Homo sapiens, Mammalia","9606, 40674"
Q9IVZ8,35,"Bandicota bengalensis, Callithrix, Cercopithecus hamlyni, Chlorocebus aethiops, Gallus gallus, Homo sapiens, Macaca, Mus musculus, Pan troglodytes, Saimiri, Sus scrofa","69079, 9481, 9536, 9534, 9031, 9606, 9539, 10090, 9598, 9520, 9823"
Q9J524,48,Vertebrata,7742
Q9J6K8,22,Homo sapiens,9606
Q9J8B9,16,Lepidoptera,7088
Q9JF44,17,Homo sapiens,9606
Q9JFH4,19,Homo sapiens,9606
Q9JGK8,16,"Aedes vexans, Culex tritaeniorhynchus, Equus caballus, Homo sapiens, Sus scrofa, Vulpes vulpes","7163, 7178, 9796, 9606, 9823, 9627"
Q9JGT4,21,Hordeum vulgare,4513
Q9PYY5,28,Xestia,320016
Q9Q0U6,16,"Aves, Felis catus, Homo sapiens, Panthera pardus, Panthera tigris, Sus scrofa","8782, 9685, 9606, 9691, 9694, 9823"
Q9Q714,28,Homo sapiens,9606
Q9Q9G3,14,Homo sapiens,9606
Q9QAQ8,17,Bos taurus,9913
Q9QAQ9,18,Bos taurus,9913
Q9QAR5,17,Bos taurus,9913
Q9QAR6,18,Bos taurus,9913
Q9QBY2,31,Homo sapiens,9606
Q9QBZ0,31,Homo sapiens,9606
Q9QBZ4,33,Homo sapiens,9606
Q9QBZ8,31,Homo sapiens,9606
Q9QJT6,25,Gobiosoma bosc,203314
Q9QSP1,19,"Homo sapiens, Pteropus alecto, Pteropus conspicillatus, Pteropus poliocephalus, Pteropus scapulatus, Saccolaimus","9606, 9402, 328804, 9403, 94117, 446909"
Q9QSQ7,31,Homo sapiens,9606
Q9TTC0,35,Phascolarctos cinereus,38626
Q9WC60,28,Homo sapiens,9606
Q9WC69,28,Homo sapiens,9606
Q9WCD8,17,"Aves, Homo sapiens, Sus scrofa","8782, 9606, 9823"
Q9WCD9,17,"Aves, Homo sapiens, Sus scrofa","8782, 9606, 9823"
Q9WCE0,17,"Aves, Homo sapiens, Sus scrofa","8782, 9606, 9823"
Q9WCE1,17,"Aves, Homo sapiens, Sus scrofa","8782, 9606, 9823"
Q9WCE3,17,"Aves, Homo sapiens, Sus scrofa","8782, 9606, 9823"
Q9WCE8,17,"Aves, Homo sapiens, Sus scrofa","8782, 9606, 9823"
Q9WFX3,17,"Aves, Homo sapiens, Sus scrofa","8782, 9606, 9823"
Q9WGE0,18,Lepidoptera,7088
Q9WIU3,21,Homo sapiens,9606
Q9WIU4,21,Homo sapiens,9606
Q9WIU5,21,Homo sapiens,9606
Q9WIU6,21,Homo sapiens,9606
Q9WIU7,21,Homo sapiens,9606
Q9WIU8,21,Homo sapiens,9606
Q9WIU9,29,Homo sapiens,9606
Q9WJE3,29,"Homo sapiens, Pan troglodytes","9606, 9598"
Q9WJE4,29,"Homo sapiens, Pan troglodytes","9606, 9598"
Q9WJE5,29,"Homo sapiens, Pan troglodytes","9606, 9598"
Q9WJE6,29,"Homo sapiens, Pan troglodytes","9606, 9598"
Q9WJE7,29,"Homo sapiens, Pan troglodytes","9606, 9598"
Q9WJE8,29,"Homo sapiens, Pan troglodytes","9606, 9598"
Q9WJE9,19,Gorilla gorilla,9593
Q9WMB7,19,"Homo sapiens, Pan troglodytes","9606, 9598"
Q9WNS3,29,"Homo sapiens, Pan troglodytes","9606, 9598"
Q9XJJ7,19,Escherichia coli O157:H7,83334
Q9YJU4,21,Choristoneura fumiferana,7141
Q9YJV7,16,"Aves, Equus caballus","8782, 9796"
Q9YJW4,29,"Homo sapiens, Pan troglodytes","9606, 9598"
Q9YJW5,29,"Homo sapiens, Pan troglodytes","9606, 9598"
Q9YKB2,29,Homo sapiens,9606
Q9YLQ9,23,"Bandicota bengalensis, Callithrix, Cercopithecus hamlyni, Chlorocebus aethiops, Homo sapiens, Macaca, Mus musculus, Pan troglodytes, Saimiri, Sus scrofa","69079, 9481, 9536, 9534, 9606, 9539, 10090, 9598, 9520, 9823"
Q9YMP9,40,Lepidoptera,7088
Q9YWK4,21,Lepidoptera,7088
