"ProteinId","Length","Host","TaxonID"
"A3DRP0",17,"Aves",8782
"A3DRP0",17,"Homo sapiens",9606
"A3DRP0",17,"Sus scrofa",9823
"A3EX94",20,"Tylonycteris pachypus",258959
"A3EX95",19,"Tylonycteris pachypus",258959
"A3EXD0",21,"Pipistrellus abramus",105295
"A3EXD1",39,"Pipistrellus abramus",105295
"A3EXG6",14,"Rousettus leschenaultii",9408
"A3EXH1",16,"Rousettus leschenaultii",9408
"A3RM22",19,"Homo sapiens",9606
"A3RM22",19,"Mammalia",40674
"A4GBX7",17,"Aves",8782
"A4GBX7",17,"Homo sapiens",9606
"A4GBX7",17,"Sus scrofa",9823
"A4GCH5",17,"Aves",8782
"A4GCH5",17,"Homo sapiens",9606
"A4GCH5",17,"Sus scrofa",9823
"A4GCI6",17,"Aves",8782
"A4GCI6",17,"Homo sapiens",9606
"A4GCI6",17,"Sus scrofa",9823
"A4GCJ7",17,"Aves",8782
"A4GCJ7",17,"Homo sapiens",9606
"A4GCJ7",17,"Sus scrofa",9823
"A4GCK8",17,"Aves",8782
"A4GCK8",17,"Homo sapiens",9606
"A4GCK8",17,"Sus scrofa",9823
"A4GCL9",17,"Aves",8782
"A4GCL9",17,"Homo sapiens",9606
"A4GCL9",17,"Sus scrofa",9823
"A4K143",17,"Aves",8782
"A4K143",17,"Homo sapiens",9606
"A4K143",17,"Sus scrofa",9823
"A4KX72",22,"Noctuidae",7100
"A4KX75",17,"Noctuidae",7100
"A4U6V2",17,"Aves",8782
"A4U6V2",17,"Homo sapiens",9606
"A4U6V2",17,"Sus scrofa",9823
"A4U6W3",17,"Aves",8782
"A4U6W3",17,"Homo sapiens",9606
"A4U6W3",17,"Sus scrofa",9823
"A4U7A6",17,"Aves",8782
"A4U7A6",17,"Homo sapiens",9606
"A4U7A6",17,"Sus scrofa",9823
"A4UHQ1",19,"Mammalia",40674
"A4UHQ6",19,"Mammalia",40674
"A6M6I1",17,"Aves",8782
"A6M6I1",17,"Homo sapiens",9606
"A6M6I1",17,"Sus scrofa",9823
"A7KWZ4",17,"Bos taurus",9913
"A7KWZ5",17,"Bos taurus",9913
"A7KWZ6",32,"Bos taurus",9913
"A8C8J4",17,"Aves",8782
"A8C8J4",17,"Homo sapiens",9606
"A8C8J4",17,"Sus scrofa",9823
"A8C8V0",17,"Aves",8782
"A8C8V0",17,"Homo sapiens",9606
"A8C8V0",17,"Sus scrofa",9823
"A8C8W3",17,"Aves",8782
"A8C8W3",17,"Homo sapiens",9606
"A8C8W3",17,"Sus scrofa",9823
"A8E060",14,"Homo sapiens",9606
"A8E060",14,"Sus scrofa",9823
"A8E262",26,"Enterococcus faecalis",1351
"A8E2D6",23,"Enterococcus faecalis",1351
"A8E2P2",30,"Enterococcus faecalis",1351
"A8E2Q8",23,"Enterococcus faecalis",1351
"A8E2Q9",27,"Enterococcus faecalis",1351
"A9C4X3",17,"Aves",8782
"A9C4X3",17,"Homo sapiens",9606
"A9C4X3",17,"Sus scrofa",9823
"A9C4Y4",17,"Aves",8782
"A9C4Y4",17,"Homo sapiens",9606
"A9C4Y4",17,"Sus scrofa",9823
"A9C8B0",17,"Aves",8782
"A9C8B0",17,"Homo sapiens",9606
"A9C8B0",17,"Sus scrofa",9823
"B0KVT0",16,"Aves",8782
"B0KVT0",16,"Equus caballus",9796
"B0KVU1",16,"Aves",8782
"B0KVU1",16,"Equus caballus",9796
"B0VWM3",16,"Aves",8782
"B0VWM3",16,"Equus caballus",9796
"B0VWW1",16,"Aves",8782
"B0VWW1",16,"Equus caballus",9796
"B2VMQ3",15,"Aves",8782
"B2VMQ3",15,"Homo sapiens",9606
"B3EUQ6",17,"Aves",8782
"B3EUQ6",17,"Homo sapiens",9606
"B3EUQ6",17,"Sus scrofa",9823
"B3EUR7",16,"Aves",8782
"B3EUR7",16,"Equus caballus",9796
"B3EVJ2",16,"Aves",8782
"B3EVJ2",16,"Equus caballus",9796
"B4UNW3",15,"Aves",8782
"B4UNW3",15,"Homo sapiens",9606
"B4UPA6",17,"Aves",8782
"B4UPA6",17,"Homo sapiens",9606
"B4UPA6",17,"Sus scrofa",9823
"B4UR26",15,"Aves",8782
"B4UR26",15,"Homo sapiens",9606
"B4URD6",17,"Aves",8782
"B4URD6",17,"Homo sapiens",9606
"B4URD6",17,"Sus scrofa",9823
"O09800",23,"Homo sapiens",9606
"O10236",24,"Oryza sativa",4530
"O10282",17,"Orgyia pseudotsugata",33414
"O10284",17,"Orgyia pseudotsugata",33414
"O10286",18,"Orgyia pseudotsugata",33414
"O10336",18,"Orgyia pseudotsugata",33414
"O10337",19,"Orgyia pseudotsugata",33414
"O10358",20,"Orgyia pseudotsugata",33414
"O10360",16,"Orgyia pseudotsugata",33414
"O10363",16,"Orgyia pseudotsugata",33414
"O10364",16,"Orgyia pseudotsugata",33414
"O10367",18,"Orgyia pseudotsugata",33414
"O11283",16,"Aves",8782
"O11283",16,"Cetacea",9721
"O11283",16,"Homo sapiens",9606
"O11283",16,"Phocidae",9709
"O11283",16,"Sus scrofa",9823
"O11457",32,"Epomops franqueti",77231
"O11457",32,"Homo sapiens",9606
"O11457",32,"Myonycteris torquata",77243
"O11458",32,"Epomops franqueti",77231
"O11458",32,"Homo sapiens",9606
"O11458",32,"Myonycteris torquata",77243
"O12164",31,"Homo sapiens",9606
"O36551",26,"Homo sapiens",9606
"O40633",22,"Saimiri sciureus",9521
"O41803",31,"Homo sapiens",9606
"O55647",35,"Frankliniella occidentalis",133901
"O55647",35,"Scirtothrips dorsalis",163899
"O55647",35,"Solanum lycopersicum",4081
"O55647",35,"Thrips tabaci",161014
"O55654",22,"Homo sapiens",9606
"O55655",19,"Homo sapiens",9606
"O56140",16,"Aves",8782
"O56140",16,"Felis catus",9685
"O56140",16,"Homo sapiens",9606
"O56140",16,"Panthera pardus",9691
"O56140",16,"Panthera tigris",9694
"O56140",16,"Sus scrofa",9823
"O56677",17,"Bos taurus",9913
"O56677",17,"Equus caballus",9796
"O56677",17,"Insecta",50557
"O56822",25,"Homo sapiens",9606
"O57166",19,"Homo sapiens",9606
"O57254",17,"Homo sapiens",9606
"O57261",18,"Homo sapiens",9606
"O57295",25,"Cavia cutleri",10144
"O57295",25,"Cricetidae sp.",36483
"O57295",25,"Mus musculus",10090
"O57295",25,"Rattus norvegicus",10116
"O64363",26,"Escherichia coli",562
"O70902",28,"Homo sapiens",9606
"O72737",16,"Bos taurus",9913
"O72737",16,"Felis catus",9685
"O72737",16,"Homo sapiens",9606
"O72737",16,"Loxodonta africana",9785
"O72737",16,"Microtus agrestis",29092
"O72737",16,"Mus musculus",10090
"O72737",16,"Myodes glareolus",447135
"O73559",19,"Bos taurus",9913
"O73559",19,"Felis catus",9685
"O73559",19,"Homo sapiens",9606
"O73559",19,"Loxodonta africana",9785
"O73559",19,"Microtus agrestis",29092
"O73559",19,"Mus musculus",10090
"O73559",19,"Myodes glareolus",447135
"O80297",19,"Escherichia coli",562
"O89292",31,"Homo sapiens",9606
"O89342",26,"Equus caballus",9796
"O89342",26,"Homo sapiens",9606
"O89342",26,"Pteropus alecto",9402
"O89342",26,"Pteropus poliocephalus",9403
"O89342",26,"Pteropus scapulatus",94117
"O89746",16,"Aves",8782
"O89746",16,"Felis catus",9685
"O89746",16,"Homo sapiens",9606
"O89746",16,"Panthera pardus",9691
"O89746",16,"Panthera tigris",9694
"O89746",16,"Sus scrofa",9823
"O90304",20,"Bos taurus",9913
"O90369",16,"Anopheles",44482
"O90369",16,"Homo sapiens",9606
"O90371",16,"Anopheles",44482
"O90371",16,"Homo sapiens",9606
"O91086",23,"Homo sapiens",9606
"O91262",24,"Puffinus puffinus",48688
"O91466",20,"Cydia pomonella",82600
"O91532",19,"Homo sapiens",9606
"O91532",19,"Pan troglodytes",9598
"O92277",33,"Cavia porcellus",10141
"O92284",19,"Homo sapiens",9606
"O92284",19,"Mammalia",40674
"O92367",23,"Mus",10088
"O92446",23,"Bombyx mori",7091
"O92918",29,"Homo sapiens",9606
"O92918",29,"Pan troglodytes",9598
"O92920",19,"Homo sapiens",9606
"O92920",19,"Pan troglodytes",9598
"P00587",25,"Corynebacterium diphtheriae",1717
"P00588",32,"Corynebacterium diphtheriae",1717
"P00589",25,"Corynebacterium diphtheriae",1717
"P01136",19,"Bos taurus",9913
"P01546",26,"Saccharomyces cerevisiae",4932
"P03153",19,"Otospermophilus beecheyi",34862
"P03154",19,"Anas",8835
"P03172",25,"Homo sapiens",9606
"P03173",27,"Homo sapiens",9606
"P03178",30,"Homo sapiens",9606
"P03180",25,"Homo sapiens",9606
"P03188",22,"Homo sapiens",9606
"P03196",32,"Homo sapiens",9606
"P03212",22,"Homo sapiens",9606
"P03218",17,"Homo sapiens",9606
"P03224",28,"Homo sapiens",9606
"P03231",17,"Homo sapiens",9606
"P03250",19,"Homo sapiens",9606
"P03315",15,"Aedes",7158
"P03315",15,"Atelerix albiventris",9368
"P03315",15,"Culex tritaeniorhynchus",7178
"P03315",15,"Halcyon",170865
"P03315",15,"Homo sapiens",9606
"P03315",15,"Quelea",158617
"P03315",15,"Rhipicephalus",34630
"P03316",16,"Acrocephalus scirpaceus",48156
"P03316",16,"Aedes",7158
"P03316",16,"Culex",53527
"P03316",16,"Homo sapiens",9606
"P03316",16,"Motacilla alba",45807
"P03316",16,"Streptopelia turtur",177155
"P03374",98,"Mus musculus",10090
"P03375",32,"Homo sapiens",9606
"P03377",32,"Homo sapiens",9606
"P03378",31,"Homo sapiens",9606
"P03379",106,"Ovis aries",9940
"P03380",33,"Bos taurus",9913
"P03381",20,"Homo sapiens",9606
"P03383",18,"Homo sapiens",9606
"P03385",33,"Mus musculus",10090
"P03386",31,"Mus musculus",10090
"P03388",32,"Mus musculus",10090
"P03389",32,"Mus musculus",10090
"P03390",34,"Mus musculus",10090
"P03391",34,"Felidae",9681
"P03392",34,"Felidae",9681
"P03393",32,"Mus musculus",10090
"P03394",32,"Mus musculus",10090
"P03396",64,"Gallus gallus",9031
"P03399",35,"Galliformes",8976
"P03420",21,"Homo sapiens",9606
"P03435",16,"Aves",8782
"P03435",16,"Cetacea",9721
"P03435",16,"Homo sapiens",9606
"P03435",16,"Phocidae",9709
"P03435",16,"Sus scrofa",9823
"P03436",16,"Aves",8782
"P03436",16,"Cetacea",9721
"P03436",16,"Homo sapiens",9606
"P03436",16,"Phocidae",9709
"P03436",16,"Sus scrofa",9823
"P03437",16,"Aves",8782
"P03437",16,"Cetacea",9721
"P03437",16,"Homo sapiens",9606
"P03437",16,"Phocidae",9709
"P03437",16,"Sus scrofa",9823
"P03438",16,"Aves",8782
"P03438",16,"Cetacea",9721
"P03438",16,"Homo sapiens",9606
"P03438",16,"Phocidae",9709
"P03438",16,"Sus scrofa",9823
"P03439",16,"Aves",8782
"P03439",16,"Cetacea",9721
"P03439",16,"Homo sapiens",9606
"P03439",16,"Phocidae",9709
"P03439",16,"Sus scrofa",9823
"P03440",16,"Aves",8782
"P03440",16,"Homo sapiens",9606
"P03440",16,"Mysticeti",9761
"P03440",16,"Phocidae",9709
"P03440",16,"Sus scrofa",9823
"P03442",16,"Aves",8782
"P03442",16,"Equus caballus",9796
"P03443",16,"Aves",8782
"P03443",16,"Sus scrofa",9823
"P03444",17,"Anatidae",8830
"P03444",17,"Gallus gallus",9031
"P03445",16,"Aves",8782
"P03446",17,"Aves",8782
"P03446",17,"Sus scrofa",9823
"P03447",16,"Aves",8782
"P03448",16,"Aves",8782
"P03449",16,"Aves",8782
"P03449",16,"Cetacea",9721
"P03449",16,"Homo sapiens",9606
"P03449",16,"Phocidae",9709
"P03449",16,"Sus scrofa",9823
"P03450",15,"Aves",8782
"P03450",15,"Homo sapiens",9606
"P03451",15,"Aves",8782
"P03451",15,"Homo sapiens",9606
"P03452",17,"Aves",8782
"P03452",17,"Homo sapiens",9606
"P03452",17,"Sus scrofa",9823
"P03453",17,"Aves",8782
"P03453",17,"Homo sapiens",9606
"P03453",17,"Sus scrofa",9823
"P03454",17,"Aves",8782
"P03454",17,"Homo sapiens",9606
"P03454",17,"Sus scrofa",9823
"P03455",17,"Aves",8782
"P03455",17,"Homo sapiens",9606
"P03455",17,"Sus scrofa",9823
"P03456",16,"Aves",8782
"P03457",18,"Aves",8782
"P03458",18,"Aves",8782
"P03459",18,"Aves",8782
"P03460",15,"Homo sapiens",9606
"P03461",5,"Homo sapiens",9606
"P03462",8,"Homo sapiens",9606
"P03463",15,"Homo sapiens",9606
"P03464",15,"Homo sapiens",9606
"P03465",14,"Homo sapiens",9606
"P03465",14,"Sus scrofa",9823
"P03517",28,"Homo sapiens",9606
"P03517",28,"Phlebotomus papatasi",29031
"P03518",16,"Aedes",7158
"P03518",16,"Bos taurus",9913
"P03518",16,"Bos taurus x Bison bison",297284
"P03518",16,"Camelus bactrianus",9837
"P03518",16,"Capra hircus",9925
"P03518",16,"Homo sapiens",9606
"P03518",16,"Ovis aries",9940
"P03518",16,"Phlebotomus papatasi",29031
"P03522",16,"Aedes",7158
"P03522",16,"Bos taurus",9913
"P03522",16,"Culicoides",58271
"P03522",16,"Equus asinus",9793
"P03522",16,"Equus caballus",9796
"P03522",16,"Homo sapiens",9606
"P03522",16,"Lutzomyia",252607
"P03522",16,"Musca domestica",7370
"P03522",16,"Simuliidae",7190
"P03522",16,"Sus scrofa",9823
"P03524",19,"Homo sapiens",9606
"P03524",19,"Mammalia",40674
"P03619",23,"Escherichia coli",562
"P03620",29,"Escherichia coli",562
"P03621",36,"Pseudomonas aeruginosa",287
"P03661",18,"Escherichia coli",562
"P03663",19,"Escherichia coli",562
"P04027",22,"Macaca mulatta",9544
"P04135",17,"Sus scrofa",9823
"P04136",23,"Sus scrofa",9823
"P04488",20,"Homo sapiens",9606
"P04494",17,"Homo sapiens",9606
"P04505",16,"Aedes aegypti",7159
"P04505",16,"Homo sapiens",9606
"P04577",19,"Homo sapiens",9606
"P04578",32,"Homo sapiens",9606
"P04579",32,"Homo sapiens",9606
"P04580",30,"Homo sapiens",9606
"P04581",31,"Homo sapiens",9606
"P04582",32,"Homo sapiens",9606
"P04583",30,"Homo sapiens",9606
"P04624",32,"Homo sapiens",9606
"P04659",16,"Aves",8782
"P04660",16,"Aves",8782
"P04661",16,"Aves",8782
"P04662",16,"Aves",8782
"P04849",19,"Canis lupus familiaris",9615
"P04849",19,"Homo sapiens",9606
"P04855",25,"Cavia cutleri",10144
"P04855",25,"Cricetidae sp.",36483
"P04855",25,"Mus musculus",10090
"P04855",25,"Rattus norvegicus",10116
"P04856",25,"Cavia cutleri",10144
"P04856",25,"Cricetidae sp.",36483
"P04856",25,"Mus musculus",10090
"P04856",25,"Rattus norvegicus",10116
"P04875",13,"Aedes",7158
"P04875",13,"Bos taurus",9913
"P04875",13,"Canis lupus familiaris",9615
"P04875",13,"Culex",7174
"P04875",13,"Culiseta",174825
"P04875",13,"Equus caballus",9796
"P04875",13,"Gallus gallus",9031
"P04875",13,"Homo sapiens",9606
"P04875",13,"Lepus americanus",48086
"P04882",16,"Aedes",7158
"P04882",16,"Bos taurus",9913
"P04882",16,"Culicoides",58271
"P04882",16,"Equus asinus",9793
"P04882",16,"Equus caballus",9796
"P04882",16,"Homo sapiens",9606
"P04882",16,"Lutzomyia",252607
"P04882",16,"Musca domestica",7370
"P04882",16,"Simuliidae",7190
"P04882",16,"Sus scrofa",9823
"P04883",16,"Aedes",7158
"P04883",16,"Bos taurus",9913
"P04883",16,"Culicoides",58271
"P04883",16,"Equus asinus",9793
"P04883",16,"Equus caballus",9796
"P04883",16,"Homo sapiens",9606
"P04883",16,"Lutzomyia",252607
"P04883",16,"Musca domestica",7370
"P04883",16,"Simuliidae",7190
"P04883",16,"Sus scrofa",9823
"P04884",16,"Aedes",7158
"P04884",16,"Bos taurus",9913
"P04884",16,"Culicoides",58271
"P04884",16,"Equus asinus",9793
"P04884",16,"Equus caballus",9796
"P04884",16,"Homo sapiens",9606
"P04884",16,"Lutzomyia",252607
"P04884",16,"Musca domestica",7370
"P04884",16,"Simuliidae",7190
"P04884",16,"Sus scrofa",9823
"P05135",18,"Gallus gallus",9031
"P05137",22,"Gallus gallus",9031
"P05674",15,"Bos taurus",9913
"P05674",15,"Didelphis marsupialis",9268
"P05674",15,"Equus asinus",9793
"P05674",15,"Equus caballus",9796
"P05674",15,"Homo sapiens",9606
"P05674",15,"Melanoconion",53535
"P05674",15,"Philander opossum",9272
"P05674",15,"Proechimys",10162
"P05674",15,"Sigmodon hispidus",42415
"P05877",31,"Homo sapiens",9606
"P05878",31,"Homo sapiens",9606
"P05879",33,"Homo sapiens",9606
"P05880",31,"Homo sapiens",9606
"P05881",31,"Homo sapiens",9606
"P05882",31,"Homo sapiens",9606
"P05883",22,"Homo sapiens",9606
"P05884",19,"Cercopithecidae",9527
"P05885",22,"Cercopithecidae",9527
"P05886",20,"Cercopithecidae",9527
"P05992",23,"Sus scrofa",9823
"P06024",22,"Sus scrofa",9823
"P06156",31,"Gallus gallus",9031
"P06436",29,"Homo sapiens",9606
"P06437",30,"Homo sapiens",9606
"P06445",32,"Mus musculus",10090
"P06473",24,"Homo sapiens",9606
"P06475",27,"Homo sapiens",9606
"P06476",25,"Homo sapiens",9606
"P06477",20,"Homo sapiens",9606
"P06497",22,"Homo sapiens",9606
"P06498",18,"Homo sapiens",9606
"P06752",34,"Felis catus",9685
"P06763",22,"Homo sapiens",9606
"P06828",18,"Homo sapiens",9606
"P07238",23,"Escherichia coli",562
"P07566",22,"Homo sapiens",9606
"P07575",22,"Macaca mulatta",9544
"P07646",23,"Sus scrofa",9823
"P07923",20,"Salmo",8028
"P07946",16,"Sus scrofa",9823
"P07966",1,"Homo sapiens",9606
"P07966",1,"Sus scrofa",9823
"P07967",1,"Homo sapiens",9606
"P07967",1,"Sus scrofa",9823
"P07968",1,"Homo sapiens",9606
"P07968",1,"Sus scrofa",9823
"P07970",1,"Homo sapiens",9606
"P07970",1,"Sus scrofa",9823
"P07971",1,"Homo sapiens",9606
"P07971",1,"Sus scrofa",9823
"P07973",1,"Homo sapiens",9606
"P07973",1,"Sus scrofa",9823
"P07974",1,"Homo sapiens",9606
"P07974",1,"Sus scrofa",9823
"P07975",14,"Homo sapiens",9606
"P07975",14,"Sus scrofa",9823
"P07976",16,"Aves",8782
"P08026",22,"Escherichia coli",562
"P08072",19,"Oryctolagus cuniculus",9986
"P08354",20,"Sus scrofa",9823
"P08355",40,"Sus scrofa",9823
"P08356",20,"Homo sapiens",9606
"P08359",34,"Felidae",9681
"P08360",33,"Mus musculus",10090
"P08441",19,"Oryctolagus cuniculus",9986
"P08491",20,"Aedes",7158
"P08491",20,"Culex annulirostris",162997
"P08491",20,"Homo sapiens",9606
"P08491",20,"Macropus sp.",9322
"P08560",18,"Homo sapiens",9606
"P08563",23,"Homo sapiens",9606
"P08564",22,"Homo sapiens",9606
"P08665",30,"Homo sapiens",9606
"P08666",22,"Homo sapiens",9606
"P08667",19,"Homo sapiens",9606
"P08667",19,"Mammalia",40674
"P08668",18,"Apodemus agrarius",39030
"P08668",18,"Homo sapiens",9606
"P08714",16,"Homo sapiens",9606
"P08768",15,"Aedes",7158
"P08768",15,"Homo sapiens",9606
"P08768",15,"Passeriformes",9126
"P08810",19,"Cercopithecidae",9527
"P09175",17,"Sus scrofa",9823
"P09258",17,"Homo sapiens",9606
"P09260",17,"Homo sapiens",9606
"P09261",21,"Homo sapiens",9606
"P09308",21,"Homo sapiens",9606
"P09343",18,"Aves",8782
"P09343",18,"Equus caballus",9796
"P09343",18,"Homo sapiens",9606
"P09343",18,"Phocidae",9709
"P09344",18,"Aves",8782
"P09344",18,"Equus caballus",9796
"P09344",18,"Homo sapiens",9606
"P09344",18,"Phocidae",9709
"P09345",16,"Aves",8782
"P09345",16,"Felis catus",9685
"P09345",16,"Homo sapiens",9606
"P09345",16,"Panthera pardus",9691
"P09345",16,"Panthera tigris",9694
"P09345",16,"Sus scrofa",9823
"P09385",22,"Escherichia coli O157:H7",83334
"P09386",19,"Escherichia coli O157:H7",83334
"P09458",19,"Homo sapiens",9606
"P09592",15,"Bos taurus",9913
"P09592",15,"Didelphis marsupialis",9268
"P09592",15,"Equus asinus",9793
"P09592",15,"Equus caballus",9796
"P09592",15,"Homo sapiens",9606
"P09592",15,"Melanoconion",53535
"P09592",15,"Philander opossum",9272
"P09592",15,"Proechimys",10162
"P09592",15,"Sigmodon hispidus",42415
"P09612",13,"Cervidae",9850
"P09612",13,"Homo sapiens",9606
"P09612",13,"Ochlerotatus triseriatus",7162
"P09612",13,"Tamias",13712
"P09613",17,"Homo sapiens",9606
"P09613",17,"Ixodes ricinus",34613
"P09727",17,"Homo sapiens",9606
"P09728",24,"Homo sapiens",9606
"P09729",27,"Homo sapiens",9606
"P09730",21,"Homo sapiens",9606
"P09731",17,"Homo sapiens",9606
"P09765",8,"Homo sapiens",9606
"P09766",8,"Homo sapiens",9606
"P09767",8,"Homo sapiens",9606
"P09990",18,"Bos taurus",9913
"P0C0V9",14,"Bos taurus",9913
"P0C0W0",14,"Bos taurus",9913
"P0C212",20,"Homo sapiens",9606
"P0C572",19,"Canis lupus familiaris",9615
"P0C572",19,"Chodsigoa caovansunga",269271
"P0C572",19,"Felis catus",9685
"P0C572",19,"Rodentia",9989
"P0C573",19,"Homo sapiens",9606
"P0C573",19,"Pan troglodytes",9598
"P0C625",19,"Homo sapiens",9606
"P0C625",19,"Pan troglodytes",9598
"P0C692",19,"Homo sapiens",9606
"P0C692",19,"Pan troglodytes",9598
"P0C699",19,"Homo sapiens",9606
"P0C699",19,"Pan troglodytes",9598
"P0C6G7",19,"Homo sapiens",9606
"P0C6G7",19,"Pan troglodytes",9598
"P0C6G9",19,"Homo sapiens",9606
"P0C6G9",19,"Pan troglodytes",9598
"P0C6H2",19,"Homo sapiens",9606
"P0C6H2",19,"Pan troglodytes",9598
"P0C6H3",19,"Homo sapiens",9606
"P0C6H5",19,"Homo sapiens",9606
"P0C6H5",19,"Pan troglodytes",9598
"P0C6I1",19,"Homo sapiens",9606
"P0C6I1",19,"Pan troglodytes",9598
"P0C6I5",19,"Homo sapiens",9606
"P0C6I5",19,"Pan troglodytes",9598
"P0C6J0",19,"Lagothrix lagotricha",9519
"P0C6J2",19,"Marmota monax",9995
"P0C6J3",19,"Marmota monax",9995
"P0C6J4",19,"Marmota monax",9995
"P0C6J5",19,"Marmota monax",9995
"P0C6J6",19,"Marmota monax",9995
"P0C6J9",19,"Anas",8835
"P10033",19,"Felidae",9681
"P10149",22,"Escherichia coli",562
"P10185",19,"Homo sapiens",9606
"P10211",30,"Homo sapiens",9606
"P10228",24,"Homo sapiens",9606
"P10259",98,"Mus musculus",10090
"P10269",18,"Papio",9554
"P10269",18,"Theropithecus gelada",9565
"P10448",8,"Homo sapiens",9606
"P10681",27,"Gallus gallus",9031
"P10757",15,"Homo sapiens",9606
"P10864",19,"Bos indicus",9915
"P10864",19,"Bos taurus",9913
"P10864",19,"Bubalus bubalis",89462
"P10864",19,"Capra hircus",9925
"P10864",19,"Gazella",9933
"P10864",19,"Giraffa camelopardalis",9894
"P10864",19,"Hippopotamus",9832
"P10864",19,"Ovis aries",9940
"P10864",19,"Suidae",9821
"P10865",31,"Gallus gallus",9031
"P11041",27,"Bombyx mori",7091
"P11132",16,"Aves",8782
"P11135",16,"Aves",8782
"P11209",21,"Homo sapiens",9606
"P11223",18,"Gallus gallus",9031
"P11224",14,"Mus musculus",10090
"P11225",10,"Mus musculus",10090
"P11236",19,"Homo sapiens",9606
"P11261",34,"Felis catus",9685
"P11267",22,"Cercopithecidae",9527
"P11268",31,"Mus musculus",10090
"P11316",21,"Homo sapiens",9606
"P11318",22,"Homo sapiens",9606
"P11323",19,"Homo sapiens",9606
"P11364",28,"Felidae",9681
"P12430",21,"Culex",53527
"P12439",17,"Aves",8782
"P12440",7,"Homo sapiens",9606
"P12441",12,"Homo sapiens",9606
"P12442",11,"Homo sapiens",9606
"P12443",11,"Homo sapiens",9606
"P12449",21,"Homo sapiens",9606
"P12487",31,"Homo sapiens",9606
"P12488",30,"Homo sapiens",9606
"P12489",31,"Homo sapiens",9606
"P12490",31,"Homo sapiens",9606
"P12491",31,"Homo sapiens",9606
"P12492",23,"Cercopithecidae",9527
"P12568",21,"Homo sapiens",9606
"P12569",135,"Ailuropoda melanoleuca",9646
"P12569",135,"Ailurus fulgens",9649
"P12569",135,"Canis lupus familiaris",9615
"P12569",135,"Mustela",9665
"P12569",135,"Panthera leo",9689
"P12569",135,"Procyon lotor",9654
"P12569",135,"Zalophus californianus",9704
"P12570",31,"Gallus gallus",9031
"P12571",31,"Gallus gallus",9031
"P12572",31,"Gallus gallus",9031
"P12574",19,"Bos indicus",9915
"P12574",19,"Bos taurus",9913
"P12574",19,"Bubalus bubalis",89462
"P12574",19,"Capra hircus",9925
"P12574",19,"Gazella",9933
"P12574",19,"Giraffa camelopardalis",9894
"P12574",19,"Hippopotamus",9832
"P12574",19,"Ovis aries",9940
"P12574",19,"Suidae",9821
"P12575",25,"Cavia cutleri",10144
"P12575",25,"Cricetidae sp.",36483
"P12575",25,"Mus musculus",10090
"P12575",25,"Rattus norvegicus",10116
"P12581",17,"Aves",8782
"P12583",16,"Aves",8782
"P12583",16,"Equus caballus",9796
"P12590",17,"Aves",8782
"P12590",17,"Homo sapiens",9606
"P12590",17,"Sus scrofa",9823
"P12605",21,"Homo sapiens",9606
"P12640",67,"Bos taurus",9913
"P12641",22,"Bos taurus",9913
"P12647",17,"Drosophila melanogaster",7227
"P12650",18,"Gallus gallus",9031
"P12651",18,"Gallus gallus",9031
"P12722",18,"Gallus gallus",9031
"P12824",23,"Homo sapiens",9606
"P13101",18,"Aves",8782
"P13102",18,"Aves",8782
"P13102",18,"Cetacea",9721
"P13103",18,"Aves",8782
"P13160",21,"Felidae",9681
"P13180",21,"Homo sapiens",9606
"P13180",21,"Phlebotominae",7198
"P13201",24,"Homo sapiens",9606
"P13289",23,"Homo sapiens",9606
"P13304",26,"Escherichia coli",562
"P13374",25,"Gallus gallus",9031
"P13374",25,"Meleagris gallopavo",9103
"P13625",17,"Orgyia pseudotsugata",33414
"P13843",22,"Homo sapiens",9606
"P13845",19,"Ardeidae",8899
"P13890",20,"Aedes",7158
"P13890",20,"Culex annulirostris",162997
"P13890",20,"Homo sapiens",9606
"P13890",20,"Macropus sp.",9322
"P13897",15,"Aedes",7158
"P13897",15,"Anopheles",7164
"P13897",15,"Culex tarsalis",7177
"P13897",15,"Haemorhous mexicanus",30427
"P13897",15,"Homo sapiens",9606
"P13897",15,"Lepus americanus",48086
"P13897",15,"Lithobates pipiens",8404
"P13897",15,"Passer domesticus",48849
"P13897",15,"Thamnophis",34999
"P13897",15,"Urocitellus richardsonii",37591
"P14075",20,"Homo sapiens",9606
"P14334",19,"Homo sapiens",9606
"P14378",21,"Bos taurus",9913
"P14623",31,"Gallus gallus",9031
"P15073",32,"Mus musculus",10090
"P15133",22,"Homo sapiens",9606
"P15134",22,"Homo sapiens",9606
"P15136",19,"Homo sapiens",9606
"P15199",19,"Homo sapiens",9606
"P15199",19,"Mammalia",40674
"P15240",27,"Staphylococcus aureus",1280
"P15415",19,"Escherichia coli",562
"P15416",29,"Escherichia coli",562
"P15423",15,"Homo sapiens",9606
"P15658",16,"Aves",8782
"P15658",16,"Equus caballus",9796
"P15776",18,"Bos taurus",9913
"P15777",17,"Bos taurus",9913
"P15831",23,"Homo sapiens",9606
"P15879",40,"Clostridium botulinum",1491
"P16060",16,"Aves",8782
"P16288",19,"Homo sapiens",9606
"P16288",19,"Mammalia",40674
"P16492",16,"Saimiri sciureus",9521
"P16493",18,"Apodemus agrarius",39030
"P16493",18,"Homo sapiens",9606
"P16561",16,"Homo sapiens",9606
"P16721",31,"Homo sapiens",9606
"P16739",23,"Homo sapiens",9606
"P16740",25,"Homo sapiens",9606
"P16745",19,"Homo sapiens",9606
"P16750",30,"Homo sapiens",9606
"P16756",23,"Homo sapiens",9606
"P16757",26,"Homo sapiens",9606
"P16758",25,"Homo sapiens",9606
"P16778",22,"Homo sapiens",9606
"P16795",21,"Homo sapiens",9606
"P16808",25,"Homo sapiens",9606
"P16809",23,"Homo sapiens",9606
"P16832",30,"Homo sapiens",9606
"P16833",24,"Homo sapiens",9606
"P16845",20,"Homo sapiens",9606
"P16848",23,"Homo sapiens",9606
"P16853",18,"Apodemus agrarius",39030
"P16853",18,"Homo sapiens",9606
"P16899",107,"Ovis aries",9940
"P16948",19,"Mycosarcoma maydis",5270
"P16994",16,"Aves",8782
"P16994",16,"Equus caballus",9796
"P16995",16,"Aves",8782
"P16995",16,"Equus caballus",9796
"P16996",16,"Aves",8782
"P16996",16,"Equus caballus",9796
"P16997",16,"Aves",8782
"P16997",16,"Equus caballus",9796
"P16998",16,"Aves",8782
"P16998",16,"Equus caballus",9796
"P16999",16,"Aves",8782
"P16999",16,"Equus caballus",9796
"P17000",16,"Aves",8782
"P17000",16,"Cetacea",9721
"P17000",16,"Equus caballus",9796
"P17000",16,"Homo sapiens",9606
"P17000",16,"Phocidae",9709
"P17000",16,"Sus scrofa",9823
"P17001",16,"Aves",8782
"P17001",16,"Equus caballus",9796
"P17002",16,"Aves",8782
"P17002",16,"Equus caballus",9796
"P17099",19,"Homo sapiens",9606
"P17099",19,"Pan troglodytes",9598
"P17146",25,"Homo sapiens",9606
"P17150",19,"Homo sapiens",9606
"P17175",21,"Homo sapiens",9606
"P17176",23,"Homo sapiens",9606
"P17190",19,"Anas",8835
"P17191",19,"Anas",8835
"P17281",30,"Pan",9596
"P17471",67,"Bos taurus",9913
"P17472",28,"Equus caballus",9796
"P17501",20,"Lepidoptera",7088
"P17504",15,"Homo sapiens",9606
"P17662",18,"Gallus gallus",9031
"P17755",24,"Homo sapiens",9606
"P17880",16,"Homo sapiens",9606
"P17880",16,"Rattus norvegicus",10116
"P17880",16,"Rattus rattus",10117
"P18040",21,"Homo sapiens",9606
"P18050",86,"Equus caballus",9796
"P18094",22,"Homo sapiens",9606
"P18450",16,"Sus scrofa",9823
"P18535",32,"Gallus gallus",9031
"P18535",32,"Meleagris gallopavo",9103
"P18538",21,"Gallus gallus",9031
"P18551",86,"Equus caballus",9796
"P18557",18,"Ornithodoros",6937
"P18557",18,"Sus scrofa",9823
"P18558",18,"Ornithodoros",6937
"P18558",18,"Sus scrofa",9823
"P18559",19,"Ornithodoros",6937
"P18559",19,"Sus scrofa",9823
"P18569",18,"Lepidoptera",7088
"P18799",31,"Homo sapiens",9606
"P18875",17,"Aves",8782
"P18875",17,"Homo sapiens",9606
"P18875",17,"Sus scrofa",9823
"P18876",17,"Aves",8782
"P18876",17,"Homo sapiens",9606
"P18876",17,"Sus scrofa",9823
"P19063",17,"Homo sapiens",9606
"P19106",16,"Aves",8782
"P19106",16,"Cetacea",9721
"P19106",16,"Homo sapiens",9606
"P19106",16,"Phocidae",9709
"P19106",16,"Sus scrofa",9823
"P19347",22,"Escherichia coli",562
"P19347",22,"Salmonella typhimurium",90371
"P19462",19,"Homo sapiens",9606
"P19462",19,"Mammalia",40674
"P19503",22,"Cercopithecidae",9527
"P19549",31,"Homo sapiens",9606
"P19550",31,"Homo sapiens",9606
"P19551",32,"Homo sapiens",9606
"P19694",16,"Aves",8782
"P19694",16,"Sus scrofa",9823
"P19695",16,"Aves",8782
"P19696",16,"Aves",8782
"P19696",16,"Sus scrofa",9823
"P19697",16,"Aves",8782
"P19697",16,"Sus scrofa",9823
"P19698",16,"Aves",8782
"P19699",16,"Aves",8782
"P19699",16,"Equus caballus",9796
"P19700",16,"Aves",8782
"P19700",16,"Sus scrofa",9823
"P19701",16,"Aves",8782
"P19701",16,"Phocidae",9709
"P19702",16,"Aves",8782
"P19716",19,"Homo sapiens",9606
"P19725",22,"Homo sapiens",9606
"P19739",21,"Homo sapiens",9606
"P19742",43,"Felidae",9681
"P19743",17,"Felidae",9681
"P20494",19,"Homo sapiens",9606
"P20747",55,"Galliformes",8976
"P20871",32,"Homo sapiens",9606
"P20872",24,"Homo sapiens",9606
"P20888",31,"Homo sapiens",9606
"P20978",16,"Homo sapiens",9606
"P21004",13,"Homo sapiens",9606
"P21005",17,"Homo sapiens",9606
"P21014",20,"Homo sapiens",9606
"P21058",14,"Homo sapiens",9606
"P21064",16,"Homo sapiens",9606
"P21077",21,"Homo sapiens",9606
"P21115",17,"Homo sapiens",9606
"P21116",18,"Homo sapiens",9606
"P21400",23,"Homo sapiens",9606
"P21400",23,"Myodes glareolus",447135
"P21401",16,"Aedes",7158
"P21401",16,"Bos taurus",9913
"P21401",16,"Bos taurus x Bison bison",297284
"P21401",16,"Camelus bactrianus",9837
"P21401",16,"Capra hircus",9925
"P21401",16,"Homo sapiens",9606
"P21401",16,"Ovis aries",9940
"P21401",16,"Phlebotomus papatasi",29031
"P21412",19,"Mammalia",40674
"P21415",41,"Hylobatidae",9577
"P21436",33,"Mus musculus",10090
"P21443",34,"Felidae",9681
"P21444",34,"Felidae",9681
"P21445",36,"Felidae",9681
"P22056",14,"Anopheles",44482
"P22056",14,"Homo sapiens",9606
"P22092",15,"Homo sapiens",9606
"P22167",25,"Bos taurus",9913
"P22432",14,"Mus musculus",10090
"P22484",19,"Equus caballus",9796
"P22485",30,"Homo sapiens",9606
"P22596",32,"Equus caballus",9796
"P22650",27,"Gallus gallus",9031
"P22651",27,"Gallus gallus",9031
"P23052",20,"Equus caballus",9796
"P23058",19,"Lepidoptera",7088
"P23061",20,"Choristoneura fumiferana",7141
"P23064",20,"Homo sapiens",9606
"P23422",106,"Ovis aries",9940
"P23423",106,"Ovis aries",9940
"P23728",25,"Bos taurus",9913
"P23998",19,"Homo sapiens",9606
"P24083",17,"Homo sapiens",9606
"P24084",17,"Homo sapiens",9606
"P24105",24,"Homo sapiens",9606
"P24284",17,"Homo sapiens",9606
"P24358",20,"Bos taurus",9913
"P24380",23,"Equus caballus",9796
"P24412",17,"Sus scrofa",9823
"P24413",16,"Sus scrofa",9823
"P24430",22,"Equus caballus",9796
"P24614",18,"Meleagris gallopavo",9103
"P24766",16,"Bos taurus",9913
"P24770",13,"Bos taurus",9913
"P24771",17,"Bos taurus",9913
"P24872",30,"Equus caballus",9796
"P24904",26,"Gallus gallus",9031
"P24905",17,"Saimiri sciureus",9521
"P24916",22,"Saimiri sciureus",9521
"P24994",34,"Homo sapiens",9606
"P25057",33,"Bos taurus",9913
"P25129",31,"Pseudomonas aeruginosa",287
"P25181",26,"Simiiformes",314293
"P25190",14,"Bos taurus",9913
"P25191",17,"Bos taurus",9913
"P25192",17,"Bos taurus",9913
"P25193",17,"Bos taurus",9913
"P25194",17,"Bos taurus",9913
"P25212",18,"Bos taurus",9913
"P25213",19,"Bos taurus",9913
"P25218",86,"Equus caballus",9796
"P25467",23,"Homo sapiens",9606
"P25504",33,"Bos taurus",9913
"P25505",33,"Bos taurus",9913
"P25506",33,"Bos taurus",9913
"P25507",33,"Bos taurus",9913
"P25783",16,"Lepidoptera",7088
"P25878",17,"Felidae",9681
"P25943",16,"Oryctolagus cuniculus",9986
"P25946",17,"Oryctolagus cuniculus",9986
"P26031",26,"Homo sapiens",9606
"P26032",23,"Homo sapiens",9606
"P26094",18,"Aves",8782
"P26094",18,"Equus caballus",9796
"P26094",18,"Homo sapiens",9606
"P26094",18,"Phocidae",9709
"P26095",18,"Aves",8782
"P26095",18,"Equus caballus",9796
"P26095",18,"Homo sapiens",9606
"P26095",18,"Phocidae",9709
"P26096",18,"Aves",8782
"P26096",18,"Equus caballus",9796
"P26096",18,"Homo sapiens",9606
"P26096",18,"Phocidae",9709
"P26097",18,"Aves",8782
"P26097",18,"Equus caballus",9796
"P26097",18,"Homo sapiens",9606
"P26097",18,"Phocidae",9709
"P26098",18,"Aves",8782
"P26098",18,"Equus caballus",9796
"P26098",18,"Homo sapiens",9606
"P26098",18,"Phocidae",9709
"P26099",18,"Aves",8782
"P26099",18,"Equus caballus",9796
"P26099",18,"Homo sapiens",9606
"P26099",18,"Phocidae",9709
"P26100",18,"Aves",8782
"P26100",18,"Equus caballus",9796
"P26100",18,"Homo sapiens",9606
"P26100",18,"Phocidae",9709
"P26101",18,"Aves",8782
"P26101",18,"Equus caballus",9796
"P26101",18,"Homo sapiens",9606
"P26101",18,"Phocidae",9709
"P26102",18,"Aves",8782
"P26102",18,"Equus caballus",9796
"P26102",18,"Homo sapiens",9606
"P26102",18,"Phocidae",9709
"P26103",18,"Aves",8782
"P26103",18,"Equus caballus",9796
"P26103",18,"Homo sapiens",9606
"P26103",18,"Phocidae",9709
"P26134",16,"Aves",8782
"P26135",16,"Aves",8782
"P26135",16,"Equus caballus",9796
"P26136",17,"Aves",8782
"P26137",12,"Aves",8782
"P26138",16,"Aves",8782
"P26138",16,"Cetacea",9721
"P26138",16,"Homo sapiens",9606
"P26138",16,"Phocidae",9709
"P26138",16,"Sus scrofa",9823
"P26139",16,"Aves",8782
"P26139",16,"Cetacea",9721
"P26139",16,"Homo sapiens",9606
"P26139",16,"Phocidae",9709
"P26139",16,"Sus scrofa",9823
"P26140",17,"Aves",8782
"P26140",17,"Homo sapiens",9606
"P26140",17,"Sus scrofa",9823
"P26141",16,"Aves",8782
"P26141",16,"Cetacea",9721
"P26141",16,"Homo sapiens",9606
"P26141",16,"Phocidae",9709
"P26141",16,"Sus scrofa",9823
"P26562",17,"Aves",8782
"P26562",17,"Homo sapiens",9606
"P26562",17,"Sus scrofa",9823
"P26628",31,"Gallus gallus",9031
"P26629",23,"Homo sapiens",9606
"P26702",16,"Ornithodoros",6937
"P26702",16,"Sus scrofa",9823
"P26703",16,"Ornithodoros",6937
"P26703",16,"Sus scrofa",9823
"P26704",17,"Ornithodoros",6937
"P26704",17,"Sus scrofa",9823
"P26705",20,"Ornithodoros",6937
"P26705",20,"Sus scrofa",9823
"P26706",17,"Ornithodoros",6937
"P26706",17,"Sus scrofa",9823
"P26707",18,"Ornithodoros",6937
"P26707",18,"Sus scrofa",9823
"P26708",18,"Ornithodoros",6937
"P26708",18,"Sus scrofa",9823
"P26709",20,"Ornithodoros",6937
"P26709",20,"Sus scrofa",9823
"P26710",19,"Ornithodoros",6937
"P26710",19,"Sus scrofa",9823
"P26803",34,"Mus musculus",10090
"P26804",34,"Mus musculus",10090
"P26814",16,"Escherichia coli",562
"P27171",36,"Mus musculus",10090
"P27277",17,"Aphis",80764
"P27277",17,"Bidens pilosa",42337
"P27277",17,"Lactuca sativa",4236
"P27277",17,"Sonchus oleraceus",50207
"P27284",15,"Aedes",7158
"P27284",15,"Homo sapiens",9606
"P27284",15,"Passeriformes",9126
"P27285",16,"Acrocephalus scirpaceus",48156
"P27285",16,"Aedes",7158
"P27285",16,"Culex",53527
"P27285",16,"Homo sapiens",9606
"P27285",16,"Motacilla alba",45807
"P27285",16,"Streptopelia turtur",177155
"P27286",23,"Homo sapiens",9606
"P27312",23,"Homo sapiens",9606
"P27312",23,"Myodes glareolus",447135
"P27315",21,"Microtus pennsylvanicus",10058
"P27415",26,"Gallus gallus",9031
"P27416",30,"Sus scrofa",9823
"P27427",20,"Homo sapiens",9606
"P27427",20,"Ixodida",6935
"P27593",30,"Sus scrofa",9823
"P27599",25,"Bos taurus",9913
"P27655",16,"Sus scrofa",9823
"P27662",20,"Coregonus lavaretus",59291
"P27662",20,"Esox lucius",8010
"P27662",20,"Oncorhynchus kisutch",8019
"P27662",20,"Oncorhynchus mykiss",8022
"P27662",20,"Oncorhynchus tshawytscha",74940
"P27662",20,"Salmo trutta",8032
"P27662",20,"Salvelinus namaycush",8040
"P27662",20,"Thymallus thymallus",36185
"P27757",16,"Cercopithecidae",9527
"P27944",16,"Ornithodoros",6937
"P27944",16,"Sus scrofa",9823
"P27945",16,"Ornithodoros",6937
"P27945",16,"Sus scrofa",9823
"P27977",19,"Cercopithecidae",9527
"P28278",16,"Homo sapiens",9606
"P28728",16,"Apodemus agrarius",39030
"P28728",16,"Homo sapiens",9606
"P28729",16,"Homo sapiens",9606
"P28729",16,"Rattus norvegicus",10116
"P28729",16,"Rattus rattus",10117
"P28730",17,"Aves",8782
"P28730",17,"Sus scrofa",9823
"P28731",17,"Aves",8782
"P28731",17,"Sus scrofa",9823
"P28864",23,"Homo sapiens",9606
"P28886",10,"Phocidae",9709
"P28967",19,"Equus caballus",9796
"P28968",25,"Equus caballus",9796
"P28977",15,"Amblyomma variegatum",34610
"P28977",15,"Cavia cutleri",10144
"P28977",15,"Mungos mungo",210652
"P28977",15,"Rhipicephalus appendiculatus",34631
"P28977",15,"Rhipicephalus microplus",6941
"P28980",27,"Equus caballus",9796
"P28986",24,"Homo sapiens",9606
"P28992",28,"Equidae",9788
"P28994",21,"Equidae",9788
"P28995",18,"Equidae",9788
"P29326",19,"Homo sapiens",9606
"P29791",25,"Bos taurus",9913
"P29825",16,"Oryctolagus cuniculus",9986
"P30005",56,"Homo sapiens",9606
"P30027",19,"Anas",8835
"P30215",18,"Homo sapiens",9606
"P30237",23,"Gallus gallus",9031
"P30238",22,"Gallus gallus",9031
"P30239",23,"Gallus gallus",9031
"P30240",23,"Gallus gallus",9031
"P30673",14,"Mus musculus",10090
"P31613",18,"Bos taurus",9913
"P31614",19,"Mus musculus",10090
"P31615",20,"Mus musculus",10090
"P31621",84,"Ovis aries",9940
"P31626",83,"Capra hircus",9925
"P31627",80,"Capra hircus",9925
"P31789",28,"Mus musculus",10090
"P31791",22,"Felidae",9681
"P31793",32,"Mus musculus",10090
"P31794",31,"Mus musculus",10090
"P31796",35,"Galliformes",8976
"P31819",37,"Homo sapiens",9606
"P31872",31,"Homo sapiens",9606
"P32514",19,"Equus caballus",9796
"P32515",25,"Equus caballus",9796
"P32536",24,"Homo sapiens",9606
"P32550",19,"Homo sapiens",9606
"P32550",19,"Mammalia",40674
"P32595",12,"Bos taurus",9913
"P32595",12,"Bubalus bubalis",89462
"P32595",12,"Culicoides",58271
"P32595",12,"Syncerus caffer",9970
"P32596",14,"Bos taurus",9913
"P32596",14,"Bubalus bubalis",89462
"P32596",14,"Culicoides",58271
"P32596",14,"Syncerus caffer",9970
"P32650",19,"Equus caballus",9796
"P33426",19,"Homo sapiens",9606
"P33455",17,"Homo sapiens",9606
"P33455",17,"Rattus norvegicus",10116
"P33455",17,"Rattus rattus",10117
"P33464",17,"Sus scrofa",9823
"P33465",23,"Felidae",9681
"P33467",17,"Felidae",9681
"P33468",18,"Bos taurus",9913
"P33470",16,"Sus scrofa",9823
"P33481",19,"Homo sapiens",9606
"P33500",27,"Gallus gallus",9031
"P33612",31,"Gallus gallus",9031
"P33613",31,"Gallus gallus",9031
"P33614",31,"Gallus gallus",9031
"P33615",31,"Gallus gallus",9031
"P33807",16,"Homo sapiens",9606
"P33852",25,"Homo sapiens",9606
"P33854",16,"Homo sapiens",9606
"P33865",20,"Homo sapiens",9606
"P34016",17,"Homo sapiens",9606
"P35253",18,"Chlorocebus aethiops",9534
"P35253",18,"Homo sapiens",9606
"P35253",18,"Rousettus aegyptiacus",9407
"P35254",18,"Chlorocebus aethiops",9534
"P35254",18,"Homo sapiens",9606
"P35254",18,"Rousettus aegyptiacus",9407
"P35771",19,"Homo sapiens",9606
"P35936",31,"Gallus gallus",9031
"P35949",21,"Mus musculus",10090
"P35954",106,"Ovis aries",9940
"P35961",31,"Homo sapiens",9606
"P35973",23,"Homo sapiens",9606
"P36291",35,"Frankliniella occidentalis",133901
"P36291",35,"Scirtothrips dorsalis",163899
"P36291",35,"Solanum lycopersicum",4081
"P36291",35,"Thrips tabaci",161014
"P36299",17,"Canis lupus familiaris",9615
"P36300",18,"Canis lupus familiaris",9615
"P36301",23,"Canis lupus familiaris",9615
"P36302",15,"Canis lupus familiaris",9615
"P36318",25,"Homo sapiens",9606
"P36319",23,"Homo sapiens",9606
"P36320",23,"Homo sapiens",9606
"P36329",15,"Bos taurus",9913
"P36329",15,"Didelphis marsupialis",9268
"P36329",15,"Equus asinus",9793
"P36329",15,"Equus caballus",9796
"P36329",15,"Homo sapiens",9606
"P36329",15,"Melanoconion",53535
"P36329",15,"Philander opossum",9272
"P36329",15,"Proechimys",10162
"P36329",15,"Sigmodon hispidus",42415
"P36330",15,"Bos taurus",9913
"P36330",15,"Didelphis marsupialis",9268
"P36330",15,"Equus asinus",9793
"P36330",15,"Equus caballus",9796
"P36330",15,"Homo sapiens",9606
"P36330",15,"Melanoconion",53535
"P36330",15,"Philander opossum",9272
"P36330",15,"Proechimys",10162
"P36330",15,"Sigmodon hispidus",42415
"P36331",15,"Bos taurus",9913
"P36331",15,"Didelphis marsupialis",9268
"P36331",15,"Equus asinus",9793
"P36331",15,"Equus caballus",9796
"P36331",15,"Homo sapiens",9606
"P36331",15,"Melanoconion",53535
"P36331",15,"Philander opossum",9272
"P36331",15,"Proechimys",10162
"P36331",15,"Sigmodon hispidus",42415
"P36332",15,"Bos taurus",9913
"P36332",15,"Didelphis marsupialis",9268
"P36332",15,"Equus asinus",9793
"P36332",15,"Equus caballus",9796
"P36332",15,"Homo sapiens",9606
"P36332",15,"Melanoconion",53535
"P36332",15,"Philander opossum",9272
"P36332",15,"Proechimys",10162
"P36332",15,"Sigmodon hispidus",42415
"P36334",14,"Homo sapiens",9606
"P36336",17,"Gallus gallus",9031
"P36337",17,"Gallus gallus",9031
"P36337",17,"Meleagris gallopavo",9103
"P36342",17,"Homo sapiens",9606
"P36342",17,"Macaca fascicularis",9541
"P36342",17,"Macaca leonina",90387
"P36342",17,"Macaca mulatta",9544
"P36342",17,"Macaca nemestrina",9545
"P36346",18,"Aves",8782
"P36346",18,"Equus caballus",9796
"P36346",18,"Homo sapiens",9606
"P36346",18,"Phocidae",9709
"P36705",21,"Homo sapiens",9606
"P36707",16,"Homo sapiens",9606
"P39230",22,"Escherichia coli",562
"P40932",34,"Mus musculus",10090
"P41265",23,"Homo sapiens",9606
"P41265",23,"Myodes glareolus",447135
"P41266",23,"Homo sapiens",9606
"P41266",23,"Myodes glareolus",447135
"P41356",19,"Bos indicus",9915
"P41356",19,"Bos taurus",9913
"P41356",19,"Bubalus bubalis",89462
"P41356",19,"Capra hircus",9925
"P41356",19,"Gazella",9933
"P41356",19,"Giraffa camelopardalis",9894
"P41356",19,"Hippopotamus",9832
"P41356",19,"Ovis aries",9940
"P41356",19,"Suidae",9821
"P41360",19,"Bos indicus",9915
"P41360",19,"Bos taurus",9913
"P41360",19,"Bubalus bubalis",89462
"P41360",19,"Capra hircus",9925
"P41360",19,"Gazella",9933
"P41360",19,"Giraffa camelopardalis",9894
"P41360",19,"Hippopotamus",9832
"P41360",19,"Ovis aries",9940
"P41360",19,"Suidae",9821
"P41416",18,"Lepidoptera",7088
"P41428",37,"Lepidoptera",7088
"P41444",16,"Lepidoptera",7088
"P41475",19,"Lepidoptera",7088
"P41672",15,"Lepidoptera",7088
"P41675",19,"Lepidoptera",7088
"P41684",17,"Lepidoptera",7088
"P41713",18,"Lepidoptera",7088
"P41715",16,"Choristoneura fumiferana",7141
"P41717",17,"Choristoneura fumiferana",7141
"P41721",16,"Bombyx mori",7091
"P42548",27,"Mycoplasma",2093
"P42549",26,"Mycoplasma",2093
"P51515",22,"Macaca mulatta",9544
"P51519",33,"Bos taurus",9913
"P51520",22,"Macaca mulatta",9544
"P51728",17,"Haemophilus influenzae",727
"P52352",22,"Homo sapiens",9606
"P52353",16,"Homo sapiens",9606
"P52366",24,"Homo sapiens",9606
"P52508",18,"Homo sapiens",9606
"P52509",21,"Homo sapiens",9606
"P52510",25,"Gallus gallus",9031
"P52511",16,"Sus scrofa",9823
"P52512",16,"Sus scrofa",9823
"P52513",17,"Mus musculus",10090
"P52514",17,"Mus musculus",10090
"P52526",18,"Homo sapiens",9606
"P52543",23,"Homo sapiens",9606
"P52547",26,"Homo sapiens",9606
"P52549",23,"Homo sapiens",9606
"P52584",20,"Capra hircus",9925
"P52584",20,"Homo sapiens",9606
"P52584",20,"Ovis aries",9940
"P52585",25,"Capra hircus",9925
"P52585",25,"Homo sapiens",9606
"P52585",25,"Ovis aries",9940
"P52638",22,"Bos taurus",9913
"P52638",22,"Bradypodidae",9352
"P52638",22,"Capra hircus",9925
"P52638",22,"Cervidae",9850
"P52638",22,"Crocidura leucodon",109474
"P52638",22,"Equidae",9788
"P52638",22,"Felis catus",9685
"P52638",22,"Hexaprotodon liberiensis",56798
"P52638",22,"Lama glama",9844
"P52638",22,"Oryctolagus cuniculus",9986
"P52638",22,"Ovis aries",9940
"P52638",22,"Struthio camelus",8801
"P52638",22,"Varecia variegata",9455
"P52638",22,"Vicugna pacos",30538
"P57083",25,"Homo sapiens",9606
"P59594",13,"Homo sapiens",9606
"P59594",13,"Paguma larvata",9675
"P59635",15,"Homo sapiens",9606
"P59635",15,"Paguma larvata",9675
"P59709",18,"Bos taurus",9913
"P59710",18,"Bos taurus",9913
"P59711",18,"Bos taurus",9913
"P60170",32,"Epomops franqueti",77231
"P60170",32,"Homo sapiens",9606
"P60170",32,"Myonycteris torquata",77243
"P60171",32,"Epomops franqueti",77231
"P60171",32,"Homo sapiens",9606
"P60171",32,"Myonycteris torquata",77243
"P60172",32,"Epomops franqueti",77231
"P60172",32,"Homo sapiens",9606
"P60172",32,"Myonycteris torquata",77243
"P60173",32,"Epomops franqueti",77231
"P60173",32,"Homo sapiens",9606
"P60173",32,"Myonycteris torquata",77243
"P60528",19,"Homo sapiens",9606
"P68323",23,"Homo sapiens",9606
"P68324",23,"Homo sapiens",9606
"P68325",30,"Equus caballus",9796
"P68326",22,"Equus caballus",9796
"P68327",19,"Equus caballus",9796
"P68328",23,"Equus caballus",9796
"P68329",22,"Equus caballus",9796
"P68330",21,"Equus caballus",9796
"P68331",30,"Homo sapiens",9606
"P68332",30,"Homo sapiens",9606
"P68333",30,"Homo sapiens",9606
"P68334",31,"Equus caballus",9796
"P68444",16,"Bos taurus",9913
"P68445",16,"Homo sapiens",9606
"P68570",25,"Bacillus pumilus",1408
"P68570",25,"Bacillus subtilis",1423
"P68618",25,"Homo sapiens",9606
"P68619",25,"Bos taurus",9913
"P68636",19,"Camelus",9836
"P68637",19,"Camelus",9836
"P68638",19,"Bos taurus",9913
"P68639",19,"Homo sapiens",9606
"P68677",18,"Equus caballus",9796
"P68678",18,"Equus caballus",9796
"P68744",18,"Ornithodoros",6937
"P68744",18,"Sus scrofa",9823
"P68745",18,"Ornithodoros",6937
"P68745",18,"Sus scrofa",9823
"P68761",1,"Homo sapiens",9606
"P68761",1,"Sus scrofa",9823
"P68762",14,"Homo sapiens",9606
"P68762",14,"Sus scrofa",9823
"P68978",17,"Homo sapiens",9606
"P68979",17,"Homo sapiens",9606
"P68980",19,"Homo sapiens",9606
"P68981",19,"Homo sapiens",9606
"P69168",18,"Escherichia coli",562
"P69169",18,"Escherichia coli",562
"P69178",20,"Escherichia coli",562
"P69179",20,"Escherichia coli",562
"P69338",29,"Homo sapiens",9606
"P69339",29,"Homo sapiens",9606
"P69353",23,"Homo sapiens",9606
"P69354",23,"Homo sapiens",9606
"P69355",23,"Homo sapiens",9606
"P69356",23,"Homo sapiens",9606
"P69357",23,"Homo sapiens",9606
"P69358",23,"Homo sapiens",9606
"P69539",23,"Escherichia coli",562
"P69540",23,"Escherichia coli",562
"P69541",23,"Escherichia coli",562
"P69612",23,"Sus scrofa",9823
"P69613",23,"Sus scrofa",9823
"P84393",19,"Equus caballus",9796
"P84449",27,"Equus caballus",9796
"P87506",16,"Aves",8782
"P87666",32,"Epomops franqueti",77231
"P87666",32,"Homo sapiens",9606
"P87666",32,"Myonycteris torquata",77243
"P87670",32,"Epomops franqueti",77231
"P87670",32,"Homo sapiens",9606
"P87670",32,"Myonycteris torquata",77243
"P87671",32,"Epomops franqueti",77231
"P87671",32,"Homo sapiens",9606
"P87671",32,"Myonycteris torquata",77243
"P87691",7,"Homo sapiens",9606
"P87691",7,"Sus scrofa",9823
"P89053",23,"Macaca mulatta",9544
"P89946",27,"Anopheles amictus",59117
"P89946",27,"Culex annulirostris",162997
"P89946",27,"Homo sapiens",9606
"P89946",27,"Macropus",9312
"P89951",19,"Hylobatidae",9577
"Q00139",17,"Ictaluridae",7996
"Q00320",20,"Homo sapiens",9606
"Q00574",19,"Bos taurus",9913
"Q00574",19,"Capra hircus",9925
"Q00574",19,"Cervidae",9850
"Q00574",19,"Erinaceidae",9363
"Q00574",19,"Loxodonta africana",9785
"Q00574",19,"Ovis aries",9940
"Q00574",19,"Rattus norvegicus",10116
"Q00574",19,"Sus scrofa",9823
"Q00660",30,"Sus scrofa",9823
"Q00716",16,"Procyon lotor",9654
"Q00901",40,"Clostridium botulinum C",36828
"Q00996",19,"Saimiri sciureus",9521
"Q01016",20,"Saimiri sciureus",9521
"Q01031",19,"Saimiri sciureus",9521
"Q01049",21,"Saimiri sciureus",9521
"Q01218",16,"Bos taurus",9913
"Q01227",17,"Bos taurus",9913
"Q01232",14,"Bos taurus",9913
"Q01977",16,"Sus scrofa",9823
"Q02004",17,"Amblyomma variegatum",34610
"Q02004",17,"Homo sapiens",9606
"Q02004",17,"Hyalomma rufipes",72862
"Q02004",17,"Hyalomma truncatum",72855
"Q02004",17,"Rhipicephalus",34630
"Q02004",17,"Rhipicephalus annulatus",34611
"Q02004",17,"Rhipicephalus decoloratus",60189
"Q02004",17,"Rhipicephalus geigyi",136141
"Q02077",1,"Felis catus",9685
"Q02385",14,"Mus musculus",10090
"Q02409",21,"Gallus gallus",9031
"Q02837",20,"Cercopithecidae",9527
"Q03500",23,"Bandicota bengalensis",69079
"Q03500",23,"Callithrix",9481
"Q03500",23,"Cercopithecus hamlyni",9536
"Q03500",23,"Chlorocebus aethiops",9534
"Q03500",23,"Gallus gallus",9031
"Q03500",23,"Homo sapiens",9606
"Q03500",23,"Macaca",9539
"Q03500",23,"Mus musculus",10090
"Q03500",23,"Pan troglodytes",9598
"Q03500",23,"Saimiri",9520
"Q03500",23,"Sus scrofa",9823
"Q03731",29,"Homo sapiens",9606
"Q03731",29,"Pan troglodytes",9598
"Q03816",20,"Homo sapiens",9606
"Q03817",20,"Homo sapiens",9606
"Q03909",21,"Aves",8782
"Q03909",21,"Equus caballus",9796
"Q04463",31,"Ateles",9506
"Q04464",28,"Callithrix",9481
"Q04464",28,"Saimiri",9520
"Q04523",18,"Bos taurus",9913
"Q04523",18,"Felis catus",9685
"Q04523",18,"Homo sapiens",9606
"Q04523",18,"Loxodonta africana",9785
"Q04523",18,"Microtus agrestis",29092
"Q04523",18,"Mus musculus",10090
"Q04523",18,"Myodes glareolus",447135
"Q04547",20,"Chlorocebus aethiops",9534
"Q04548",24,"Chlorocebus aethiops",9534
"Q04566",35,"Sus scrofa",9823
"Q04568",22,"Sus scrofa",9823
"Q04569",32,"Sus scrofa",9823
"Q04611",19,"Homo sapiens",9606
"Q04703",23,"Canis lupus familiaris",9615
"Q04704",15,"Canis lupus familiaris",9615
"Q05059",25,"Homo sapiens",9606
"Q05060",25,"Homo sapiens",9606
"Q05320",32,"Epomops franqueti",77231
"Q05320",32,"Homo sapiens",9606
"Q05320",32,"Myonycteris torquata",77243
"Q05495",19,"Homo sapiens",9606
"Q05495",19,"Pan troglodytes",9598
"Q05894",20,"Lepidoptera",7088
"Q06093",56,"Homo sapiens",9606
"Q06094",26,"Homo sapiens",9606
"Q06670",19,"Lepidoptera",7088
"Q06VC5",26,"Noctuidae",7100
"Q06Y10",15,"Homo sapiens",9606
"Q06Y16",15,"Homo sapiens",9606
"Q07005",30,"Homo sapiens",9606
"Q07FI5",17,"Aves",8782
"Q07FI5",17,"Homo sapiens",9606
"Q07FI5",17,"Sus scrofa",9823
"Q08011",16,"Aves",8782
"Q08011",16,"Equus caballus",9796
"Q08089",19,"Homo sapiens",9606
"Q08089",19,"Mammalia",40674
"Q08100",18,"Bos taurus",9913
"Q08101",26,"Bos taurus",9913
"Q08103",24,"Bos taurus",9913
"Q09SZ7",22,"Homo sapiens",9606
"Q0A2W2",16,"Aves",8782
"Q0A2X3",15,"Aves",8782
"Q0A2X3",15,"Homo sapiens",9606
"Q0A3Y1",18,"Aves",8782
"Q0A405",16,"Aves",8782
"Q0A405",16,"Equus caballus",9796
"Q0A448",17,"Aves",8782
"Q0A4A6",17,"Aves",8782
"Q0A4A6",17,"Homo sapiens",9606
"Q0A4A6",17,"Sus scrofa",9823
"Q0A4D1",17,"Aves",8782
"Q0E587",34,"Spodoptera frugiperda",7108
"Q0E590",20,"Spodoptera frugiperda",7108
"Q0GBX6",19,"Homo sapiens",9606
"Q0GBX6",19,"Mammalia",40674
"Q0GBY1",19,"Homo sapiens",9606
"Q0GBY1",19,"Mammalia",40674
"Q0HD60",17,"Aves",8782
"Q0HD60",17,"Homo sapiens",9606
"Q0HD60",17,"Sus scrofa",9823
"Q0Q466",19,"Scotophilus kuhlii",153297
"Q0Q469",15,"Rhinolophus macrotis",196889
"Q0Q470",15,"Rhinolophus macrotis",196889
"Q0Q475",15,"Rhinolophus macrotis",196889
"Q0Q4F1",19,"Tylonycteris pachypus",258959
"Q0Q4F2",17,"Tylonycteris pachypus",258959
"Q0R5Q9",20,"Homo sapiens",9606
"Q0ZME7",13,"Homo sapiens",9606
"Q0ZME8",13,"Homo sapiens",9606
"Q14EB0",13,"Homo sapiens",9606
"Q14EB1",13,"Homo sapiens",9606
"Q1A243",25,"Pan troglodytes",9598
"Q1A261",33,"Pan troglodytes",9598
"Q1I2B9",17,"Aves",8782
"Q1I2B9",17,"Homo sapiens",9606
"Q1I2B9",17,"Sus scrofa",9823
"Q1I2G3",16,"Aves",8782
"Q1I2G3",16,"Cetacea",9721
"Q1I2G3",16,"Homo sapiens",9606
"Q1I2G3",16,"Phocidae",9709
"Q1I2G3",16,"Sus scrofa",9823
"Q1PD50",18,"Chlorocebus aethiops",9534
"Q1PD50",18,"Homo sapiens",9606
"Q1PD50",18,"Rousettus aegyptiacus",9407
"Q1PDC7",18,"Chlorocebus aethiops",9534
"Q1PDC7",18,"Homo sapiens",9606
"Q1PDC7",18,"Rousettus aegyptiacus",9407
"Q1PUD9",16,"Aves",8782
"Q1PUD9",16,"Cetacea",9721
"Q1PUD9",16,"Homo sapiens",9606
"Q1PUD9",16,"Phocidae",9709
"Q1PUD9",16,"Sus scrofa",9823
"Q20MD6",16,"Aves",8782
"Q20MD6",16,"Cetacea",9721
"Q20MD6",16,"Homo sapiens",9606
"Q20MD6",16,"Phocidae",9709
"Q20MD6",16,"Sus scrofa",9823
"Q20MH9",17,"Aves",8782
"Q20MH9",17,"Homo sapiens",9606
"Q20MH9",17,"Sus scrofa",9823
"Q20NC1",16,"Aves",8782
"Q20NC1",16,"Equus caballus",9796
"Q20ND2",16,"Aves",8782
"Q20ND2",16,"Homo sapiens",9606
"Q20ND2",16,"Mysticeti",9761
"Q20ND2",16,"Phocidae",9709
"Q20ND2",16,"Sus scrofa",9823
"Q20NH7",17,"Aves",8782
"Q20NJ0",16,"Aves",8782
"Q20NJ0",16,"Sus scrofa",9823
"Q20NS9",16,"Spatula discors",75842
"Q288V2",17,"Aves",8782
"Q288V2",17,"Homo sapiens",9606
"Q288V2",17,"Sus scrofa",9823
"Q289M7",17,"Aves",8782
"Q289M7",17,"Homo sapiens",9606
"Q289M7",17,"Sus scrofa",9823
"Q2F4V2",16,"Aves",8782
"Q2F4V2",16,"Felis catus",9685
"Q2F4V2",16,"Homo sapiens",9606
"Q2F4V2",16,"Panthera pardus",9691
"Q2F4V2",16,"Panthera tigris",9694
"Q2F4V2",16,"Sus scrofa",9823
"Q2ICR0",16,"Aves",8782
"Q2ICR0",16,"Cetacea",9721
"Q2ICR0",16,"Homo sapiens",9606
"Q2ICR0",16,"Phocidae",9709
"Q2ICR0",16,"Sus scrofa",9823
"Q2RCH5",16,"Aves",8782
"Q2RCH5",16,"Cetacea",9721
"Q2RCH5",16,"Homo sapiens",9606
"Q2RCH5",16,"Phocidae",9709
"Q2RCH5",16,"Sus scrofa",9823
"Q2RFA5",16,"Aves",8782
"Q2RFA5",16,"Cetacea",9721
"Q2RFA5",16,"Homo sapiens",9606
"Q2RFA5",16,"Phocidae",9709
"Q2RFA5",16,"Sus scrofa",9823
"Q2VND2",16,"Aves",8782
"Q2VND2",16,"Cetacea",9721
"Q2VND2",16,"Homo sapiens",9606
"Q2VND2",16,"Phocidae",9709
"Q2VND2",16,"Sus scrofa",9823
"Q2VNF2",16,"Aves",8782
"Q2VNF2",16,"Cetacea",9721
"Q2VNF2",16,"Homo sapiens",9606
"Q2VNF2",16,"Phocidae",9709
"Q2VNF2",16,"Sus scrofa",9823
"Q306W5",21,"Aedes",7158
"Q306W5",21,"Homo sapiens",9606
"Q306W5",21,"Passeriformes",9126
"Q306W7",21,"Aedes",7158
"Q306W7",21,"Homo sapiens",9606
"Q306W7",21,"Passeriformes",9126
"Q30NQ1",16,"Aves",8782
"Q30NQ1",16,"Cetacea",9721
"Q30NQ1",16,"Homo sapiens",9606
"Q30NQ1",16,"Phocidae",9709
"Q30NQ1",16,"Sus scrofa",9823
"Q37935",19,"Escherichia coli",562
"Q38162",15,"Escherichia coli",562
"Q38211",23,"Escherichia coli",562
"Q38SQ8",16,"Aves",8782
"Q38SQ8",16,"Cetacea",9721
"Q38SQ8",16,"Homo sapiens",9606
"Q38SQ8",16,"Phocidae",9709
"Q38SQ8",16,"Sus scrofa",9823
"Q3I5I8",15,"Rhinolophus ferrumequinum",59479
"Q3I5I8",15,"Rhinolophus macrotis",196889
"Q3I5I8",15,"Rhinolophus pearsonii",188571
"Q3I5I8",15,"Rhinolophus sinicus",89399
"Q3I5J0",15,"Rhinolophus ferrumequinum",59479
"Q3I5J0",15,"Rhinolophus macrotis",196889
"Q3I5J0",15,"Rhinolophus pearsonii",188571
"Q3I5J0",15,"Rhinolophus sinicus",89399
"Q3I5J5",15,"Rhinolophus ferrumequinum",59479
"Q3I5J5",15,"Rhinolophus macrotis",196889
"Q3I5J5",15,"Rhinolophus pearsonii",188571
"Q3I5J5",15,"Rhinolophus sinicus",89399
"Q3LZX1",15,"Rhinolophus sinicus",89399
"Q3LZX5",15,"Rhinolophus sinicus",89399
"Q3LZX7",15,"Rhinolophus sinicus",89399
"Q4A212",37,"Emiliania huxleyi",2903
"Q4A213",22,"Emiliania huxleyi",2903
"Q4A214",18,"Emiliania huxleyi",2903
"Q4A218",32,"Emiliania huxleyi",2903
"Q4A222",34,"Emiliania huxleyi",2903
"Q4A229",34,"Emiliania huxleyi",2903
"Q4A232",18,"Emiliania huxleyi",2903
"Q4A236",36,"Emiliania huxleyi",2903
"Q4A237",38,"Emiliania huxleyi",2903
"Q4A246",18,"Emiliania huxleyi",2903
"Q4A247",16,"Emiliania huxleyi",2903
"Q4A257",19,"Emiliania huxleyi",2903
"Q4A258",21,"Emiliania huxleyi",2903
"Q4A264",26,"Emiliania huxleyi",2903
"Q4A272",22,"Emiliania huxleyi",2903
"Q4A283",40,"Emiliania huxleyi",2903
"Q4A291",32,"Emiliania huxleyi",2903
"Q4A297",43,"Emiliania huxleyi",2903
"Q4A2A3",25,"Emiliania huxleyi",2903
"Q4A2A4",22,"Emiliania huxleyi",2903
"Q4A2A5",32,"Emiliania huxleyi",2903
"Q4A2A7",24,"Emiliania huxleyi",2903
"Q4A2A8",31,"Emiliania huxleyi",2903
"Q4A2A9",24,"Emiliania huxleyi",2903
"Q4A2B3",19,"Emiliania huxleyi",2903
"Q4A2B7",25,"Emiliania huxleyi",2903
"Q4A2C1",23,"Emiliania huxleyi",2903
"Q4A2D2",20,"Emiliania huxleyi",2903
"Q4A2D8",39,"Emiliania huxleyi",2903
"Q4A2D9",43,"Emiliania huxleyi",2903
"Q4A2E4",49,"Emiliania huxleyi",2903
"Q4A2E6",20,"Emiliania huxleyi",2903
"Q4A2E7",29,"Emiliania huxleyi",2903
"Q4A2F0",32,"Emiliania huxleyi",2903
"Q4A2F3",27,"Emiliania huxleyi",2903
"Q4A2F4",23,"Emiliania huxleyi",2903
"Q4A2F7",28,"Emiliania huxleyi",2903
"Q4A2F8",25,"Emiliania huxleyi",2903
"Q4A2G0",18,"Emiliania huxleyi",2903
"Q4A2G1",36,"Emiliania huxleyi",2903
"Q4A2G4",17,"Emiliania huxleyi",2903
"Q4A2G7",33,"Emiliania huxleyi",2903
"Q4A2G9",37,"Emiliania huxleyi",2903
"Q4A2H0",15,"Emiliania huxleyi",2903
"Q4A2K2",49,"Emiliania huxleyi",2903
"Q4A2K3",30,"Emiliania huxleyi",2903
"Q4A2L1",25,"Emiliania huxleyi",2903
"Q4A2L4",32,"Emiliania huxleyi",2903
"Q4A2M3",39,"Emiliania huxleyi",2903
"Q4A2M7",20,"Emiliania huxleyi",2903
"Q4A2N2",21,"Emiliania huxleyi",2903
"Q4A2N9",26,"Emiliania huxleyi",2903
"Q4A2P2",23,"Emiliania huxleyi",2903
"Q4A2Q0",24,"Emiliania huxleyi",2903
"Q4A2Q3",41,"Emiliania huxleyi",2903
"Q4A2Q5",20,"Emiliania huxleyi",2903
"Q4A2R0",34,"Emiliania huxleyi",2903
"Q4A2R8",22,"Emiliania huxleyi",2903
"Q4A2S6",16,"Emiliania huxleyi",2903
"Q4A2S7",28,"Emiliania huxleyi",2903
"Q4A2S9",16,"Emiliania huxleyi",2903
"Q4A2T1",22,"Emiliania huxleyi",2903
"Q4A2T3",48,"Emiliania huxleyi",2903
"Q4A2T4",25,"Emiliania huxleyi",2903
"Q4A2T7",29,"Emiliania huxleyi",2903
"Q4A2U0",17,"Emiliania huxleyi",2903
"Q4A2U1",16,"Emiliania huxleyi",2903
"Q4A2U2",15,"Emiliania huxleyi",2903
"Q4A2U3",42,"Emiliania huxleyi",2903
"Q4A2U6",17,"Emiliania huxleyi",2903
"Q4A2V4",36,"Emiliania huxleyi",2903
"Q4A2W2",19,"Emiliania huxleyi",2903
"Q4A2W4",25,"Emiliania huxleyi",2903
"Q4A2X0",24,"Emiliania huxleyi",2903
"Q4A2X3",28,"Emiliania huxleyi",2903
"Q4A2X4",25,"Emiliania huxleyi",2903
"Q4A2X5",24,"Emiliania huxleyi",2903
"Q4A2Y5",19,"Emiliania huxleyi",2903
"Q4A2Y8",23,"Emiliania huxleyi",2903
"Q4A2Z1",18,"Emiliania huxleyi",2903
"Q4A2Z7",17,"Emiliania huxleyi",2903
"Q4A2Z9",41,"Emiliania huxleyi",2903
"Q4A303",26,"Emiliania huxleyi",2903
"Q4A304",18,"Emiliania huxleyi",2903
"Q4A305",17,"Emiliania huxleyi",2903
"Q4A316",26,"Emiliania huxleyi",2903
"Q4A317",15,"Emiliania huxleyi",2903
"Q4A319",31,"Emiliania huxleyi",2903
"Q4A324",26,"Emiliania huxleyi",2903
"Q4A331",33,"Emiliania huxleyi",2903
"Q4A333",19,"Emiliania huxleyi",2903
"Q4A334",17,"Emiliania huxleyi",2903
"Q4A339",42,"Emiliania huxleyi",2903
"Q4A344",20,"Emiliania huxleyi",2903
"Q4A345",24,"Emiliania huxleyi",2903
"Q4A351",21,"Emiliania huxleyi",2903
"Q4A352",29,"Emiliania huxleyi",2903
"Q4A353",48,"Emiliania huxleyi",2903
"Q4A358",21,"Emiliania huxleyi",2903
"Q4A370",16,"Emiliania huxleyi",2903
"Q4A371",21,"Emiliania huxleyi",2903
"Q4A373",15,"Emiliania huxleyi",2903
"Q4A374",26,"Emiliania huxleyi",2903
"Q4A378",26,"Emiliania huxleyi",2903
"Q4A379",14,"Emiliania huxleyi",2903
"Q4A383",19,"Emiliania huxleyi",2903
"Q4A387",23,"Emiliania huxleyi",2903
"Q4A388",31,"Emiliania huxleyi",2903
"Q4A393",32,"Emiliania huxleyi",2903
"Q4A399",39,"Emiliania huxleyi",2903
"Q4A3A0",23,"Emiliania huxleyi",2903
"Q4A3A2",18,"Emiliania huxleyi",2903
"Q4A3A4",27,"Emiliania huxleyi",2903
"Q4A3B5",25,"Emiliania huxleyi",2903
"Q4A3B8",49,"Emiliania huxleyi",2903
"Q4A3C3",15,"Emiliania huxleyi",2903
"Q4A3C4",34,"Emiliania huxleyi",2903
"Q4A3C9",19,"Emiliania huxleyi",2903
"Q4A3D0",27,"Emiliania huxleyi",2903
"Q4QXJ7",21,"Aedes",7158
"Q4QXJ7",21,"Homo sapiens",9606
"Q4QXJ7",21,"Passeriformes",9126
"Q4R1S0",19,"Homo sapiens",9606
"Q4R1S0",19,"Pan troglodytes",9598
"Q4R1S8",19,"Homo sapiens",9606
"Q4R1S8",19,"Pan troglodytes",9598
"Q52NW8",33,"Bos taurus",9913
"Q5GA86",22,"Colocasia esculenta",4460
"Q5K2K4",20,"Gerbillinae",10045
"Q5K2K4",20,"Homo sapiens",9606
"Q5K2K4",20,"Phlebotomus papatasi",29031
"Q5MQD0",13,"Homo sapiens",9606
"Q5MQD1",13,"Homo sapiens",9606
"Q5PP78",17,"Sus scrofa",9823
"Q5PPA2",30,"Sus scrofa",9823
"Q5PPA3",16,"Sus scrofa",9823
"Q5UNX0",18,"Acanthamoeba polyphaga",5757
"Q5UNY7",26,"Acanthamoeba polyphaga",5757
"Q5UP33",23,"Acanthamoeba polyphaga",5757
"Q5UPE0",21,"Acanthamoeba polyphaga",5757
"Q5UPJ1",21,"Acanthamoeba polyphaga",5757
"Q5UPK7",21,"Acanthamoeba polyphaga",5757
"Q5UPR5",24,"Acanthamoeba polyphaga",5757
"Q5UPU8",20,"Acanthamoeba polyphaga",5757
"Q5UQ37",20,"Acanthamoeba polyphaga",5757
"Q5UQE3",22,"Acanthamoeba polyphaga",5757
"Q5UQF7",30,"Acanthamoeba polyphaga",5757
"Q5UQG0",23,"Acanthamoeba polyphaga",5757
"Q5UQG7",19,"Acanthamoeba polyphaga",5757
"Q5UQH9",20,"Acanthamoeba polyphaga",5757
"Q5UQR6",30,"Acanthamoeba polyphaga",5757
"Q5UQX7",16,"Acanthamoeba polyphaga",5757
"Q5UQZ1",26,"Acanthamoeba polyphaga",5757
"Q5UR02",19,"Acanthamoeba polyphaga",5757
"Q5UR11",19,"Acanthamoeba polyphaga",5757
"Q5UR16",24,"Acanthamoeba polyphaga",5757
"Q5UR19",22,"Acanthamoeba polyphaga",5757
"Q5UR42",19,"Acanthamoeba polyphaga",5757
"Q5UR81",25,"Acanthamoeba polyphaga",5757
"Q5URA7",18,"Acanthamoeba polyphaga",5757
"Q5VKN9",17,"Miniopterus schreibersii",9433
"Q5VKP3",19,"Murina leucogaster",187017
"Q5WQY5",14,"Aedes aegypti",7159
"Q5WQY5",14,"Aedes albopictus",7160
"Q5WQY5",14,"Aedes furcifer",299627
"Q5WQY5",14,"Aedes polynesiensis",188700
"Q5WQY5",14,"Cercopithecus",9533
"Q5WQY5",14,"Homo sapiens",9606
"Q5WQY5",14,"Macaca",9539
"Q5WQY5",14,"Pan troglodytes",9598
"Q5WQY5",14,"Papio",9554
"Q5WQY5",14,"Presbytis",9573
"Q5XXP3",14,"Aedes aegypti",7159
"Q5XXP3",14,"Aedes albopictus",7160
"Q5XXP3",14,"Aedes furcifer",299627
"Q5XXP3",14,"Aedes polynesiensis",188700
"Q5XXP3",14,"Cercopithecus",9533
"Q5XXP3",14,"Homo sapiens",9606
"Q5XXP3",14,"Macaca",9539
"Q5XXP3",14,"Pan troglodytes",9598
"Q5XXP3",14,"Papio",9554
"Q5XXP3",14,"Presbytis",9573
"Q5Y388",19,"Aedes vexans",7163
"Q5Y388",19,"Culex tritaeniorhynchus",7178
"Q5Y388",19,"Equus caballus",9796
"Q5Y388",19,"Homo sapiens",9606
"Q5Y388",19,"Sus scrofa",9823
"Q5Y388",19,"Vulpes vulpes",9627
"Q5Y9C3",22,"Homo sapiens",9606
"Q5Y9D0",22,"Homo sapiens",9606
"Q5ZEW5",20,"Sus scrofa",9823
"Q64747",18,"Galliformes",8976
"Q64896",19,"Urocitellus parryii kennicottii",259022
"Q65139",21,"Ornithodoros",6937
"Q65139",21,"Sus scrofa",9823
"Q65176",20,"Ornithodoros",6937
"Q65176",20,"Sus scrofa",9823
"Q65189",13,"Ornithodoros",6937
"Q65189",13,"Sus scrofa",9823
"Q65328",18,"Orgyia pseudotsugata",33414
"Q65363",17,"Orgyia pseudotsugata",33414
"Q65653",26,"Bos taurus",9913
"Q65808",16,"Bos taurus",9913
"Q65984",18,"Canis lupus familiaris",9615
"Q65ZG0",24,"Homo sapiens",9606
"Q66165",18,"Bos taurus",9913
"Q66798",32,"Epomops franqueti",77231
"Q66798",32,"Homo sapiens",9606
"Q66798",32,"Myonycteris torquata",77243
"Q66799",33,"Epomops franqueti",77231
"Q66799",33,"Homo sapiens",9606
"Q66799",33,"Myonycteris torquata",77243
"Q66799",33,"Sus scrofa",9823
"Q66800",33,"Epomops franqueti",77231
"Q66800",33,"Homo sapiens",9606
"Q66800",33,"Myonycteris torquata",77243
"Q66800",33,"Sus scrofa",9823
"Q66810",32,"Epomops franqueti",77231
"Q66810",32,"Homo sapiens",9606
"Q66810",32,"Myonycteris torquata",77243
"Q66811",32,"Epomops franqueti",77231
"Q66811",32,"Homo sapiens",9606
"Q66811",32,"Myonycteris torquata",77243
"Q66814",32,"Epomops franqueti",77231
"Q66814",32,"Homo sapiens",9606
"Q66814",32,"Myonycteris torquata",77243
"Q66917",33,"Felidae",9681
"Q66930",17,"Felidae",9681
"Q66931",18,"Felidae",9681
"Q66T62",19,"Homo sapiens",9606
"Q66T62",19,"Mammalia",40674
"Q67018",15,"Aves",8782
"Q67033",26,"Aves",8782
"Q67033",26,"Homo sapiens",9606
"Q67033",26,"Mysticeti",9761
"Q67033",26,"Phocidae",9709
"Q67033",26,"Sus scrofa",9823
"Q67034",26,"Aves",8782
"Q67034",26,"Homo sapiens",9606
"Q67034",26,"Mysticeti",9761
"Q67034",26,"Phocidae",9709
"Q67034",26,"Sus scrofa",9823
"Q67035",26,"Aves",8782
"Q67035",26,"Homo sapiens",9606
"Q67035",26,"Mysticeti",9761
"Q67035",26,"Phocidae",9709
"Q67035",26,"Sus scrofa",9823
"Q67089",17,"Aves",8782
"Q67089",17,"Homo sapiens",9606
"Q67089",17,"Sus scrofa",9823
"Q67109",17,"Aves",8782
"Q67109",17,"Sus scrofa",9823
"Q67143",15,"Aves",8782
"Q67143",15,"Homo sapiens",9606
"Q67282",15,"Aves",8782
"Q67282",15,"Homo sapiens",9606
"Q67324",26,"Aves",8782
"Q67324",26,"Cetacea",9721
"Q67324",26,"Homo sapiens",9606
"Q67324",26,"Phocidae",9709
"Q67324",26,"Sus scrofa",9823
"Q67333",15,"Aves",8782
"Q67333",15,"Homo sapiens",9606
"Q67369",15,"Homo sapiens",9606
"Q67370",15,"Homo sapiens",9606
"Q67371",15,"Homo sapiens",9606
"Q67372",15,"Homo sapiens",9606
"Q67373",15,"Homo sapiens",9606
"Q67374",15,"Homo sapiens",9606
"Q67375",15,"Homo sapiens",9606
"Q67376",15,"Homo sapiens",9606
"Q67377",15,"Homo sapiens",9606
"Q67378",15,"Homo sapiens",9606
"Q67379",15,"Homo sapiens",9606
"Q67380",15,"Homo sapiens",9606
"Q67381",15,"Homo sapiens",9606
"Q67387",7,"Homo sapiens",9606
"Q67387",7,"Sus scrofa",9823
"Q67456",34,"Mus musculus",10090
"Q67628",22,"Gallus gallus",9031
"Q67876",19,"Homo sapiens",9606
"Q67876",19,"Pan troglodytes",9598
"Q68666",30,"Homo sapiens",9606
"Q68667",30,"Homo sapiens",9606
"Q68668",30,"Homo sapiens",9606
"Q68669",30,"Homo sapiens",9606
"Q68670",30,"Homo sapiens",9606
"Q68671",30,"Homo sapiens",9606
"Q68672",30,"Homo sapiens",9606
"Q68673",30,"Homo sapiens",9606
"Q68674",30,"Homo sapiens",9606
"Q68985",19,"Bandicota bengalensis",69079
"Q68985",19,"Callithrix",9481
"Q68985",19,"Cercopithecus hamlyni",9536
"Q68985",19,"Chlorocebus aethiops",9534
"Q68985",19,"Homo sapiens",9606
"Q68985",19,"Macaca",9539
"Q68985",19,"Mus musculus",10090
"Q68985",19,"Pan troglodytes",9598
"Q68985",19,"Saimiri",9520
"Q68985",19,"Sus scrofa",9823
"Q69024",34,"Cavia porcellus",10141
"Q69081",25,"Homo sapiens",9606
"Q69082",25,"Homo sapiens",9606
"Q69091",25,"Homo sapiens",9606
"Q69464",22,"Homo sapiens",9606
"Q69465",22,"Homo sapiens",9606
"Q69466",27,"Homo sapiens",9606
"Q69472",30,"Homo sapiens",9606
"Q69553",21,"Homo sapiens",9606
"Q69555",15,"Homo sapiens",9606
"Q69557",20,"Homo sapiens",9606
"Q69558",17,"Homo sapiens",9606
"Q69569",18,"Homo sapiens",9606
"Q69577",26,"Homo sapiens",9606
"Q6DLD8",22,"Equus caballus",9796
"Q6DLD9",19,"Equus caballus",9796
"Q6DLH1",21,"Equus caballus",9796
"Q6DLH8",86,"Equus caballus",9796
"Q6DPZ9",16,"Aves",8782
"Q6DPZ9",16,"Felis catus",9685
"Q6DPZ9",16,"Homo sapiens",9606
"Q6DPZ9",16,"Panthera pardus",9691
"Q6DPZ9",16,"Panthera tigris",9694
"Q6DPZ9",16,"Sus scrofa",9823
"Q6DQ15",12,"Aves",8782
"Q6DQ15",12,"Felis catus",9685
"Q6DQ15",12,"Homo sapiens",9606
"Q6DQ15",12,"Panthera pardus",9691
"Q6DQ15",12,"Panthera tigris",9694
"Q6DQ15",12,"Sus scrofa",9823
"Q6DQ18",8,"Aves",8782
"Q6DQ18",8,"Felis catus",9685
"Q6DQ18",8,"Homo sapiens",9606
"Q6DQ18",8,"Panthera pardus",9691
"Q6DQ18",8,"Panthera tigris",9694
"Q6DQ18",8,"Sus scrofa",9823
"Q6DQ19",16,"Aves",8782
"Q6DQ19",16,"Felis catus",9685
"Q6DQ19",16,"Homo sapiens",9606
"Q6DQ19",16,"Panthera pardus",9691
"Q6DQ19",16,"Panthera tigris",9694
"Q6DQ19",16,"Sus scrofa",9823
"Q6DQ20",16,"Aves",8782
"Q6DQ20",16,"Felis catus",9685
"Q6DQ20",16,"Homo sapiens",9606
"Q6DQ20",16,"Panthera pardus",9691
"Q6DQ20",16,"Panthera tigris",9694
"Q6DQ20",16,"Sus scrofa",9823
"Q6DQ21",16,"Aves",8782
"Q6DQ21",16,"Felis catus",9685
"Q6DQ21",16,"Homo sapiens",9606
"Q6DQ21",16,"Panthera pardus",9691
"Q6DQ21",16,"Panthera tigris",9694
"Q6DQ21",16,"Sus scrofa",9823
"Q6DQ22",14,"Aves",8782
"Q6DQ22",14,"Felis catus",9685
"Q6DQ22",14,"Homo sapiens",9606
"Q6DQ22",14,"Panthera pardus",9691
"Q6DQ22",14,"Panthera tigris",9694
"Q6DQ22",14,"Sus scrofa",9823
"Q6E0W7",21,"Rottboellia",300124
"Q6E0W7",21,"Setaria",4554
"Q6E0W7",21,"Sorghum bicolor",4558
"Q6E0W7",21,"Zea mays",4577
"Q6J8E7",16,"Aves",8782
"Q6J8E7",16,"Felis catus",9685
"Q6J8E7",16,"Homo sapiens",9606
"Q6J8E7",16,"Panthera pardus",9691
"Q6J8E7",16,"Panthera tigris",9694
"Q6J8E7",16,"Sus scrofa",9823
"Q6J8F6",16,"Aves",8782
"Q6J8F6",16,"Felis catus",9685
"Q6J8F6",16,"Homo sapiens",9606
"Q6J8F6",16,"Panthera pardus",9691
"Q6J8F6",16,"Panthera tigris",9694
"Q6J8F6",16,"Sus scrofa",9823
"Q6J8F7",23,"Bandicota bengalensis",69079
"Q6J8F7",23,"Callithrix",9481
"Q6J8F7",23,"Cercopithecus hamlyni",9536
"Q6J8F7",23,"Chlorocebus aethiops",9534
"Q6J8F7",23,"Homo sapiens",9606
"Q6J8F7",23,"Macaca",9539
"Q6J8F7",23,"Mus musculus",10090
"Q6J8F7",23,"Pan troglodytes",9598
"Q6J8F7",23,"Saimiri",9520
"Q6J8F7",23,"Sus scrofa",9823
"Q6LEJ4",18,"Aves",8782
"Q6LEJ4",18,"Equus caballus",9796
"Q6LEJ4",18,"Homo sapiens",9606
"Q6LEJ4",18,"Phocidae",9709
"Q6Q1S2",15,"Homo sapiens",9606
"Q6RJQ3",36,"Homo sapiens",9606
"Q6RZT5",19,"Oryctolagus cuniculus",9986
"Q6S6Q5",30,"Equus caballus",9796
"Q6S6R5",31,"Equus caballus",9796
"Q6S6T9",86,"Equus caballus",9796
"Q6S6V7",23,"Equus caballus",9796
"Q6S6W0",25,"Equus caballus",9796
"Q6UY66",18,"Chlorocebus aethiops",9534
"Q6UY66",18,"Homo sapiens",9606
"Q6UY66",18,"Rousettus aegyptiacus",9407
"Q6VTL7",18,"Lepidoptera",7088
"Q6X1D1",19,"Myotis mystacinus",109479
"Q6X1D5",19,"Myotis blythii",109482
"Q6X2U1",22,"Homo sapiens",9606
"Q6X2U3",22,"Homo sapiens",9606
"Q6XU51",15,"Aves",8782
"Q6XU51",15,"Homo sapiens",9606
"Q6XU52",15,"Aves",8782
"Q6XU52",15,"Homo sapiens",9606
"Q6XU53",15,"Aves",8782
"Q6XU53",15,"Homo sapiens",9606
"Q6XU87",15,"Aves",8782
"Q6XU87",15,"Homo sapiens",9606
"Q703F0",20,"Homo sapiens",9606
"Q70626",32,"Homo sapiens",9606
"Q70KP1",27,"Sus scrofa",9823
"Q73372",28,"Homo sapiens",9606
"Q74126",22,"Homo sapiens",9606
"Q75008",31,"Homo sapiens",9606
"Q76638",26,"Homo sapiens",9606
"Q76VK3",23,"Aves",8782
"Q76VK3",23,"Homo sapiens",9606
"Q77377",32,"Homo sapiens",9606
"Q776B5",19,"Camelus",9836
"Q778S6",18,"Gallus gallus",9031
"Q779K3",20,"Shigella sonnei",624
"Q779K4",22,"Shigella sonnei",624
"Q77CE4",21,"Bos taurus",9913
"Q77SK0",20,"Acanthopagrus schlegelii",72011
"Q77SK0",20,"Paralichthys olivaceus",8255
"Q77SK0",20,"Plecoglossus altivelis",61084
"Q77SK0",20,"Sebastes inermis",160818
"Q79670",33,"Homo sapiens",9606
"Q7T6S6",15,"Canis lupus familiaris",9615
"Q7T6S7",23,"Canis lupus familiaris",9615
"Q7T6S9",17,"Canis lupus familiaris",9615
"Q7T6T3",18,"Canis lupus familiaris",9615
"Q7T6X2",23,"Acanthamoeba polyphaga",5757
"Q7T6Y2",25,"Acanthamoeba polyphaga",5757
"Q7T9D9",32,"Epomops franqueti",77231
"Q7T9D9",32,"Homo sapiens",9606
"Q7T9D9",32,"Myonycteris torquata",77243
"Q7T9E0",32,"Epomops franqueti",77231
"Q7T9E0",32,"Homo sapiens",9606
"Q7T9E0",32,"Myonycteris torquata",77243
"Q7TFA0",15,"Homo sapiens",9606
"Q7TFA0",15,"Paguma larvata",9675
"Q7TLR9",18,"Choristoneura fumiferana",7141
"Q7ZPC2",33,"Bos taurus",9913
"Q80A22",5,"Aves",8782
"Q80A22",5,"Felis catus",9685
"Q80A22",5,"Homo sapiens",9606
"Q80A22",5,"Panthera pardus",9691
"Q80A22",5,"Panthera tigris",9694
"Q80A22",5,"Sus scrofa",9823
"Q80A26",5,"Aves",8782
"Q80A26",5,"Felis catus",9685
"Q80A26",5,"Homo sapiens",9606
"Q80A26",5,"Panthera pardus",9691
"Q80A26",5,"Panthera tigris",9694
"Q80A26",5,"Sus scrofa",9823
"Q80A28",5,"Aves",8782
"Q80A28",5,"Felis catus",9685
"Q80A28",5,"Homo sapiens",9606
"Q80A28",5,"Panthera pardus",9691
"Q80A28",5,"Panthera tigris",9694
"Q80A28",5,"Sus scrofa",9823
"Q80A30",5,"Aves",8782
"Q80A30",5,"Felis catus",9685
"Q80A30",5,"Homo sapiens",9606
"Q80A30",5,"Panthera pardus",9691
"Q80A30",5,"Panthera tigris",9694
"Q80A30",5,"Sus scrofa",9823
"Q80KH5",16,"Campoletis sonorensis",7416
"Q80KH6",16,"Campoletis sonorensis",7416
"Q80KH7",20,"Campoletis sonorensis",7416
"Q80KH8",18,"Campoletis sonorensis",7416
"Q80KH9",18,"Campoletis sonorensis",7416
"Q80LP4",19,"Adoxophyes honmai",85585
"Q80PW5",25,"Campoletis sonorensis",7416
"Q80S27",16,"Aedes",7158
"Q80S27",16,"Mansonia",149459
"Q80S27",16,"Ovis aries",9940
"Q81105",19,"Homo sapiens",9606
"Q81105",19,"Pan troglodytes",9598
"Q81113",47,"Homo sapiens",9606
"Q81113",47,"Pan troglodytes",9598
"Q81871",19,"Homo sapiens",9606
"Q82017",14,"Homo sapiens",9606
"Q82509",16,"Aves",8782
"Q82559",16,"Aves",8782
"Q82559",16,"Equus caballus",9796
"Q82683",20,"Salmo",8028
"Q82706",20,"Salmo",8028
"Q83140",32,"Lepidoptera",7088
"Q83356",22,"Mus musculus",10090
"Q83469",22,"Rottboellia",300124
"Q83469",22,"Sorghum bicolor",4558
"Q83469",22,"Zea mays",4577
"Q83543",19,"Canis lupus familiaris",9615
"Q83543",19,"Chodsigoa caovansunga",269271
"Q83543",19,"Felis catus",9685
"Q83543",19,"Rodentia",9989
"Q83887",17,"Homo sapiens",9606
"Q83887",17,"Peromyscus leucopus",10041
"Q83986",16,"Aves",8782
"Q84076",11,"Homo sapiens",9606
"Q84081",9,"Homo sapiens",9606
"Q84102",15,"Homo sapiens",9606
"Q84850",20,"Homo sapiens",9606
"Q85213",18,"Gracilinanus microtarsus",126289
"Q85230",20,"Sus scrofa",9823
"Q85518",34,"Felidae",9681
"Q85522",33,"Felidae",9681
"Q85525",33,"Felidae",9681
"Q85630",33,"Mus terricolor",254704
"Q85646",98,"Mus musculus",10090
"Q85733",32,"Mus musculus",10090
"Q86607",19,"Homo sapiens",9606
"Q86925",13,"Aedes",7158
"Q88168",31,"Lepidoptera",7088
"Q88444",18,"Cyprinus carpio",7962
"Q89182",16,"Homo sapiens",9606
"Q89473",35,"Aves",8782
"Q89473",35,"Homo sapiens",9606
"Q89473",35,"Sus scrofa",9823
"Q89569",33,"Homo sapiens",9606
"Q89569",33,"Macaca fascicularis",9541
"Q89569",33,"Pteropodinae",77225
"Q89569",33,"Sus scrofa",9823
"Q89607",24,"Homo sapiens",9606
"Q89660",24,"Homo sapiens",9606
"Q89669",22,"Bos taurus",9913
"Q89669",22,"Bubalus bubalis",89462
"Q89669",22,"Culicoides",58271
"Q89669",22,"Syncerus caffer",9970
"Q89730",27,"Homo sapiens",9606
"Q89738",17,"Homo sapiens",9606
"Q89853",33,"Homo sapiens",9606
"Q89853",33,"Macaca fascicularis",9541
"Q89853",33,"Pteropodinae",77225
"Q89853",33,"Sus scrofa",9823
"Q89863",28,"Homo sapiens",9606
"Q89904",24,"Bos taurus",9913
"Q89904",24,"Bubalus bubalis",89462
"Q89904",24,"Culicoides",58271
"Q89904",24,"Syncerus caffer",9970
"Q89920",22,"Homo sapiens",9606
"Q8AIH5",21,"Pan troglodytes",9598
"Q8AMN9",33,"Bos taurus",9913
"Q8B0H1",16,"Aedes",7158
"Q8B0H1",16,"Bos taurus",9913
"Q8B0H1",16,"Culicoides",58271
"Q8B0H1",16,"Equus asinus",9793
"Q8B0H1",16,"Equus caballus",9796
"Q8B0H1",16,"Homo sapiens",9606
"Q8B0H1",16,"Lutzomyia",252607
"Q8B0H1",16,"Musca domestica",7370
"Q8B0H1",16,"Simuliidae",7190
"Q8B0H1",16,"Sus scrofa",9823
"Q8B0H6",16,"Aedes",7158
"Q8B0H6",16,"Bos taurus",9913
"Q8B0H6",16,"Culicoides",58271
"Q8B0H6",16,"Equus asinus",9793
"Q8B0H6",16,"Equus caballus",9796
"Q8B0H6",16,"Homo sapiens",9606
"Q8B0H6",16,"Lutzomyia",252607
"Q8B0H6",16,"Musca domestica",7370
"Q8B0H6",16,"Simuliidae",7190
"Q8B0H6",16,"Sus scrofa",9823
"Q8B0I1",16,"Aedes",7158
"Q8B0I1",16,"Bos taurus",9913
"Q8B0I1",16,"Culicoides",58271
"Q8B0I1",16,"Equus asinus",9793
"Q8B0I1",16,"Equus caballus",9796
"Q8B0I1",16,"Homo sapiens",9606
"Q8B0I1",16,"Lutzomyia",252607
"Q8B0I1",16,"Musca domestica",7370
"Q8B0I1",16,"Simuliidae",7190
"Q8B0I1",16,"Sus scrofa",9823
"Q8B9D5",16,"Helicoverpa zea",7113
"Q8B9D5",16,"Lepidoptera",7088
"Q8B9D5",16,"Ostrinia nubilalis",29057
"Q8BB25",17,"Sus scrofa",9823
"Q8BB26",18,"Sus scrofa",9823
"Q8BDV6",25,"Homo sapiens",9606
"Q8BDV6",25,"Mammalia",40674
"Q8JEM8",33,"Bos taurus",9913
"Q8JJX0",16,"Oncorhynchus mykiss",8022
"Q8JJX0",16,"Salmo salar",8030
"Q8JMZ4",19,"Homo sapiens",9606
"Q8JMZ4",19,"Pan troglodytes",9598
"Q8JSP8",17,"Sus scrofa",9823
"Q8JSP9",18,"Sus scrofa",9823
"Q8JTH0",19,"Homo sapiens",9606
"Q8JTH0",19,"Pteropus alecto",9402
"Q8JTH0",19,"Pteropus conspicillatus",328804
"Q8JTH0",19,"Pteropus poliocephalus",9403
"Q8JTH0",19,"Pteropus scapulatus",94117
"Q8JTH0",19,"Saccolaimus",446909
"Q8JUX5",14,"Aedes aegypti",7159
"Q8JUX5",14,"Aedes albopictus",7160
"Q8JUX5",14,"Aedes furcifer",299627
"Q8JUX5",14,"Aedes polynesiensis",188700
"Q8JUX5",14,"Cercopithecus",9533
"Q8JUX5",14,"Homo sapiens",9606
"Q8JUX5",14,"Macaca",9539
"Q8JUX5",14,"Pan troglodytes",9598
"Q8JUX5",14,"Papio",9554
"Q8JUX5",14,"Presbytis",9573
"Q8Q8A3",33,"Bos taurus",9913
"Q8QKU5",22,"Ectocarpus siliculosus",2880
"Q8QKU6",19,"Ectocarpus siliculosus",2880
"Q8QKU7",19,"Ectocarpus siliculosus",2880
"Q8QKU8",19,"Ectocarpus siliculosus",2880
"Q8QKU9",19,"Ectocarpus siliculosus",2880
"Q8QKV0",22,"Ectocarpus siliculosus",2880
"Q8QKV1",16,"Ectocarpus siliculosus",2880
"Q8QKV2",16,"Ectocarpus siliculosus",2880
"Q8QKV3",30,"Ectocarpus siliculosus",2880
"Q8QKV4",24,"Ectocarpus siliculosus",2880
"Q8QKV5",25,"Ectocarpus siliculosus",2880
"Q8QKV6",33,"Ectocarpus siliculosus",2880
"Q8QKV7",19,"Ectocarpus siliculosus",2880
"Q8QKV8",35,"Ectocarpus siliculosus",2880
"Q8QKV9",17,"Ectocarpus siliculosus",2880
"Q8QKW0",25,"Ectocarpus siliculosus",2880
"Q8QKW1",35,"Ectocarpus siliculosus",2880
"Q8QKW2",35,"Ectocarpus siliculosus",2880
"Q8QKW3",24,"Ectocarpus siliculosus",2880
"Q8QKW4",27,"Ectocarpus siliculosus",2880
"Q8QKW5",26,"Ectocarpus siliculosus",2880
"Q8QKW6",24,"Ectocarpus siliculosus",2880
"Q8QL30",19,"Saccharolobus islandicus",43080
"Q8QL52",16,"Oncorhynchus mykiss",8022
"Q8QL52",16,"Salmo salar",8030
"Q8QLK1",16,"Mamestra configurata",174822
"Q8QPL1",16,"Aves",8782
"Q8QPL1",16,"Felis catus",9685
"Q8QPL1",16,"Homo sapiens",9606
"Q8QPL1",16,"Panthera pardus",9691
"Q8QPL1",16,"Panthera tigris",9694
"Q8QPL1",16,"Sus scrofa",9823
"Q8QZ72",15,"Aedes aegypti",7159
"Q8QZ72",15,"Haemagogus",7180
"Q8QZ72",15,"Homo sapiens",9606
"Q8SDJ8",27,"Pseudomonas",286
"Q8UZK5",17,"Homo sapiens",9606
"Q8V307",19,"Camelus",9836
"Q8V436",17,"Bos taurus",9913
"Q8V437",18,"Bos taurus",9913
"Q8V5U0",25,"Lepidoptera",7088
"Q8VA10",22,"Homo sapiens",9606
"Q90023",21,"Chlorella",3071
"Q90121",22,"Mycosarcoma maydis",5270
"Q90157",17,"Choristoneura fumiferana",7141
"Q90158",17,"Lepidoptera",7088
"Q90M12",33,"Bos taurus",9913
"Q90VS8",29,"Homo sapiens",9606
"Q913A8",19,"Homo sapiens",9606
"Q913A8",19,"Pan troglodytes",9598
"Q913Y7",19,"Gallus gallus",9031
"Q91A26",17,"Bos taurus",9913
"Q91AV1",18,"Sus scrofa",9823
"Q91BH1",18,"Lepidoptera",7088
"Q91C28",19,"Homo sapiens",9606
"Q91C28",19,"Mammalia",40674
"Q91C37",19,"Homo sapiens",9606
"Q91C37",19,"Pan troglodytes",9598
"Q91CL9",16,"Antheraea pernyi",7119
"Q91DD7",33,"Homo sapiens",9606
"Q91DD7",33,"Macaca fascicularis",9541
"Q91DD7",33,"Pteropodinae",77225
"Q91DD7",33,"Sus scrofa",9823
"Q91DD8",33,"Homo sapiens",9606
"Q91DD8",33,"Macaca fascicularis",9541
"Q91DD8",33,"Pteropodinae",77225
"Q91DD8",33,"Sus scrofa",9823
"Q91DS0",18,"Cyprinus carpio",7962
"Q91GE3",18,"Lepidoptera",7088
"Q91GH8",18,"Lepidoptera",7088
"Q91MA7",16,"Aves",8782
"Q91MA7",16,"Cetacea",9721
"Q91MA7",16,"Homo sapiens",9606
"Q91MA7",16,"Phocidae",9709
"Q91MA7",16,"Sus scrofa",9823
"Q96800",32,"Mus terricolor",254704
"Q98157",20,"Homo sapiens",9606
"Q98166",18,"Lacanobia oleracea",79499
"Q98332",16,"Microplitis demolitor",69319
"Q98VG3",22,"Homo sapiens",9606
"Q99IE6",22,"Homo sapiens",9606
"Q9DHD0",20,"Homo sapiens",9606
"Q9DHD0",20,"Simiiformes",314293
"Q9DHG9",18,"Homo sapiens",9606
"Q9DHG9",18,"Simiiformes",314293
"Q9DHH2",22,"Homo sapiens",9606
"Q9DHH2",22,"Simiiformes",314293
"Q9DHH7",16,"Homo sapiens",9606
"Q9DHH7",16,"Simiiformes",314293
"Q9DHH9",19,"Homo sapiens",9606
"Q9DHH9",19,"Simiiformes",314293
"Q9DHI3",19,"Homo sapiens",9606
"Q9DHI3",19,"Simiiformes",314293
"Q9DHI5",23,"Homo sapiens",9606
"Q9DHI5",23,"Simiiformes",314293
"Q9DHI7",28,"Homo sapiens",9606
"Q9DHI7",28,"Simiiformes",314293
"Q9DHK1",23,"Homo sapiens",9606
"Q9DHK1",23,"Simiiformes",314293
"Q9DHK7",25,"Homo sapiens",9606
"Q9DHK7",25,"Simiiformes",314293
"Q9DHL3",22,"Homo sapiens",9606
"Q9DHL3",22,"Simiiformes",314293
"Q9DHR1",22,"Homo sapiens",9606
"Q9DHR1",22,"Simiiformes",314293
"Q9DHS2",21,"Homo sapiens",9606
"Q9DHS2",21,"Simiiformes",314293
"Q9DHT2",16,"Homo sapiens",9606
"Q9DHT2",16,"Simiiformes",314293
"Q9DHU7",25,"Homo sapiens",9606
"Q9DHU7",25,"Simiiformes",314293
"Q9DHU8",19,"Homo sapiens",9606
"Q9DHU8",19,"Simiiformes",314293
"Q9DHV2",18,"Homo sapiens",9606
"Q9DHV2",18,"Simiiformes",314293
"Q9DHV3",22,"Homo sapiens",9606
"Q9DHV3",22,"Simiiformes",314293
"Q9DHW0",16,"Homo sapiens",9606
"Q9DHW0",16,"Simiiformes",314293
"Q9DIC6",25,"Embergeria",43191
"Q9DIC6",25,"Lactuca sativa",4236
"Q9DIC6",25,"Reichardia tingitana",43208
"Q9DIC6",25,"Sonchus hydrophilus",255580
"Q9DIC6",25,"Sonchus oleraceus",50207
"Q9DR81",18,"Bos taurus",9913
"Q9DSL8",30,"Homo sapiens",9606
"Q9DUD9",25,"Cavia cutleri",10144
"Q9DUD9",25,"Cricetidae sp.",36483
"Q9DUD9",25,"Mus musculus",10090
"Q9DUD9",25,"Rattus norvegicus",10116
"Q9IDV2",21,"Homo sapiens",9606
"Q9IFF7",15,"Aves",8782
"Q9IFF7",15,"Homo sapiens",9606
"Q9IH63",26,"Cynopterus brachyotis",58060
"Q9IH63",26,"Eonycteris spelaea",58065
"Q9IH63",26,"Homo sapiens",9606
"Q9IH63",26,"Pteropus hypomelanus",9405
"Q9IH63",26,"Pteropus vampyrus",132908
"Q9IH63",26,"Scotophilus kuhlii",153297
"Q9IH63",26,"Sus scrofa",9823
"Q9IKB5",35,"Frankliniella occidentalis",133901
"Q9IKB5",35,"Scirtothrips dorsalis",163899
"Q9IKB5",35,"Solanum lycopersicum",4081
"Q9IKB5",35,"Thrips tabaci",161014
"Q9IKB7",35,"Frankliniella occidentalis",133901
"Q9IKB7",35,"Scirtothrips dorsalis",163899
"Q9IKB7",35,"Solanum lycopersicum",4081
"Q9IKB7",35,"Thrips tabaci",161014
"Q9IKD1",14,"Rattus norvegicus",10116
"Q9IKD2",24,"Rattus norvegicus",10116
"Q9IPJ6",19,"Homo sapiens",9606
"Q9IPJ6",19,"Mammalia",40674
"Q9IVZ8",35,"Bandicota bengalensis",69079
"Q9IVZ8",35,"Callithrix",9481
"Q9IVZ8",35,"Cercopithecus hamlyni",9536
"Q9IVZ8",35,"Chlorocebus aethiops",9534
"Q9IVZ8",35,"Gallus gallus",9031
"Q9IVZ8",35,"Homo sapiens",9606
"Q9IVZ8",35,"Macaca",9539
"Q9IVZ8",35,"Mus musculus",10090
"Q9IVZ8",35,"Pan troglodytes",9598
"Q9IVZ8",35,"Saimiri",9520
"Q9IVZ8",35,"Sus scrofa",9823
"Q9J524",48,"Vertebrata",7742
"Q9J6K8",22,"Homo sapiens",9606
"Q9J8B9",16,"Lepidoptera",7088
"Q9JF44",17,"Homo sapiens",9606
"Q9JFH4",19,"Homo sapiens",9606
"Q9JGK8",16,"Aedes vexans",7163
"Q9JGK8",16,"Culex tritaeniorhynchus",7178
"Q9JGK8",16,"Equus caballus",9796
"Q9JGK8",16,"Homo sapiens",9606
"Q9JGK8",16,"Sus scrofa",9823
"Q9JGK8",16,"Vulpes vulpes",9627
"Q9JGT4",21,"Hordeum vulgare",4513
"Q9PYY5",28,"Xestia",320016
"Q9Q0U6",16,"Aves",8782
"Q9Q0U6",16,"Felis catus",9685
"Q9Q0U6",16,"Homo sapiens",9606
"Q9Q0U6",16,"Panthera pardus",9691
"Q9Q0U6",16,"Panthera tigris",9694
"Q9Q0U6",16,"Sus scrofa",9823
"Q9Q714",28,"Homo sapiens",9606
"Q9Q9G3",14,"Homo sapiens",9606
"Q9QAQ8",17,"Bos taurus",9913
"Q9QAQ9",18,"Bos taurus",9913
"Q9QAR5",17,"Bos taurus",9913
"Q9QAR6",18,"Bos taurus",9913
"Q9QBY2",31,"Homo sapiens",9606
"Q9QBZ0",31,"Homo sapiens",9606
"Q9QBZ4",33,"Homo sapiens",9606
"Q9QBZ8",31,"Homo sapiens",9606
"Q9QJT6",25,"Gobiosoma bosc",203314
"Q9QSP1",19,"Homo sapiens",9606
"Q9QSP1",19,"Pteropus alecto",9402
"Q9QSP1",19,"Pteropus conspicillatus",328804
"Q9QSP1",19,"Pteropus poliocephalus",9403
"Q9QSP1",19,"Pteropus scapulatus",94117
"Q9QSP1",19,"Saccolaimus",446909
"Q9QSQ7",31,"Homo sapiens",9606
"Q9TTC0",35,"Phascolarctos cinereus",38626
"Q9WC60",28,"Homo sapiens",9606
"Q9WC69",28,"Homo sapiens",9606
"Q9WCD8",17,"Aves",8782
"Q9WCD8",17,"Homo sapiens",9606
"Q9WCD8",17,"Sus scrofa",9823
"Q9WCD9",17,"Aves",8782
"Q9WCD9",17,"Homo sapiens",9606
"Q9WCD9",17,"Sus scrofa",9823
"Q9WCE0",17,"Aves",8782
"Q9WCE0",17,"Homo sapiens",9606
"Q9WCE0",17,"Sus scrofa",9823
"Q9WCE1",17,"Aves",8782
"Q9WCE1",17,"Homo sapiens",9606
"Q9WCE1",17,"Sus scrofa",9823
"Q9WCE3",17,"Aves",8782
"Q9WCE3",17,"Homo sapiens",9606
"Q9WCE3",17,"Sus scrofa",9823
"Q9WCE8",17,"Aves",8782
"Q9WCE8",17,"Homo sapiens",9606
"Q9WCE8",17,"Sus scrofa",9823
"Q9WFX3",17,"Aves",8782
"Q9WFX3",17,"Homo sapiens",9606
"Q9WFX3",17,"Sus scrofa",9823
"Q9WGE0",18,"Lepidoptera",7088
"Q9WIU3",21,"Homo sapiens",9606
"Q9WIU4",21,"Homo sapiens",9606
"Q9WIU5",21,"Homo sapiens",9606
"Q9WIU6",21,"Homo sapiens",9606
"Q9WIU7",21,"Homo sapiens",9606
"Q9WIU8",21,"Homo sapiens",9606
"Q9WIU9",29,"Homo sapiens",9606
"Q9WJE3",29,"Homo sapiens",9606
"Q9WJE3",29,"Pan troglodytes",9598
"Q9WJE4",29,"Homo sapiens",9606
"Q9WJE4",29,"Pan troglodytes",9598
"Q9WJE5",29,"Homo sapiens",9606
"Q9WJE5",29,"Pan troglodytes",9598
"Q9WJE6",29,"Homo sapiens",9606
"Q9WJE6",29,"Pan troglodytes",9598
"Q9WJE7",29,"Homo sapiens",9606
"Q9WJE7",29,"Pan troglodytes",9598
"Q9WJE8",29,"Homo sapiens",9606
"Q9WJE8",29,"Pan troglodytes",9598
"Q9WJE9",19,"Gorilla gorilla",9593
"Q9WMB7",19,"Homo sapiens",9606
"Q9WMB7",19,"Pan troglodytes",9598
"Q9WNS3",29,"Homo sapiens",9606
"Q9WNS3",29,"Pan troglodytes",9598
"Q9XJJ7",19,"Escherichia coli O157:H7",83334
"Q9YJU4",21,"Choristoneura fumiferana",7141
"Q9YJV7",16,"Aves",8782
"Q9YJV7",16,"Equus caballus",9796
"Q9YJW4",29,"Homo sapiens",9606
"Q9YJW4",29,"Pan troglodytes",9598
"Q9YJW5",29,"Homo sapiens",9606
"Q9YJW5",29,"Pan troglodytes",9598
"Q9YKB2",29,"Homo sapiens",9606
"Q9YLQ9",23,"Bandicota bengalensis",69079
"Q9YLQ9",23,"Callithrix",9481
"Q9YLQ9",23,"Cercopithecus hamlyni",9536
"Q9YLQ9",23,"Chlorocebus aethiops",9534
"Q9YLQ9",23,"Homo sapiens",9606
"Q9YLQ9",23,"Macaca",9539
"Q9YLQ9",23,"Mus musculus",10090
"Q9YLQ9",23,"Pan troglodytes",9598
"Q9YLQ9",23,"Saimiri",9520
"Q9YLQ9",23,"Sus scrofa",9823
"Q9YMP9",40,"Lepidoptera",7088
"Q9YWK4",21,"Lepidoptera",7088
