100673	100673	acellular root_Viruses,realm_Riboviria,kingdom_Orthornavirae,phylum_Negarnaviricota,subphylum_Polyploviricotina,class_Insthoviricetes,order_Articulavirales,family_Orthomyxoviridae,genus_Gammainfluenzavirus,species_Gammainfluenzavirus influenzae
100834	100834	acellular root_Viruses,realm_Riboviria,kingdom_Orthornavirae,phylum_Negarnaviricota,subphylum_Polyploviricotina,class_Insthoviricetes,order_Articulavirales,family_Orthomyxoviridae,genus_Alphainfluenzavirus,species_Alphainfluenzavirus influenzae,serotype_H5N1 subtype
10245	10245	acellular root_Viruses,realm_Varidnaviria,kingdom_Bamfordvirae,phylum_Nucleocytoviricota,class_Pokkesviricetes,order_Chitovirales,family_Poxviridae,subfamily_Chordopoxvirinae,genus_Orthopoxvirus,species_Orthopoxvirus vaccinia
10246	10246	acellular root_Viruses,realm_Varidnaviria,kingdom_Bamfordvirae,phylum_Nucleocytoviricota,class_Pokkesviricetes,order_Chitovirales,family_Poxviridae,subfamily_Chordopoxvirinae,genus_Orthopoxvirus,species_Orthopoxvirus vaccinia
10248	10248	acellular root_Viruses,realm_Varidnaviria,kingdom_Bamfordvirae,phylum_Nucleocytoviricota,class_Pokkesviricetes,order_Chitovirales,family_Poxviridae,subfamily_Chordopoxvirinae,genus_Orthopoxvirus,species_Orthopoxvirus vaccinia
10249	10249	acellular root_Viruses,realm_Varidnaviria,kingdom_Bamfordvirae,phylum_Nucleocytoviricota,class_Pokkesviricetes,order_Chitovirales,family_Poxviridae,subfamily_Chordopoxvirinae,genus_Orthopoxvirus,species_Orthopoxvirus vaccinia
10250	10250	acellular root_Viruses,realm_Varidnaviria,kingdom_Bamfordvirae,phylum_Nucleocytoviricota,class_Pokkesviricetes,order_Chitovirales,family_Poxviridae,subfamily_Chordopoxvirinae,genus_Orthopoxvirus,species_Orthopoxvirus vaccinia
10251	10251	acellular root_Viruses,realm_Varidnaviria,kingdom_Bamfordvirae,phylum_Nucleocytoviricota,class_Pokkesviricetes,order_Chitovirales,family_Poxviridae,subfamily_Chordopoxvirinae,genus_Orthopoxvirus,species_Orthopoxvirus vaccinia
10252	10252	acellular root_Viruses,realm_Varidnaviria,kingdom_Bamfordvirae,phylum_Nucleocytoviricota,class_Pokkesviricetes,order_Chitovirales,family_Poxviridae,subfamily_Chordopoxvirinae,genus_Orthopoxvirus,species_Orthopoxvirus vaccinia
10253	10253	acellular root_Viruses,realm_Varidnaviria,kingdom_Bamfordvirae,phylum_Nucleocytoviricota,class_Pokkesviricetes,order_Chitovirales,family_Poxviridae,subfamily_Chordopoxvirinae,genus_Orthopoxvirus,species_Orthopoxvirus vaccinia
10254	10254	acellular root_Viruses,realm_Varidnaviria,kingdom_Bamfordvirae,phylum_Nucleocytoviricota,class_Pokkesviricetes,order_Chitovirales,family_Poxviridae,subfamily_Chordopoxvirinae,genus_Orthopoxvirus,species_Orthopoxvirus vaccinia
10256	10256	acellular root_Viruses,realm_Varidnaviria,kingdom_Bamfordvirae,phylum_Nucleocytoviricota,class_Pokkesviricetes,order_Chitovirales,family_Poxviridae,subfamily_Chordopoxvirinae,genus_Orthopoxvirus,species_Orthopoxvirus raccoonpox
10259	10259	acellular root_Viruses,realm_Varidnaviria,kingdom_Bamfordvirae,phylum_Nucleocytoviricota,class_Pokkesviricetes,order_Chitovirales,family_Poxviridae,subfamily_Chordopoxvirinae,genus_Parapoxvirus,species_Parapoxvirus orf
10272	10272	acellular root_Viruses,realm_Varidnaviria,kingdom_Bamfordvirae,phylum_Nucleocytoviricota,class_Pokkesviricetes,order_Chitovirales,family_Poxviridae,subfamily_Chordopoxvirinae,genus_Leporipoxvirus,species_Leporipoxvirus shope
10273	10273	acellular root_Viruses,realm_Varidnaviria,kingdom_Bamfordvirae,phylum_Nucleocytoviricota,class_Pokkesviricetes,order_Chitovirales,family_Poxviridae,subfamily_Chordopoxvirinae,genus_Leporipoxvirus,species_Leporipoxvirus myxoma
10288	10288	acellular root_Viruses,realm_Varidnaviria,kingdom_Bamfordvirae,phylum_Nucleocytoviricota,class_Pokkesviricetes,order_Chitovirales,family_Poxviridae,subfamily_Entomopoxvirinae,genus_Betaentomopoxvirus,species_Betaentomopoxvirus cbiennis
10290	10290	acellular root_Viruses,realm_Varidnaviria,kingdom_Bamfordvirae,phylum_Nucleocytoviricota,class_Pokkesviricetes,order_Chitovirales,family_Poxviridae,subfamily_Entomopoxvirinae,genus_Betaentomopoxvirus,species_Heliothis armigera entomopoxvirus
10291	10291	acellular root_Viruses,realm_Varidnaviria,kingdom_Bamfordvirae,phylum_Nucleocytoviricota,class_Pokkesviricetes,order_Chitovirales,family_Poxviridae,subfamily_Entomopoxvirinae,species_unidentified entomopoxvirus
10296	10296	acellular root_Viruses,realm_Duplodnaviria,kingdom_Heunggongvirae,phylum_Peploviricota,class_Herviviricetes,order_Herpesvirales,family_Orthoherpesviridae,subfamily_Alphaherpesvirinae,genus_Simplexvirus,species_Simplexvirus bovinealpha2
10298	10298	acellular root_Viruses,realm_Duplodnaviria,kingdom_Heunggongvirae,phylum_Peploviricota,class_Herviviricetes,order_Herpesvirales,family_Orthoherpesviridae,subfamily_Alphaherpesvirinae,genus_Simplexvirus,species_Simplexvirus humanalpha1
10299	10299	acellular root_Viruses,realm_Duplodnaviria,kingdom_Heunggongvirae,phylum_Peploviricota,class_Herviviricetes,order_Herpesvirales,family_Orthoherpesviridae,subfamily_Alphaherpesvirinae,genus_Simplexvirus,species_Simplexvirus humanalpha1
10301	10301	acellular root_Viruses,realm_Duplodnaviria,kingdom_Heunggongvirae,phylum_Peploviricota,class_Herviviricetes,order_Herpesvirales,family_Orthoherpesviridae,subfamily_Alphaherpesvirinae,genus_Simplexvirus,species_Simplexvirus humanalpha1
10303	10303	acellular root_Viruses,realm_Duplodnaviria,kingdom_Heunggongvirae,phylum_Peploviricota,class_Herviviricetes,order_Herpesvirales,family_Orthoherpesviridae,subfamily_Alphaherpesvirinae,genus_Simplexvirus,species_Simplexvirus humanalpha1
10304	10304	acellular root_Viruses,realm_Duplodnaviria,kingdom_Heunggongvirae,phylum_Peploviricota,class_Herviviricetes,order_Herpesvirales,family_Orthoherpesviridae,subfamily_Alphaherpesvirinae,genus_Simplexvirus,species_Simplexvirus humanalpha1
10305	10305	acellular root_Viruses,realm_Duplodnaviria,kingdom_Heunggongvirae,phylum_Peploviricota,class_Herviviricetes,order_Herpesvirales,family_Orthoherpesviridae,subfamily_Alphaherpesvirinae,genus_Simplexvirus,species_Simplexvirus humanalpha1
10306	10306	acellular root_Viruses,realm_Duplodnaviria,kingdom_Heunggongvirae,phylum_Peploviricota,class_Herviviricetes,order_Herpesvirales,family_Orthoherpesviridae,subfamily_Alphaherpesvirinae,genus_Simplexvirus,species_Simplexvirus humanalpha1
10307	10307	acellular root_Viruses,realm_Duplodnaviria,kingdom_Heunggongvirae,phylum_Peploviricota,class_Herviviricetes,order_Herpesvirales,family_Orthoherpesviridae,subfamily_Alphaherpesvirinae,genus_Simplexvirus,species_Simplexvirus humanalpha1
10308	10308	acellular root_Viruses,realm_Duplodnaviria,kingdom_Heunggongvirae,phylum_Peploviricota,class_Herviviricetes,order_Herpesvirales,family_Orthoherpesviridae,subfamily_Alphaherpesvirinae,genus_Simplexvirus,species_Simplexvirus humanalpha1
10310	10310	acellular root_Viruses,realm_Duplodnaviria,kingdom_Heunggongvirae,phylum_Peploviricota,class_Herviviricetes,order_Herpesvirales,family_Orthoherpesviridae,subfamily_Alphaherpesvirinae,genus_Simplexvirus,species_Simplexvirus humanalpha2
10313	10313	acellular root_Viruses,realm_Duplodnaviria,kingdom_Heunggongvirae,phylum_Peploviricota,class_Herviviricetes,order_Herpesvirales,family_Orthoherpesviridae,subfamily_Alphaherpesvirinae,genus_Simplexvirus,species_Simplexvirus humanalpha2
10314	10314	acellular root_Viruses,realm_Duplodnaviria,kingdom_Heunggongvirae,phylum_Peploviricota,class_Herviviricetes,order_Herpesvirales,family_Orthoherpesviridae,subfamily_Alphaherpesvirinae,genus_Simplexvirus,species_Simplexvirus humanalpha2
10315	10315	acellular root_Viruses,realm_Duplodnaviria,kingdom_Heunggongvirae,phylum_Peploviricota,class_Herviviricetes,order_Herpesvirales,family_Orthoherpesviridae,subfamily_Alphaherpesvirinae,genus_Simplexvirus,species_Simplexvirus humanalpha2
10316	10316	acellular root_Viruses,realm_Duplodnaviria,kingdom_Heunggongvirae,phylum_Peploviricota,class_Herviviricetes,order_Herpesvirales,family_Orthoherpesviridae,subfamily_Alphaherpesvirinae,genus_Simplexvirus,species_Simplexvirus humanalpha2
10320	10320	acellular root_Viruses,realm_Duplodnaviria,kingdom_Heunggongvirae,phylum_Peploviricota,class_Herviviricetes,order_Herpesvirales,family_Orthoherpesviridae,subfamily_Alphaherpesvirinae,genus_Varicellovirus,species_Varicellovirus bovinealpha1
10323	10323	acellular root_Viruses,realm_Duplodnaviria,kingdom_Heunggongvirae,phylum_Peploviricota,class_Herviviricetes,order_Herpesvirales,family_Orthoherpesviridae,subfamily_Alphaherpesvirinae,genus_Varicellovirus,species_Varicellovirus bovinealpha1
10324	10324	acellular root_Viruses,realm_Duplodnaviria,kingdom_Heunggongvirae,phylum_Peploviricota,class_Herviviricetes,order_Herpesvirales,family_Orthoherpesviridae,subfamily_Alphaherpesvirinae,genus_Varicellovirus,species_Varicellovirus bovinealpha1
10325	10325	acellular root_Viruses,realm_Duplodnaviria,kingdom_Heunggongvirae,phylum_Peploviricota,class_Herviviricetes,order_Herpesvirales,family_Orthoherpesviridae,subfamily_Alphaherpesvirinae,genus_Simplexvirus,species_Simplexvirus macacinealpha1
10327	10327	acellular root_Viruses,realm_Duplodnaviria,kingdom_Heunggongvirae,phylum_Peploviricota,class_Herviviricetes,order_Herpesvirales,family_Orthoherpesviridae,subfamily_Alphaherpesvirinae,genus_Varicellovirus,species_Varicellovirus equidalpha1
10328	10328	acellular root_Viruses,realm_Duplodnaviria,kingdom_Heunggongvirae,phylum_Peploviricota,class_Herviviricetes,order_Herpesvirales,family_Orthoherpesviridae,subfamily_Alphaherpesvirinae,genus_Varicellovirus,species_Varicellovirus equidalpha1
10329	10329	acellular root_Viruses,realm_Duplodnaviria,kingdom_Heunggongvirae,phylum_Peploviricota,class_Herviviricetes,order_Herpesvirales,family_Orthoherpesviridae,subfamily_Alphaherpesvirinae,genus_Varicellovirus,species_Varicellovirus equidalpha1
10330	10330	acellular root_Viruses,realm_Duplodnaviria,kingdom_Heunggongvirae,phylum_Peploviricota,class_Herviviricetes,order_Herpesvirales,family_Orthoherpesviridae,subfamily_Alphaherpesvirinae,genus_Varicellovirus,species_Varicellovirus equidalpha1
10333	10333	acellular root_Viruses,realm_Duplodnaviria,kingdom_Heunggongvirae,phylum_Peploviricota,class_Herviviricetes,order_Herpesvirales,family_Orthoherpesviridae,subfamily_Alphaherpesvirinae,genus_Varicellovirus,species_Varicellovirus equidalpha4
10334	10334	acellular root_Viruses,realm_Duplodnaviria,kingdom_Heunggongvirae,phylum_Peploviricota,class_Herviviricetes,order_Herpesvirales,family_Orthoherpesviridae,subfamily_Alphaherpesvirinae,genus_Varicellovirus,species_Varicellovirus felidalpha1
10338	10338	acellular root_Viruses,realm_Duplodnaviria,kingdom_Heunggongvirae,phylum_Peploviricota,class_Herviviricetes,order_Herpesvirales,family_Orthoherpesviridae,subfamily_Alphaherpesvirinae,genus_Varicellovirus,species_Varicellovirus humanalpha3
10343	10343	acellular root_Viruses,realm_Duplodnaviria,kingdom_Heunggongvirae,phylum_Peploviricota,class_Herviviricetes,order_Herpesvirales,family_Orthoherpesviridae,subfamily_Alphaherpesvirinae,genus_Iltovirus,species_Iltovirus gallidalpha1
10344	10344	acellular root_Viruses,realm_Duplodnaviria,kingdom_Heunggongvirae,phylum_Peploviricota,class_Herviviricetes,order_Herpesvirales,family_Orthoherpesviridae,subfamily_Alphaherpesvirinae,genus_Iltovirus,species_Iltovirus gallidalpha1
10345	10345	acellular root_Viruses,realm_Duplodnaviria,kingdom_Heunggongvirae,phylum_Peploviricota,class_Herviviricetes,order_Herpesvirales,family_Orthoherpesviridae,subfamily_Alphaherpesvirinae,genus_Varicellovirus,species_Varicellovirus suidalpha1
10349	10349	acellular root_Viruses,realm_Duplodnaviria,kingdom_Heunggongvirae,phylum_Peploviricota,class_Herviviricetes,order_Herpesvirales,family_Orthoherpesviridae,subfamily_Alphaherpesvirinae,genus_Varicellovirus,species_Varicellovirus suidalpha1
10350	10350	acellular root_Viruses,realm_Duplodnaviria,kingdom_Heunggongvirae,phylum_Peploviricota,class_Herviviricetes,order_Herpesvirales,family_Orthoherpesviridae,subfamily_Alphaherpesvirinae,genus_Varicellovirus,species_Varicellovirus suidalpha1
10353	10353	acellular root_Viruses,realm_Duplodnaviria,kingdom_Heunggongvirae,phylum_Peploviricota,class_Herviviricetes,order_Herpesvirales,family_Orthoherpesviridae,subfamily_Alphaherpesvirinae,genus_Simplexvirus,species_Simplexvirus saimiriinealpha1
10359	10359	acellular root_Viruses,realm_Duplodnaviria,kingdom_Heunggongvirae,phylum_Peploviricota,class_Herviviricetes,order_Herpesvirales,family_Orthoherpesviridae,subfamily_Betaherpesvirinae,genus_Cytomegalovirus,species_Cytomegalovirus humanbeta5
10360	10360	acellular root_Viruses,realm_Duplodnaviria,kingdom_Heunggongvirae,phylum_Peploviricota,class_Herviviricetes,order_Herpesvirales,family_Orthoherpesviridae,subfamily_Betaherpesvirinae,genus_Cytomegalovirus,species_Cytomegalovirus humanbeta5
103603	103603	acellular root_Viruses,realm_Riboviria,kingdom_Orthornavirae,phylum_Negarnaviricota,subphylum_Haploviricotina,class_Monjiviricetes,order_Mononegavirales,family_Rhabdoviridae,subfamily_Gammarhabdovirinae,genus_Novirhabdovirus,species_Novirhabdovirus snakehead
10363	10363	acellular root_Viruses,realm_Duplodnaviria,kingdom_Heunggongvirae,phylum_Peploviricota,class_Herviviricetes,order_Herpesvirales,family_Orthoherpesviridae,subfamily_Betaherpesvirinae,genus_Cytomegalovirus,species_Cytomegalovirus humanbeta5
10367	10367	acellular root_Viruses,realm_Duplodnaviria,kingdom_Heunggongvirae,phylum_Peploviricota,class_Herviviricetes,order_Herpesvirales,family_Orthoherpesviridae,subfamily_Betaherpesvirinae,genus_Muromegalovirus,species_Muromegalovirus muridbeta1
10369	10369	acellular root_Viruses,realm_Duplodnaviria,kingdom_Heunggongvirae,phylum_Peploviricota,class_Herviviricetes,order_Herpesvirales,family_Orthoherpesviridae,subfamily_Betaherpesvirinae,genus_Roseolovirus,species_Roseolovirus humanbeta6a
10370	10370	acellular root_Viruses,realm_Duplodnaviria,kingdom_Heunggongvirae,phylum_Peploviricota,class_Herviviricetes,order_Herpesvirales,family_Orthoherpesviridae,subfamily_Betaherpesvirinae,genus_Roseolovirus,species_Roseolovirus humanbeta6a
10377	10377	acellular root_Viruses,realm_Duplodnaviria,kingdom_Heunggongvirae,phylum_Peploviricota,class_Herviviricetes,order_Herpesvirales,family_Orthoherpesviridae,subfamily_Gammaherpesvirinae,genus_Lymphocryptovirus,species_Lymphocryptovirus humangamma4
10383	10383	acellular root_Viruses,realm_Duplodnaviria,kingdom_Heunggongvirae,phylum_Peploviricota,class_Herviviricetes,order_Herpesvirales,family_Orthoherpesviridae,subfamily_Gammaherpesvirinae,genus_Rhadinovirus,species_Rhadinovirus saimiriinegamma2
10384	10384	acellular root_Viruses,realm_Duplodnaviria,kingdom_Heunggongvirae,phylum_Peploviricota,class_Herviviricetes,order_Herpesvirales,family_Orthoherpesviridae,subfamily_Gammaherpesvirinae,genus_Rhadinovirus,species_Rhadinovirus saimiriinegamma2
10386	10386	acellular root_Viruses,realm_Duplodnaviria,kingdom_Heunggongvirae,phylum_Peploviricota,class_Herviviricetes,order_Herpesvirales,family_Orthoherpesviridae,subfamily_Alphaherpesvirinae,genus_Iltovirus,species_Iltovirus gallidalpha1
10387	10387	acellular root_Viruses,realm_Duplodnaviria,kingdom_Heunggongvirae,phylum_Peploviricota,class_Herviviricetes,order_Herpesvirales,family_Orthoherpesviridae,subfamily_Alphaherpesvirinae,genus_Mardivirus,species_Mardivirus gallidalpha2
10388	10388	acellular root_Viruses,realm_Duplodnaviria,kingdom_Heunggongvirae,phylum_Peploviricota,class_Herviviricetes,order_Herpesvirales,family_Orthoherpesviridae,subfamily_Alphaherpesvirinae,genus_Mardivirus,species_Mardivirus gallidalpha2
10389	10389	acellular root_Viruses,realm_Duplodnaviria,kingdom_Heunggongvirae,phylum_Peploviricota,class_Herviviricetes,order_Herpesvirales,family_Orthoherpesviridae,subfamily_Alphaherpesvirinae,genus_Mardivirus,species_Mardivirus gallidalpha2
10390	10390	acellular root_Viruses,realm_Duplodnaviria,kingdom_Heunggongvirae,phylum_Peploviricota,class_Herviviricetes,order_Herpesvirales,family_Orthoherpesviridae,subfamily_Alphaherpesvirinae,genus_Mardivirus,species_Mardivirus gallidalpha2
10391	10391	acellular root_Viruses,realm_Duplodnaviria,kingdom_Heunggongvirae,phylum_Peploviricota,class_Herviviricetes,order_Herpesvirales,family_Orthoherpesviridae,subfamily_Alphaherpesvirinae,genus_Mardivirus,species_Mardivirus gallidalpha2
103916	103916	acellular root_Viruses,realm_Riboviria,kingdom_Pararnavirae,phylum_Artverviricota,class_Revtraviricetes,order_Ortervirales,family_Retroviridae,subfamily_Orthoretrovirinae,genus_Gammaretrovirus,species_Gammaretrovirus felleu
103918	103918	acellular root_Viruses,realm_Riboviria,kingdom_Pararnavirae,phylum_Artverviricota,class_Revtraviricetes,order_Ortervirales,family_Retroviridae,subfamily_Orthoretrovirinae,genus_Gammaretrovirus,species_Gammaretrovirus felleu
103919	103919	acellular root_Viruses,realm_Riboviria,kingdom_Pararnavirae,phylum_Artverviricota,class_Revtraviricetes,order_Ortervirales,family_Retroviridae,subfamily_Orthoretrovirinae,genus_Gammaretrovirus,species_Gammaretrovirus felleu
10392	10392	acellular root_Viruses,realm_Duplodnaviria,kingdom_Heunggongvirae,phylum_Peploviricota,class_Herviviricetes,order_Herpesvirales,family_Orthoherpesviridae,subfamily_Alphaherpesvirinae,genus_Mardivirus,species_Mardivirus gallidalpha2
103920	103920	acellular root_Viruses,realm_Duplodnaviria,kingdom_Heunggongvirae,phylum_Peploviricota,class_Herviviricetes,order_Herpesvirales,family_Orthoherpesviridae,subfamily_Betaherpesvirinae,genus_Quwivirus,species_Quwivirus caviidbeta2
103921	103921	acellular root_Viruses,realm_Duplodnaviria,kingdom_Heunggongvirae,phylum_Peploviricota,class_Herviviricetes,order_Herpesvirales,family_Orthoherpesviridae,subfamily_Alphaherpesvirinae,genus_Simplexvirus,species_Simplexvirus humanalpha2
103929	103929	acellular root_Viruses,realm_Riboviria,kingdom_Orthornavirae,phylum_Negarnaviricota,subphylum_Haploviricotina,class_Monjiviricetes,order_Mononegavirales,family_Rhabdoviridae,subfamily_Alpharhabdovirinae,genus_Lyssavirus,species_Lyssavirus rabies
10406	10406	acellular root_Viruses,realm_Riboviria,kingdom_Pararnavirae,phylum_Artverviricota,class_Revtraviricetes,order_Blubervirales,family_Hepadnaviridae,genus_Orthohepadnavirus,species_Orthohepadnavirus sciuri
10407	10407	acellular root_Viruses,realm_Riboviria,kingdom_Pararnavirae,phylum_Artverviricota,class_Revtraviricetes,order_Blubervirales,family_Hepadnaviridae,genus_Orthohepadnavirus,species_Orthohepadnavirus hominoidei
10409	10409	acellular root_Viruses,realm_Riboviria,kingdom_Pararnavirae,phylum_Artverviricota,class_Revtraviricetes,order_Blubervirales,family_Hepadnaviridae,genus_Orthohepadnavirus,species_Orthohepadnavirus hominoidei
10410	10410	acellular root_Viruses,realm_Riboviria,kingdom_Pararnavirae,phylum_Artverviricota,class_Revtraviricetes,order_Blubervirales,family_Hepadnaviridae,genus_Orthohepadnavirus,species_Orthohepadnavirus hominoidei
10412	10412	acellular root_Viruses,realm_Riboviria,kingdom_Pararnavirae,phylum_Artverviricota,class_Revtraviricetes,order_Blubervirales,family_Hepadnaviridae,genus_Orthohepadnavirus,species_Orthohepadnavirus hominoidei
10413	10413	acellular root_Viruses,realm_Riboviria,kingdom_Pararnavirae,phylum_Artverviricota,class_Revtraviricetes,order_Blubervirales,family_Hepadnaviridae,genus_Orthohepadnavirus,species_Orthohepadnavirus hominoidei
10415	10415	acellular root_Viruses,realm_Riboviria,kingdom_Pararnavirae,phylum_Artverviricota,class_Revtraviricetes,order_Blubervirales,family_Hepadnaviridae,genus_Orthohepadnavirus,species_Orthohepadnavirus hominoidei
10430	10430	acellular root_Viruses,realm_Riboviria,kingdom_Pararnavirae,phylum_Artverviricota,class_Revtraviricetes,order_Blubervirales,family_Hepadnaviridae,genus_Orthohepadnavirus,species_Orthohepadnavirus marmotae
10431	10431	acellular root_Viruses,realm_Riboviria,kingdom_Pararnavirae,phylum_Artverviricota,class_Revtraviricetes,order_Blubervirales,family_Hepadnaviridae,genus_Orthohepadnavirus,species_Orthohepadnavirus marmotae
10432	10432	acellular root_Viruses,realm_Riboviria,kingdom_Pararnavirae,phylum_Artverviricota,class_Revtraviricetes,order_Blubervirales,family_Hepadnaviridae,genus_Orthohepadnavirus,species_Orthohepadnavirus marmotae
10433	10433	acellular root_Viruses,realm_Riboviria,kingdom_Pararnavirae,phylum_Artverviricota,class_Revtraviricetes,order_Blubervirales,family_Hepadnaviridae,genus_Orthohepadnavirus,species_Orthohepadnavirus marmotae
104388	104388	acellular root_Viruses,realm_Duplodnaviria,kingdom_Heunggongvirae,phylum_Peploviricota,class_Herviviricetes,order_Herpesvirales,family_Orthoherpesviridae,subfamily_Alphaherpesvirinae,genus_Mardivirus,species_Mardivirus anatidalpha1
10439	10439	acellular root_Viruses,realm_Riboviria,kingdom_Pararnavirae,phylum_Artverviricota,class_Revtraviricetes,order_Blubervirales,family_Hepadnaviridae,genus_Avihepadnavirus,species_Avihepadnavirus anatigruidae
10440	10440	acellular root_Viruses,realm_Riboviria,kingdom_Pararnavirae,phylum_Artverviricota,class_Revtraviricetes,order_Blubervirales,family_Hepadnaviridae,genus_Avihepadnavirus,species_Avihepadnavirus anatigruidae
10449	10449	acellular root_Viruses,class_Naldaviricetes,order_Lefavirales,family_Baculoviridae,genus_Alphabaculovirus,species_Alphabaculovirus lydisparis
10456	10456	acellular root_Viruses,class_Naldaviricetes,order_Lefavirales,family_Baculoviridae,genus_Alphabaculovirus,species_Alphabaculovirus splittoralis
10469	10469	acellular root_Viruses,class_Naldaviricetes,order_Lefavirales,family_Baculoviridae,species_unidentified baculovirus
10484	10484	acellular root_Viruses,family_Polydnaviriformidae,genus_Ichnoviriform,species_Ichnoviriform sonorense
10498	10498	acellular root_Viruses,realm_Varidnaviria,kingdom_Bamfordvirae,phylum_Nucleocytoviricota,class_Pokkesviricetes,order_Asfuvirales,family_Asfarviridae,genus_Asfivirus,species_Asfivirus haemorrhagiae
10499	10499	acellular root_Viruses,realm_Varidnaviria,kingdom_Bamfordvirae,phylum_Nucleocytoviricota,class_Pokkesviricetes,order_Asfuvirales,family_Asfarviridae,genus_Asfivirus,species_Asfivirus haemorrhagiae
10506	10506	acellular root_Viruses,realm_Varidnaviria,kingdom_Bamfordvirae,phylum_Nucleocytoviricota,class_Megaviricetes,order_Algavirales,family_Phycodnaviridae,genus_Chlorovirus,species_Chlorovirus vanettense
10515	10515	acellular root_Viruses,realm_Varidnaviria,kingdom_Bamfordvirae,phylum_Preplasmiviricota,subphylum_Polisuviricotina,class_Pharingeaviricetes,order_Rowavirales,family_Adenoviridae,genus_Mastadenovirus,species_Mastadenovirus hylobatidae
10519	10519	acellular root_Viruses,realm_Varidnaviria,kingdom_Bamfordvirae,phylum_Preplasmiviricota,subphylum_Polisuviricotina,class_Pharingeaviricetes,order_Rowavirales,family_Adenoviridae,genus_Mastadenovirus,species_Mastadenovirus blackbeardi
10522	10522	acellular root_Viruses,realm_Varidnaviria,kingdom_Bamfordvirae,phylum_Preplasmiviricota,subphylum_Polisuviricotina,class_Pharingeaviricetes,order_Rowavirales,family_Adenoviridae,genus_Mastadenovirus,species_Mastadenovirus blackbeardi
10534	10534	acellular root_Viruses,realm_Varidnaviria,kingdom_Bamfordvirae,phylum_Preplasmiviricota,subphylum_Polisuviricotina,class_Pharingeaviricetes,order_Rowavirales,family_Adenoviridae,genus_Mastadenovirus,species_Mastadenovirus hylobatidae
10553	10553	acellular root_Viruses,realm_Varidnaviria,kingdom_Bamfordvirae,phylum_Preplasmiviricota,subphylum_Polisuviricotina,class_Pharingeaviricetes,order_Rowavirales,family_Adenoviridae,genus_Aviadenovirus,species_Aviadenovirus ventriculi
106423	106423	acellular root_Viruses,realm_Riboviria,kingdom_Orthornavirae,phylum_Negarnaviricota,subphylum_Polyploviricotina,class_Insthoviricetes,order_Articulavirales,family_Orthomyxoviridae,genus_Alphainfluenzavirus,species_Alphainfluenzavirus influenzae,serotype_H9N2 subtype
106491	106491	acellular root_Viruses,realm_Riboviria,kingdom_Orthornavirae,phylum_Negarnaviricota,subphylum_Polyploviricotina,class_Insthoviricetes,order_Articulavirales,family_Orthomyxoviridae,genus_Alphainfluenzavirus,species_Alphainfluenzavirus influenzae,serotype_H9N2 subtype
10665	10665	acellular root_Viruses,realm_Duplodnaviria,kingdom_Heunggongvirae,phylum_Uroviricota,class_Caudoviricetes,order_Pantevenvirales,family_Straboviridae,subfamily_Tevenvirinae,genus_Tequatrovirus,species_Tequatrovirus T4
10703	10703	acellular root_Viruses,realm_Duplodnaviria,kingdom_Heunggongvirae,phylum_Uroviricota,class_Caudoviricetes,genus_Lambdavirus,species_Corynephage beta
10707	10707	acellular root_Viruses,realm_Duplodnaviria,kingdom_Heunggongvirae,phylum_Uroviricota,class_Caudoviricetes,family_Demerecviridae,subfamily_Markadamsvirinae,genus_Tequintavirus,species_Tequintavirus BF23
10714	10714	acellular root_Viruses,realm_Duplodnaviria,kingdom_Heunggongvirae,phylum_Uroviricota,class_Caudoviricetes,genus_Lambdavirus,species_Corynephage omega
10715	10715	acellular root_Viruses,realm_Duplodnaviria,kingdom_Heunggongvirae,phylum_Uroviricota,class_Caudoviricetes,subfamily_Bronfenbrennervirinae,genus_Peeveelvirus,species_Peeveelvirus pv13
10730	10730	acellular root_Viruses,realm_Duplodnaviria,kingdom_Heunggongvirae,phylum_Uroviricota,class_Caudoviricetes,subfamily_Sepvirinae,genus_Traversvirus,species_Traversvirus tv933W
10738	10738	acellular root_Viruses,realm_Duplodnaviria,kingdom_Heunggongvirae,phylum_Uroviricota,class_Caudoviricetes,genus_Lambdavirus,species_Enterobacteria phage PA-2
107417	107417	acellular root_Viruses,realm_Riboviria,kingdom_Orthornavirae,phylum_Negarnaviricota,subphylum_Polyploviricotina,class_Insthoviricetes,order_Articulavirales,family_Orthomyxoviridae,genus_Betainfluenzavirus,species_Betainfluenzavirus influenzae
107470	107470	acellular root_Viruses,realm_Riboviria,kingdom_Orthornavirae,phylum_Negarnaviricota,subphylum_Polyploviricotina,class_Insthoviricetes,order_Articulavirales,family_Orthomyxoviridae,genus_Alphainfluenzavirus,species_Alphainfluenzavirus influenzae,serotype_H3N2 subtype
1077587	1077587	acellular root_Viruses,realm_Riboviria,kingdom_Orthornavirae,phylum_Negarnaviricota,subphylum_Polyploviricotina,class_Insthoviricetes,order_Articulavirales,family_Orthomyxoviridae,genus_Betainfluenzavirus,species_Betainfluenzavirus influenzae
10863	10863	acellular root_Viruses,realm_Floreoviria,kingdom_Loebvirae,phylum_Hofneiviricota,class_Faserviricetes,order_Tubulavirales,family_Inoviridae,genus_Inovirus,species_Inovirus M13
10867	10867	acellular root_Viruses,realm_Floreoviria,kingdom_Loebvirae,phylum_Hofneiviricota,class_Faserviricetes,order_Tubulavirales,family_Inoviridae,genus_Lineavirus,species_Lineavirus IKe
10868	10868	acellular root_Viruses,realm_Floreoviria,kingdom_Loebvirae,phylum_Hofneiviricota,class_Faserviricetes,order_Tubulavirales,family_Inoviridae,genus_Infulavirus,species_Infulavirus If1
10869	10869	acellular root_Viruses,realm_Floreoviria,kingdom_Loebvirae,phylum_Hofneiviricota,class_Faserviricetes,order_Tubulavirales,family_Inoviridae,genus_Lineavirus,species_Lineavirus I22
1093324	1093324	acellular root_Viruses,realm_Riboviria,kingdom_Orthornavirae,phylum_Negarnaviricota,subphylum_Polyploviricotina,class_Insthoviricetes,order_Articulavirales,family_Orthomyxoviridae,genus_Alphainfluenzavirus,species_Alphainfluenzavirus influenzae,serotype_H13N2 subtype
1093329	1093329	acellular root_Viruses,realm_Riboviria,kingdom_Orthornavirae,phylum_Negarnaviricota,subphylum_Polyploviricotina,class_Insthoviricetes,order_Articulavirales,family_Orthomyxoviridae,genus_Alphainfluenzavirus,species_Alphainfluenzavirus influenzae,serotype_H2N1 subtype
1093331	1093331	acellular root_Viruses,realm_Riboviria,kingdom_Orthornavirae,phylum_Negarnaviricota,subphylum_Polyploviricotina,class_Insthoviricetes,order_Articulavirales,family_Orthomyxoviridae,genus_Alphainfluenzavirus,species_Alphainfluenzavirus influenzae,serotype_H2N3 subtype
1093527	1093527	acellular root_Viruses,realm_Riboviria,kingdom_Orthornavirae,phylum_Negarnaviricota,subphylum_Polyploviricotina,class_Insthoviricetes,order_Articulavirales,family_Orthomyxoviridae,genus_Alphainfluenzavirus,species_Alphainfluenzavirus influenzae,serotype_H7N3 subtype
1093533	1093533	acellular root_Viruses,realm_Riboviria,kingdom_Orthornavirae,phylum_Negarnaviricota,subphylum_Polyploviricotina,class_Insthoviricetes,order_Articulavirales,family_Orthomyxoviridae,genus_Alphainfluenzavirus,species_Alphainfluenzavirus influenzae,serotype_H9N1 subtype
1093538	1093538	acellular root_Viruses,realm_Riboviria,kingdom_Orthornavirae,phylum_Negarnaviricota,subphylum_Polyploviricotina,class_Insthoviricetes,order_Articulavirales,family_Orthomyxoviridae,genus_Alphainfluenzavirus,species_Alphainfluenzavirus influenzae,serotype_H9N5 subtype
11009	11009	acellular root_Viruses,realm_Riboviria,kingdom_Orthornavirae,phylum_Duplornaviricota,class_Chrymotiviricetes,order_Ghabrivirales,suborder_Alphatotivirineae,family_Orthototiviridae,genus_Totivirus,species_Ustilago maydis virus P4
11010	11010	acellular root_Viruses,realm_Riboviria,kingdom_Orthornavirae,phylum_Duplornaviricota,class_Chrymotiviricetes,order_Ghabrivirales,suborder_Alphatotivirineae,family_Orthototiviridae,genus_Totivirus,species_Ustilago maydis virus P6
110195	110195	acellular root_Viruses,realm_Riboviria,kingdom_Orthornavirae,phylum_Pisuviricota,class_Pisoniviricetes,order_Picornavirales,family_Picornaviridae,subfamily_Caphthovirinae,genus_Aphthovirus,species_Aphthovirus vesiculae
11020	11020	acellular root_Viruses,realm_Riboviria,kingdom_Orthornavirae,phylum_Kitrinoviricota,class_Alsuviricetes,order_Martellivirales,family_Togaviridae,genus_Alphavirus,species_Alphavirus barmah
11021	11021	acellular root_Viruses,realm_Riboviria,kingdom_Orthornavirae,phylum_Kitrinoviricota,class_Alsuviricetes,order_Martellivirales,family_Togaviridae,genus_Alphavirus,species_Alphavirus eastern
11022	11022	acellular root_Viruses,realm_Riboviria,kingdom_Orthornavirae,phylum_Kitrinoviricota,class_Alsuviricetes,order_Martellivirales,family_Togaviridae,genus_Alphavirus,species_Alphavirus eastern
11023	11023	acellular root_Viruses,realm_Riboviria,kingdom_Orthornavirae,phylum_Kitrinoviricota,class_Alsuviricetes,order_Martellivirales,family_Togaviridae,genus_Alphavirus,species_Alphavirus middelburg
11028	11028	acellular root_Viruses,realm_Riboviria,kingdom_Orthornavirae,phylum_Kitrinoviricota,class_Alsuviricetes,order_Martellivirales,family_Togaviridae,genus_Alphavirus,species_Alphavirus onyong
11031	11031	acellular root_Viruses,realm_Riboviria,kingdom_Orthornavirae,phylum_Kitrinoviricota,class_Alsuviricetes,order_Martellivirales,family_Togaviridae,genus_Alphavirus,species_Alphavirus rossriver
11032	11032	acellular root_Viruses,realm_Riboviria,kingdom_Orthornavirae,phylum_Kitrinoviricota,class_Alsuviricetes,order_Martellivirales,family_Togaviridae,genus_Alphavirus,species_Alphavirus rossriver
11033	11033	acellular root_Viruses,realm_Riboviria,kingdom_Orthornavirae,phylum_Kitrinoviricota,class_Alsuviricetes,order_Martellivirales,family_Togaviridae,genus_Alphavirus,species_Alphavirus semliki
11034	11034	acellular root_Viruses,realm_Riboviria,kingdom_Orthornavirae,phylum_Kitrinoviricota,class_Alsuviricetes,order_Martellivirales,family_Togaviridae,genus_Alphavirus,species_Alphavirus sindbis
11037	11037	acellular root_Viruses,realm_Riboviria,kingdom_Orthornavirae,phylum_Kitrinoviricota,class_Alsuviricetes,order_Martellivirales,family_Togaviridae,genus_Alphavirus,species_Alphavirus venezuelan
11038	11038	acellular root_Viruses,realm_Riboviria,kingdom_Orthornavirae,phylum_Kitrinoviricota,class_Alsuviricetes,order_Martellivirales,family_Togaviridae,genus_Alphavirus,species_Alphavirus venezuelan
11039	11039	acellular root_Viruses,realm_Riboviria,kingdom_Orthornavirae,phylum_Kitrinoviricota,class_Alsuviricetes,order_Martellivirales,family_Togaviridae,genus_Alphavirus,species_Alphavirus western
11043	11043	acellular root_Viruses,realm_Riboviria,kingdom_Orthornavirae,phylum_Kitrinoviricota,class_Alsuviricetes,order_Hepelivirales,family_Matonaviridae,genus_Rubivirus,species_Rubivirus rubellae
11044	11044	acellular root_Viruses,realm_Riboviria,kingdom_Orthornavirae,phylum_Kitrinoviricota,class_Alsuviricetes,order_Hepelivirales,family_Matonaviridae,genus_Rubivirus,species_Rubivirus rubellae
11045	11045	acellular root_Viruses,realm_Riboviria,kingdom_Orthornavirae,phylum_Kitrinoviricota,class_Alsuviricetes,order_Hepelivirales,family_Matonaviridae,genus_Rubivirus,species_Rubivirus rubellae
11049	11049	acellular root_Viruses,realm_Riboviria,kingdom_Orthornavirae,phylum_Pisuviricota,class_Pisoniviricetes,order_Nidovirales,suborder_Arnidovirineae,family_Arteriviridae,subfamily_Variarterivirinae,genus_Betaarterivirus,subgenus_Eurpobartevirus,species_Betaarterivirus europensis
110829	110829	acellular root_Viruses,realm_Riboviria,kingdom_Orthornavirae,phylum_Duplornaviricota,class_Resentoviricetes,order_Reovirales,family_Spinareoviridae,genus_Cypovirus,species_Cypovirus altineae
11084	11084	acellular root_Viruses,realm_Riboviria,kingdom_Orthornavirae,phylum_Kitrinoviricota,class_Flasuviricetes,order_Amarillovirales,family_Flaviviridae,genus_Orthoflavivirus,species_Orthoflavivirus encephalitidis
11099	11099	acellular root_Viruses,realm_Riboviria,kingdom_Orthornavirae,phylum_Kitrinoviricota,class_Flasuviricetes,order_Amarillovirales,family_Flaviviridae,genus_Orthopestivirus,species_Orthopestivirus bovis
11120	11120	acellular root_Viruses,realm_Riboviria,kingdom_Orthornavirae,phylum_Pisuviricota,class_Pisoniviricetes,order_Nidovirales,suborder_Cornidovirineae,family_Coronaviridae,subfamily_Orthocoronavirinae,genus_Gammacoronavirus,subgenus_Igacovirus,species_Gammacoronavirus galli
11121	11121	acellular root_Viruses,realm_Riboviria,kingdom_Orthornavirae,phylum_Pisuviricota,class_Pisoniviricetes,order_Nidovirales,suborder_Cornidovirineae,family_Coronaviridae,subfamily_Orthocoronavirinae,genus_Gammacoronavirus,subgenus_Igacovirus,species_Gammacoronavirus galli
11122	11122	acellular root_Viruses,realm_Riboviria,kingdom_Orthornavirae,phylum_Pisuviricota,class_Pisoniviricetes,order_Nidovirales,suborder_Cornidovirineae,family_Coronaviridae,subfamily_Orthocoronavirinae,genus_Gammacoronavirus,subgenus_Igacovirus,species_Gammacoronavirus galli
11124	11124	acellular root_Viruses,realm_Riboviria,kingdom_Orthornavirae,phylum_Pisuviricota,class_Pisoniviricetes,order_Nidovirales,suborder_Cornidovirineae,family_Coronaviridae,subfamily_Orthocoronavirinae,genus_Gammacoronavirus,subgenus_Igacovirus,species_Gammacoronavirus galli
11125	11125	acellular root_Viruses,realm_Riboviria,kingdom_Orthornavirae,phylum_Pisuviricota,class_Pisoniviricetes,order_Nidovirales,suborder_Cornidovirineae,family_Coronaviridae,subfamily_Orthocoronavirinae,genus_Gammacoronavirus,subgenus_Igacovirus,species_Gammacoronavirus galli
11126	11126	acellular root_Viruses,realm_Riboviria,kingdom_Orthornavirae,phylum_Pisuviricota,class_Pisoniviricetes,order_Nidovirales,suborder_Cornidovirineae,family_Coronaviridae,subfamily_Orthocoronavirinae,genus_Gammacoronavirus,subgenus_Igacovirus,species_Gammacoronavirus galli
11127	11127	acellular root_Viruses,realm_Riboviria,kingdom_Orthornavirae,phylum_Pisuviricota,class_Pisoniviricetes,order_Nidovirales,suborder_Cornidovirineae,family_Coronaviridae,subfamily_Orthocoronavirinae,genus_Gammacoronavirus,subgenus_Igacovirus,species_Gammacoronavirus galli
11129	11129	acellular root_Viruses,realm_Riboviria,kingdom_Orthornavirae,phylum_Pisuviricota,class_Pisoniviricetes,order_Nidovirales,suborder_Cornidovirineae,family_Coronaviridae,subfamily_Orthocoronavirinae,genus_Betacoronavirus,subgenus_Embecovirus,species_Betacoronavirus gravedinis
11130	11130	acellular root_Viruses,realm_Riboviria,kingdom_Orthornavirae,phylum_Pisuviricota,class_Pisoniviricetes,order_Nidovirales,suborder_Cornidovirineae,family_Coronaviridae,subfamily_Orthocoronavirinae,genus_Betacoronavirus,subgenus_Embecovirus,species_Betacoronavirus gravedinis
11131	11131	acellular root_Viruses,realm_Riboviria,kingdom_Orthornavirae,phylum_Pisuviricota,class_Pisoniviricetes,order_Nidovirales,suborder_Cornidovirineae,family_Coronaviridae,subfamily_Orthocoronavirinae,genus_Betacoronavirus,subgenus_Embecovirus,species_Betacoronavirus gravedinis
11132	11132	acellular root_Viruses,realm_Riboviria,kingdom_Orthornavirae,phylum_Pisuviricota,class_Pisoniviricetes,order_Nidovirales,suborder_Cornidovirineae,family_Coronaviridae,subfamily_Orthocoronavirinae,genus_Betacoronavirus,subgenus_Embecovirus,species_Betacoronavirus gravedinis
11133	11133	acellular root_Viruses,realm_Riboviria,kingdom_Orthornavirae,phylum_Pisuviricota,class_Pisoniviricetes,order_Nidovirales,suborder_Cornidovirineae,family_Coronaviridae,subfamily_Orthocoronavirinae,genus_Betacoronavirus,subgenus_Embecovirus,species_Betacoronavirus gravedinis
11134	11134	acellular root_Viruses,realm_Riboviria,kingdom_Orthornavirae,phylum_Pisuviricota,class_Pisoniviricetes,order_Nidovirales,suborder_Cornidovirineae,family_Coronaviridae,subfamily_Orthocoronavirinae,genus_Betacoronavirus,subgenus_Embecovirus,species_Betacoronavirus gravedinis
11135	11135	acellular root_Viruses,realm_Riboviria,kingdom_Orthornavirae,phylum_Pisuviricota,class_Pisoniviricetes,order_Nidovirales,suborder_Cornidovirineae,family_Coronaviridae,subfamily_Orthocoronavirinae,genus_Alphacoronavirus,subgenus_Tegacovirus,species_Alphacoronavirus suis
11137	11137	acellular root_Viruses,realm_Riboviria,kingdom_Orthornavirae,phylum_Pisuviricota,class_Pisoniviricetes,order_Nidovirales,suborder_Cornidovirineae,family_Coronaviridae,subfamily_Orthocoronavirinae,genus_Alphacoronavirus,subgenus_Duvinacovirus,species_Alphacoronavirus chicagoense
11142	11142	acellular root_Viruses,realm_Riboviria,kingdom_Orthornavirae,phylum_Pisuviricota,class_Pisoniviricetes,order_Nidovirales,suborder_Cornidovirineae,family_Coronaviridae,subfamily_Orthocoronavirinae,genus_Betacoronavirus,subgenus_Embecovirus,species_Betacoronavirus muris
11144	11144	acellular root_Viruses,realm_Riboviria,kingdom_Orthornavirae,phylum_Pisuviricota,class_Pisoniviricetes,order_Nidovirales,suborder_Cornidovirineae,family_Coronaviridae,subfamily_Orthocoronavirinae,genus_Betacoronavirus,subgenus_Embecovirus,species_Betacoronavirus muris
11145	11145	acellular root_Viruses,realm_Riboviria,kingdom_Orthornavirae,phylum_Pisuviricota,class_Pisoniviricetes,order_Nidovirales,suborder_Cornidovirineae,family_Coronaviridae,subfamily_Orthocoronavirinae,genus_Betacoronavirus,subgenus_Embecovirus,species_Betacoronavirus muris
11148	11148	acellular root_Viruses,realm_Riboviria,kingdom_Orthornavirae,phylum_Pisuviricota,class_Pisoniviricetes,order_Nidovirales,suborder_Cornidovirineae,family_Coronaviridae,subfamily_Orthocoronavirinae,genus_Alphacoronavirus,subgenus_Tegacovirus,species_Alphacoronavirus suis
11149	11149	acellular root_Viruses,realm_Riboviria,kingdom_Orthornavirae,phylum_Pisuviricota,class_Pisoniviricetes,order_Nidovirales,suborder_Cornidovirineae,family_Coronaviridae,subfamily_Orthocoronavirinae,genus_Alphacoronavirus,subgenus_Tegacovirus,species_Alphacoronavirus suis
11150	11150	acellular root_Viruses,realm_Riboviria,kingdom_Orthornavirae,phylum_Pisuviricota,class_Pisoniviricetes,order_Nidovirales,suborder_Cornidovirineae,family_Coronaviridae,subfamily_Orthocoronavirinae,genus_Alphacoronavirus,subgenus_Tegacovirus,species_Alphacoronavirus suis
11151	11151	acellular root_Viruses,realm_Riboviria,kingdom_Orthornavirae,phylum_Pisuviricota,class_Pisoniviricetes,order_Nidovirales,suborder_Cornidovirineae,family_Coronaviridae,subfamily_Orthocoronavirinae,genus_Alphacoronavirus,subgenus_Tegacovirus,species_Alphacoronavirus suis
11156	11156	acellular root_Viruses,realm_Riboviria,kingdom_Orthornavirae,phylum_Pisuviricota,class_Pisoniviricetes,order_Nidovirales,suborder_Tornidovirineae,family_Tobaniviridae,subfamily_Torovirinae,genus_Torovirus,subgenus_Renitovirus,species_Torovirus equi
11171	11171	acellular root_Viruses,realm_Riboviria,kingdom_Orthornavirae,phylum_Negarnaviricota,subphylum_Haploviricotina,class_Monjiviricetes,order_Mononegavirales,family_Paramyxoviridae,subfamily_Rubulavirinae,genus_Orthorubulavirus,species_Orthorubulavirus parotitidis
11172	11172	acellular root_Viruses,realm_Riboviria,kingdom_Orthornavirae,phylum_Negarnaviricota,subphylum_Haploviricotina,class_Monjiviricetes,order_Mononegavirales,family_Paramyxoviridae,subfamily_Rubulavirinae,genus_Orthorubulavirus,species_Orthorubulavirus parotitidis
11173	11173	acellular root_Viruses,realm_Riboviria,kingdom_Orthornavirae,phylum_Negarnaviricota,subphylum_Haploviricotina,class_Monjiviricetes,order_Mononegavirales,family_Paramyxoviridae,subfamily_Rubulavirinae,genus_Orthorubulavirus,species_Orthorubulavirus parotitidis
11177	11177	acellular root_Viruses,realm_Riboviria,kingdom_Orthornavirae,phylum_Negarnaviricota,subphylum_Haploviricotina,class_Monjiviricetes,order_Mononegavirales,family_Paramyxoviridae,subfamily_Avulavirinae,genus_Orthoavulavirus,species_Orthoavulavirus javaense
11178	11178	acellular root_Viruses,realm_Riboviria,kingdom_Orthornavirae,phylum_Negarnaviricota,subphylum_Haploviricotina,class_Monjiviricetes,order_Mononegavirales,family_Paramyxoviridae,subfamily_Avulavirinae,genus_Orthoavulavirus,species_Orthoavulavirus javaense
11180	11180	acellular root_Viruses,realm_Riboviria,kingdom_Orthornavirae,phylum_Negarnaviricota,subphylum_Haploviricotina,class_Monjiviricetes,order_Mononegavirales,family_Paramyxoviridae,subfamily_Avulavirinae,genus_Orthoavulavirus,species_Orthoavulavirus javaense
11181	11181	acellular root_Viruses,realm_Riboviria,kingdom_Orthornavirae,phylum_Negarnaviricota,subphylum_Haploviricotina,class_Monjiviricetes,order_Mononegavirales,family_Paramyxoviridae,subfamily_Avulavirinae,genus_Orthoavulavirus,species_Orthoavulavirus javaense
11182	11182	acellular root_Viruses,realm_Riboviria,kingdom_Orthornavirae,phylum_Negarnaviricota,subphylum_Haploviricotina,class_Monjiviricetes,order_Mononegavirales,family_Paramyxoviridae,subfamily_Avulavirinae,genus_Orthoavulavirus,species_Orthoavulavirus javaense
11184	11184	acellular root_Viruses,realm_Riboviria,kingdom_Orthornavirae,phylum_Negarnaviricota,subphylum_Haploviricotina,class_Monjiviricetes,order_Mononegavirales,family_Paramyxoviridae,subfamily_Avulavirinae,genus_Orthoavulavirus,species_Orthoavulavirus javaense
11185	11185	acellular root_Viruses,realm_Riboviria,kingdom_Orthornavirae,phylum_Negarnaviricota,subphylum_Haploviricotina,class_Monjiviricetes,order_Mononegavirales,family_Paramyxoviridae,subfamily_Avulavirinae,genus_Orthoavulavirus,species_Orthoavulavirus javaense
11186	11186	acellular root_Viruses,realm_Riboviria,kingdom_Orthornavirae,phylum_Negarnaviricota,subphylum_Haploviricotina,class_Monjiviricetes,order_Mononegavirales,family_Paramyxoviridae,subfamily_Avulavirinae,genus_Orthoavulavirus,species_Orthoavulavirus javaense
11187	11187	acellular root_Viruses,realm_Riboviria,kingdom_Orthornavirae,phylum_Negarnaviricota,subphylum_Haploviricotina,class_Monjiviricetes,order_Mononegavirales,family_Paramyxoviridae,subfamily_Avulavirinae,genus_Orthoavulavirus,species_Orthoavulavirus javaense
11188	11188	acellular root_Viruses,realm_Riboviria,kingdom_Orthornavirae,phylum_Negarnaviricota,subphylum_Haploviricotina,class_Monjiviricetes,order_Mononegavirales,family_Paramyxoviridae,subfamily_Avulavirinae,genus_Orthoavulavirus,species_Orthoavulavirus javaense
11189	11189	acellular root_Viruses,realm_Riboviria,kingdom_Orthornavirae,phylum_Negarnaviricota,subphylum_Haploviricotina,class_Monjiviricetes,order_Mononegavirales,family_Paramyxoviridae,subfamily_Avulavirinae,genus_Orthoavulavirus,species_Orthoavulavirus javaense
11190	11190	acellular root_Viruses,realm_Riboviria,kingdom_Orthornavirae,phylum_Negarnaviricota,subphylum_Haploviricotina,class_Monjiviricetes,order_Mononegavirales,family_Paramyxoviridae,subfamily_Avulavirinae,genus_Orthoavulavirus,species_Orthoavulavirus javaense
11195	11195	acellular root_Viruses,realm_Riboviria,kingdom_Orthornavirae,phylum_Negarnaviricota,subphylum_Haploviricotina,class_Monjiviricetes,order_Mononegavirales,family_Paramyxoviridae,subfamily_Feraresvirinae,genus_Respirovirus,species_Respirovirus muris
11196	11196	acellular root_Viruses,realm_Riboviria,kingdom_Orthornavirae,phylum_Negarnaviricota,subphylum_Haploviricotina,class_Monjiviricetes,order_Mononegavirales,family_Paramyxoviridae,subfamily_Feraresvirinae,genus_Respirovirus,species_Respirovirus muris
11198	11198	acellular root_Viruses,realm_Riboviria,kingdom_Orthornavirae,phylum_Negarnaviricota,subphylum_Haploviricotina,class_Monjiviricetes,order_Mononegavirales,family_Paramyxoviridae,subfamily_Feraresvirinae,genus_Respirovirus,species_Respirovirus muris
11208	11208	acellular root_Viruses,realm_Riboviria,kingdom_Orthornavirae,phylum_Negarnaviricota,subphylum_Haploviricotina,class_Monjiviricetes,order_Mononegavirales,family_Paramyxoviridae,subfamily_Rubulavirinae,genus_Orthorubulavirus,species_Orthorubulavirus mammalis
11210	11210	acellular root_Viruses,realm_Riboviria,kingdom_Orthornavirae,phylum_Negarnaviricota,subphylum_Haploviricotina,class_Monjiviricetes,order_Mononegavirales,family_Paramyxoviridae,subfamily_Feraresvirinae,genus_Respirovirus,species_Respirovirus laryngotracheitidis
11213	11213	acellular root_Viruses,realm_Riboviria,kingdom_Orthornavirae,phylum_Negarnaviricota,subphylum_Haploviricotina,class_Monjiviricetes,order_Mononegavirales,family_Paramyxoviridae,subfamily_Rubulavirinae,genus_Orthorubulavirus,species_Orthorubulavirus laryngotracheitidis
11214	11214	acellular root_Viruses,realm_Riboviria,kingdom_Orthornavirae,phylum_Negarnaviricota,subphylum_Haploviricotina,class_Monjiviricetes,order_Mononegavirales,family_Paramyxoviridae,subfamily_Rubulavirinae,genus_Orthorubulavirus,species_Orthorubulavirus laryngotracheitidis
11216	11216	acellular root_Viruses,realm_Riboviria,kingdom_Orthornavirae,phylum_Negarnaviricota,subphylum_Haploviricotina,class_Monjiviricetes,order_Mononegavirales,family_Paramyxoviridae,subfamily_Feraresvirinae,genus_Respirovirus,species_Respirovirus pneumoniae
11217	11217	acellular root_Viruses,realm_Riboviria,kingdom_Orthornavirae,phylum_Negarnaviricota,subphylum_Haploviricotina,class_Monjiviricetes,order_Mononegavirales,family_Paramyxoviridae,subfamily_Feraresvirinae,genus_Respirovirus,species_Respirovirus pneumoniae
11233	11233	acellular root_Viruses,realm_Riboviria,kingdom_Orthornavirae,phylum_Negarnaviricota,subphylum_Haploviricotina,class_Monjiviricetes,order_Mononegavirales,family_Paramyxoviridae,subfamily_Orthoparamyxovirinae,genus_Morbillivirus,species_Morbillivirus canis
11235	11235	acellular root_Viruses,realm_Riboviria,kingdom_Orthornavirae,phylum_Negarnaviricota,subphylum_Haploviricotina,class_Monjiviricetes,order_Mononegavirales,family_Paramyxoviridae,subfamily_Orthoparamyxovirinae,genus_Morbillivirus,species_Morbillivirus hominis
11236	11236	acellular root_Viruses,realm_Riboviria,kingdom_Orthornavirae,phylum_Negarnaviricota,subphylum_Haploviricotina,class_Monjiviricetes,order_Mononegavirales,family_Paramyxoviridae,subfamily_Orthoparamyxovirinae,genus_Morbillivirus,species_Morbillivirus hominis
11237	11237	acellular root_Viruses,realm_Riboviria,kingdom_Orthornavirae,phylum_Negarnaviricota,subphylum_Haploviricotina,class_Monjiviricetes,order_Mononegavirales,family_Paramyxoviridae,subfamily_Orthoparamyxovirinae,genus_Morbillivirus,species_Morbillivirus hominis
11239	11239	acellular root_Viruses,realm_Riboviria,kingdom_Orthornavirae,phylum_Negarnaviricota,subphylum_Haploviricotina,class_Monjiviricetes,order_Mononegavirales,family_Paramyxoviridae,subfamily_Orthoparamyxovirinae,genus_Morbillivirus,species_Morbillivirus hominis
11240	11240	acellular root_Viruses,realm_Riboviria,kingdom_Orthornavirae,phylum_Negarnaviricota,subphylum_Haploviricotina,class_Monjiviricetes,order_Mononegavirales,family_Paramyxoviridae,subfamily_Orthoparamyxovirinae,genus_Morbillivirus,species_Morbillivirus phocae
11242	11242	acellular root_Viruses,realm_Riboviria,kingdom_Orthornavirae,phylum_Negarnaviricota,subphylum_Haploviricotina,class_Monjiviricetes,order_Mononegavirales,family_Paramyxoviridae,subfamily_Orthoparamyxovirinae,genus_Morbillivirus,species_Morbillivirus pecoris
11243	11243	acellular root_Viruses,realm_Riboviria,kingdom_Orthornavirae,phylum_Negarnaviricota,subphylum_Haploviricotina,class_Monjiviricetes,order_Mononegavirales,family_Paramyxoviridae,subfamily_Orthoparamyxovirinae,genus_Morbillivirus,species_Morbillivirus pecoris
11247	11247	acellular root_Viruses,realm_Riboviria,kingdom_Orthornavirae,phylum_Negarnaviricota,subphylum_Haploviricotina,class_Monjiviricetes,order_Mononegavirales,family_Pneumoviridae,genus_Orthopneumovirus,species_Orthopneumovirus bovis
11248	11248	acellular root_Viruses,realm_Riboviria,kingdom_Orthornavirae,phylum_Negarnaviricota,subphylum_Haploviricotina,class_Monjiviricetes,order_Mononegavirales,family_Pneumoviridae,genus_Orthopneumovirus,species_Orthopneumovirus bovis
11249	11249	acellular root_Viruses,realm_Riboviria,kingdom_Orthornavirae,phylum_Negarnaviricota,subphylum_Haploviricotina,class_Monjiviricetes,order_Mononegavirales,family_Pneumoviridae,genus_Orthopneumovirus,species_Orthopneumovirus bovis
11250	11250	acellular root_Viruses,realm_Riboviria,kingdom_Orthornavirae,phylum_Negarnaviricota,subphylum_Haploviricotina,class_Monjiviricetes,order_Mononegavirales,family_Pneumoviridae,genus_Orthopneumovirus,species_Orthopneumovirus hominis
11251	11251	acellular root_Viruses,realm_Riboviria,kingdom_Orthornavirae,phylum_Negarnaviricota,subphylum_Haploviricotina,class_Monjiviricetes,order_Mononegavirales,family_Pneumoviridae,genus_Orthopneumovirus,species_Orthopneumovirus hominis
11259	11259	acellular root_Viruses,realm_Riboviria,kingdom_Orthornavirae,phylum_Negarnaviricota,subphylum_Haploviricotina,class_Monjiviricetes,order_Mononegavirales,family_Pneumoviridae,genus_Orthopneumovirus,species_Orthopneumovirus hominis
11261	11261	acellular root_Viruses,realm_Riboviria,kingdom_Orthornavirae,phylum_Negarnaviricota,subphylum_Haploviricotina,class_Monjiviricetes,order_Mononegavirales,family_Pneumoviridae,genus_Orthopneumovirus,species_Orthopneumovirus hominis
11264	11264	acellular root_Viruses,realm_Riboviria,kingdom_Orthornavirae,phylum_Negarnaviricota,subphylum_Haploviricotina,class_Monjiviricetes,order_Mononegavirales,family_Pneumoviridae,genus_Metapneumovirus,species_Metapneumovirus avis
11273	11273	acellular root_Viruses,realm_Riboviria,kingdom_Orthornavirae,phylum_Negarnaviricota,subphylum_Haploviricotina,class_Monjiviricetes,order_Mononegavirales,family_Rhabdoviridae,subfamily_Alpharhabdovirinae,genus_Vesiculovirus,species_Vesiculovirus chandipura
11274	11274	acellular root_Viruses,realm_Riboviria,kingdom_Orthornavirae,phylum_Negarnaviricota,subphylum_Haploviricotina,class_Monjiviricetes,order_Mononegavirales,family_Rhabdoviridae,subfamily_Alpharhabdovirinae,genus_Vesiculovirus,species_Vesiculovirus piry
11278	11278	acellular root_Viruses,realm_Riboviria,kingdom_Orthornavirae,phylum_Negarnaviricota,subphylum_Haploviricotina,class_Monjiviricetes,order_Mononegavirales,family_Rhabdoviridae,subfamily_Alpharhabdovirinae,genus_Vesiculovirus,species_Vesiculovirus indiana
11283	11283	acellular root_Viruses,realm_Riboviria,kingdom_Orthornavirae,phylum_Negarnaviricota,subphylum_Haploviricotina,class_Monjiviricetes,order_Mononegavirales,family_Rhabdoviridae,subfamily_Alpharhabdovirinae,genus_Vesiculovirus,species_Vesiculovirus newjersey
11284	11284	acellular root_Viruses,realm_Riboviria,kingdom_Orthornavirae,phylum_Negarnaviricota,subphylum_Haploviricotina,class_Monjiviricetes,order_Mononegavirales,family_Rhabdoviridae,subfamily_Alpharhabdovirinae,genus_Vesiculovirus,species_Vesiculovirus indiana
11285	11285	acellular root_Viruses,realm_Riboviria,kingdom_Orthornavirae,phylum_Negarnaviricota,subphylum_Haploviricotina,class_Monjiviricetes,order_Mononegavirales,family_Rhabdoviridae,subfamily_Alpharhabdovirinae,genus_Vesiculovirus,species_Vesiculovirus indiana
11287	11287	acellular root_Viruses,realm_Riboviria,kingdom_Orthornavirae,phylum_Negarnaviricota,subphylum_Haploviricotina,class_Monjiviricetes,order_Mononegavirales,family_Rhabdoviridae,subfamily_Gammarhabdovirinae,genus_Novirhabdovirus,species_Novirhabdovirus piscine
11288	11288	acellular root_Viruses,realm_Riboviria,kingdom_Orthornavirae,phylum_Negarnaviricota,subphylum_Haploviricotina,class_Monjiviricetes,order_Mononegavirales,family_Rhabdoviridae,subfamily_Gammarhabdovirinae,genus_Novirhabdovirus,species_Novirhabdovirus piscine
11291	11291	acellular root_Viruses,realm_Riboviria,kingdom_Orthornavirae,phylum_Negarnaviricota,subphylum_Haploviricotina,class_Monjiviricetes,order_Mononegavirales,family_Rhabdoviridae,subfamily_Gammarhabdovirinae,genus_Novirhabdovirus,species_Novirhabdovirus salmonid
11292	11292	acellular root_Viruses,realm_Riboviria,kingdom_Orthornavirae,phylum_Negarnaviricota,subphylum_Haploviricotina,class_Monjiviricetes,order_Mononegavirales,family_Rhabdoviridae,subfamily_Alpharhabdovirinae,genus_Lyssavirus,species_Lyssavirus rabies
11293	11293	acellular root_Viruses,realm_Riboviria,kingdom_Orthornavirae,phylum_Negarnaviricota,subphylum_Haploviricotina,class_Monjiviricetes,order_Mononegavirales,family_Rhabdoviridae,subfamily_Alpharhabdovirinae,genus_Lyssavirus,species_Lyssavirus rabies
11294	11294	acellular root_Viruses,realm_Riboviria,kingdom_Orthornavirae,phylum_Negarnaviricota,subphylum_Haploviricotina,class_Monjiviricetes,order_Mononegavirales,family_Rhabdoviridae,subfamily_Alpharhabdovirinae,genus_Lyssavirus,species_Lyssavirus rabies
11295	11295	acellular root_Viruses,realm_Riboviria,kingdom_Orthornavirae,phylum_Negarnaviricota,subphylum_Haploviricotina,class_Monjiviricetes,order_Mononegavirales,family_Rhabdoviridae,subfamily_Alpharhabdovirinae,genus_Lyssavirus,species_Lyssavirus rabies
11296	11296	acellular root_Viruses,realm_Riboviria,kingdom_Orthornavirae,phylum_Negarnaviricota,subphylum_Haploviricotina,class_Monjiviricetes,order_Mononegavirales,family_Rhabdoviridae,subfamily_Alpharhabdovirinae,genus_Lyssavirus,species_Lyssavirus rabies
11298	11298	acellular root_Viruses,realm_Riboviria,kingdom_Orthornavirae,phylum_Negarnaviricota,subphylum_Haploviricotina,class_Monjiviricetes,order_Mononegavirales,family_Rhabdoviridae,subfamily_Alpharhabdovirinae,genus_Lyssavirus,species_Lyssavirus rabies
11300	11300	acellular root_Viruses,realm_Riboviria,kingdom_Orthornavirae,phylum_Negarnaviricota,subphylum_Haploviricotina,class_Monjiviricetes,order_Mononegavirales,family_Rhabdoviridae,subfamily_Alpharhabdovirinae,genus_Lyssavirus,species_Lyssavirus rabies
11301	11301	acellular root_Viruses,realm_Riboviria,kingdom_Orthornavirae,phylum_Negarnaviricota,subphylum_Haploviricotina,class_Monjiviricetes,order_Mononegavirales,family_Rhabdoviridae,species_Sigma virus
11307	11307	acellular root_Viruses,realm_Riboviria,kingdom_Orthornavirae,phylum_Negarnaviricota,subphylum_Haploviricotina,class_Monjiviricetes,order_Mononegavirales,family_Rhabdoviridae,subfamily_Betarhabdovirinae,genus_Betanucleorhabdovirus,species_Betanucleorhabdovirus retesonchi
11319	11319	acellular root_Viruses,realm_Riboviria,kingdom_Orthornavirae,phylum_Negarnaviricota,subphylum_Polyploviricotina,class_Insthoviricetes,order_Articulavirales,family_Orthomyxoviridae,genus_Thogotovirus,species_Thogotovirus dhoriense
113370	113370	acellular root_Viruses,realm_Varidnaviria,kingdom_Bamfordvirae,phylum_Nucleocytoviricota,class_Megaviricetes,order_Pimascovirales,family_Ascoviridae,genus_Ascovirus,species_Ascovirus sfav1a
11338	11338	acellular root_Viruses,realm_Riboviria,kingdom_Orthornavirae,phylum_Negarnaviricota,subphylum_Polyploviricotina,class_Insthoviricetes,order_Articulavirales,family_Orthomyxoviridae,genus_Alphainfluenzavirus,species_Alphainfluenzavirus influenzae
11339	11339	acellular root_Viruses,realm_Riboviria,kingdom_Orthornavirae,phylum_Negarnaviricota,subphylum_Polyploviricotina,class_Insthoviricetes,order_Articulavirales,family_Orthomyxoviridae,genus_Alphainfluenzavirus,species_Alphainfluenzavirus influenzae
11369	11369	acellular root_Viruses,realm_Riboviria,kingdom_Orthornavirae,phylum_Negarnaviricota,subphylum_Polyploviricotina,class_Insthoviricetes,order_Articulavirales,family_Orthomyxoviridae,genus_Alphainfluenzavirus,species_Alphainfluenzavirus influenzae
11384	11384	acellular root_Viruses,realm_Riboviria,kingdom_Orthornavirae,phylum_Negarnaviricota,subphylum_Polyploviricotina,class_Insthoviricetes,order_Articulavirales,family_Orthomyxoviridae,genus_Alphainfluenzavirus,species_Alphainfluenzavirus influenzae,serotype_H7N7 subtype
11408	11408	acellular root_Viruses,realm_Riboviria,kingdom_Orthornavirae,phylum_Negarnaviricota,subphylum_Polyploviricotina,class_Insthoviricetes,order_Articulavirales,family_Orthomyxoviridae,genus_Alphainfluenzavirus,species_Alphainfluenzavirus influenzae
11414	11414	acellular root_Viruses,realm_Riboviria,kingdom_Orthornavirae,phylum_Negarnaviricota,subphylum_Polyploviricotina,class_Insthoviricetes,order_Articulavirales,family_Orthomyxoviridae,genus_Alphainfluenzavirus,species_Alphainfluenzavirus influenzae,serotype_H3N8 subtype
11418	11418	acellular root_Viruses,realm_Riboviria,kingdom_Orthornavirae,phylum_Negarnaviricota,subphylum_Polyploviricotina,class_Insthoviricetes,order_Articulavirales,family_Orthomyxoviridae,genus_Alphainfluenzavirus,species_Alphainfluenzavirus influenzae
11433	11433	acellular root_Viruses,realm_Riboviria,kingdom_Orthornavirae,phylum_Negarnaviricota,subphylum_Polyploviricotina,class_Insthoviricetes,order_Articulavirales,family_Orthomyxoviridae,genus_Alphainfluenzavirus,species_Alphainfluenzavirus influenzae,serotype_H14N6 subtype
1144267	1144267	acellular root_Viruses,realm_Riboviria,kingdom_Orthornavirae,phylum_Negarnaviricota,subphylum_Polyploviricotina,class_Insthoviricetes,order_Articulavirales,family_Orthomyxoviridae,genus_Alphainfluenzavirus,species_Alphainfluenzavirus influenzae,serotype_H7N7 subtype
1144268	1144268	acellular root_Viruses,realm_Riboviria,kingdom_Orthornavirae,phylum_Negarnaviricota,subphylum_Polyploviricotina,class_Insthoviricetes,order_Articulavirales,family_Orthomyxoviridae,genus_Alphainfluenzavirus,species_Alphainfluenzavirus influenzae,serotype_H7N7 subtype
11462	11462	acellular root_Viruses,realm_Riboviria,kingdom_Orthornavirae,phylum_Negarnaviricota,subphylum_Polyploviricotina,class_Insthoviricetes,order_Articulavirales,family_Orthomyxoviridae,genus_Alphainfluenzavirus,species_Alphainfluenzavirus influenzae
11520	11520	acellular root_Viruses,realm_Riboviria,kingdom_Orthornavirae,phylum_Negarnaviricota,subphylum_Polyploviricotina,class_Insthoviricetes,order_Articulavirales,family_Orthomyxoviridae,genus_Betainfluenzavirus,species_Betainfluenzavirus influenzae
11521	11521	acellular root_Viruses,realm_Riboviria,kingdom_Orthornavirae,phylum_Negarnaviricota,subphylum_Polyploviricotina,class_Insthoviricetes,order_Articulavirales,family_Orthomyxoviridae,genus_Betainfluenzavirus,species_Betainfluenzavirus influenzae
11525	11525	acellular root_Viruses,realm_Riboviria,kingdom_Orthornavirae,phylum_Negarnaviricota,subphylum_Polyploviricotina,class_Insthoviricetes,order_Articulavirales,family_Orthomyxoviridae,genus_Betainfluenzavirus,species_Betainfluenzavirus influenzae
11527	11527	acellular root_Viruses,realm_Riboviria,kingdom_Orthornavirae,phylum_Negarnaviricota,subphylum_Polyploviricotina,class_Insthoviricetes,order_Articulavirales,family_Orthomyxoviridae,genus_Betainfluenzavirus,species_Betainfluenzavirus influenzae
11530	11530	acellular root_Viruses,realm_Riboviria,kingdom_Orthornavirae,phylum_Negarnaviricota,subphylum_Polyploviricotina,class_Insthoviricetes,order_Articulavirales,family_Orthomyxoviridae,genus_Betainfluenzavirus,species_Betainfluenzavirus influenzae
11534	11534	acellular root_Viruses,realm_Riboviria,kingdom_Orthornavirae,phylum_Negarnaviricota,subphylum_Polyploviricotina,class_Insthoviricetes,order_Articulavirales,family_Orthomyxoviridae,genus_Betainfluenzavirus,species_Betainfluenzavirus influenzae
11537	11537	acellular root_Viruses,realm_Riboviria,kingdom_Orthornavirae,phylum_Negarnaviricota,subphylum_Polyploviricotina,class_Insthoviricetes,order_Articulavirales,family_Orthomyxoviridae,genus_Betainfluenzavirus,species_Betainfluenzavirus influenzae
11538	11538	acellular root_Viruses,realm_Riboviria,kingdom_Orthornavirae,phylum_Negarnaviricota,subphylum_Polyploviricotina,class_Insthoviricetes,order_Articulavirales,family_Orthomyxoviridae,genus_Betainfluenzavirus,species_Betainfluenzavirus influenzae
11541	11541	acellular root_Viruses,realm_Riboviria,kingdom_Orthornavirae,phylum_Negarnaviricota,subphylum_Polyploviricotina,class_Insthoviricetes,order_Articulavirales,family_Orthomyxoviridae,genus_Betainfluenzavirus,species_Betainfluenzavirus influenzae
11545	11545	acellular root_Viruses,realm_Riboviria,kingdom_Orthornavirae,phylum_Negarnaviricota,subphylum_Polyploviricotina,class_Insthoviricetes,order_Articulavirales,family_Orthomyxoviridae,genus_Betainfluenzavirus,species_Betainfluenzavirus influenzae
11547	11547	acellular root_Viruses,realm_Riboviria,kingdom_Orthornavirae,phylum_Negarnaviricota,subphylum_Polyploviricotina,class_Insthoviricetes,order_Articulavirales,family_Orthomyxoviridae,genus_Betainfluenzavirus,species_Betainfluenzavirus influenzae
11553	11553	acellular root_Viruses,realm_Riboviria,kingdom_Orthornavirae,phylum_Negarnaviricota,subphylum_Polyploviricotina,class_Insthoviricetes,order_Articulavirales,family_Orthomyxoviridae,genus_Gammainfluenzavirus,species_Gammainfluenzavirus influenzae
11556	11556	acellular root_Viruses,realm_Riboviria,kingdom_Orthornavirae,phylum_Negarnaviricota,subphylum_Polyploviricotina,class_Insthoviricetes,order_Articulavirales,family_Orthomyxoviridae,genus_Gammainfluenzavirus,species_Gammainfluenzavirus influenzae
11557	11557	acellular root_Viruses,realm_Riboviria,kingdom_Orthornavirae,phylum_Negarnaviricota,subphylum_Polyploviricotina,class_Insthoviricetes,order_Articulavirales,family_Orthomyxoviridae,genus_Gammainfluenzavirus,species_Gammainfluenzavirus influenzae
11564	11564	acellular root_Viruses,realm_Riboviria,kingdom_Orthornavirae,phylum_Negarnaviricota,subphylum_Polyploviricotina,class_Insthoviricetes,order_Articulavirales,family_Orthomyxoviridae,genus_Gammainfluenzavirus,species_Gammainfluenzavirus influenzae
11566	11566	acellular root_Viruses,realm_Riboviria,kingdom_Orthornavirae,phylum_Negarnaviricota,subphylum_Polyploviricotina,class_Insthoviricetes,order_Articulavirales,family_Orthomyxoviridae,genus_Gammainfluenzavirus,species_Gammainfluenzavirus influenzae
11567	11567	acellular root_Viruses,realm_Riboviria,kingdom_Orthornavirae,phylum_Negarnaviricota,subphylum_Polyploviricotina,class_Insthoviricetes,order_Articulavirales,family_Orthomyxoviridae,genus_Gammainfluenzavirus,species_Gammainfluenzavirus influenzae
11568	11568	acellular root_Viruses,realm_Riboviria,kingdom_Orthornavirae,phylum_Negarnaviricota,subphylum_Polyploviricotina,class_Insthoviricetes,order_Articulavirales,family_Orthomyxoviridae,genus_Gammainfluenzavirus,species_Gammainfluenzavirus influenzae
11574	11574	acellular root_Viruses,realm_Riboviria,kingdom_Orthornavirae,phylum_Negarnaviricota,subphylum_Polyploviricotina,class_Bunyaviricetes,order_Elliovirales,family_Peribunyaviridae,genus_Orthobunyavirus,species_Orthobunyavirus bunyamweraense
11577	11577	acellular root_Viruses,realm_Riboviria,kingdom_Orthornavirae,phylum_Negarnaviricota,subphylum_Polyploviricotina,class_Bunyaviricetes,order_Elliovirales,family_Peribunyaviridae,genus_Orthobunyavirus,species_Orthobunyavirus lacrosseense
11580	11580	acellular root_Viruses,realm_Riboviria,kingdom_Orthornavirae,phylum_Negarnaviricota,subphylum_Polyploviricotina,class_Bunyaviricetes,order_Elliovirales,family_Peribunyaviridae,genus_Orthobunyavirus,species_Orthobunyavirus khatangaense
11583	11583	acellular root_Viruses,realm_Riboviria,kingdom_Orthornavirae,phylum_Negarnaviricota,subphylum_Polyploviricotina,class_Bunyaviricetes,order_Elliovirales,family_Hantaviridae,subfamily_Mammantavirinae,genus_Orthohantavirus,species_Orthohantavirus hantanense
11587	11587	acellular root_Viruses,realm_Riboviria,kingdom_Orthornavirae,phylum_Negarnaviricota,subphylum_Polyploviricotina,class_Bunyaviricetes,order_Hareavirales,family_Phenuiviridae,genus_Phlebovirus,species_Phlebovirus toroense
11588	11588	acellular root_Viruses,realm_Riboviria,kingdom_Orthornavirae,phylum_Negarnaviricota,subphylum_Polyploviricotina,class_Bunyaviricetes,order_Hareavirales,family_Phenuiviridae,genus_Phlebovirus,species_Phlebovirus riftense
11589	11589	acellular root_Viruses,realm_Riboviria,kingdom_Orthornavirae,phylum_Negarnaviricota,subphylum_Polyploviricotina,class_Bunyaviricetes,order_Hareavirales,family_Phenuiviridae,genus_Phlebovirus,species_Phlebovirus riftense
11601	11601	acellular root_Viruses,realm_Riboviria,kingdom_Orthornavirae,phylum_Negarnaviricota,subphylum_Polyploviricotina,class_Bunyaviricetes,order_Elliovirales,family_Hantaviridae,subfamily_Mammantavirinae,genus_Orthohantavirus,species_Orthohantavirus hantanense
11602	11602	acellular root_Viruses,realm_Riboviria,kingdom_Orthornavirae,phylum_Negarnaviricota,subphylum_Polyploviricotina,class_Bunyaviricetes,order_Elliovirales,family_Hantaviridae,subfamily_Mammantavirinae,genus_Orthohantavirus,species_Orthohantavirus hantanense
11610	11610	acellular root_Viruses,realm_Riboviria,kingdom_Orthornavirae,phylum_Negarnaviricota,subphylum_Polyploviricotina,class_Bunyaviricetes,order_Elliovirales,family_Hantaviridae,subfamily_Mammantavirinae,genus_Orthohantavirus,species_Orthohantavirus seoulense
11636	11636	acellular root_Viruses,realm_Riboviria,kingdom_Pararnavirae,phylum_Artverviricota,class_Revtraviricetes,order_Ortervirales,family_Retroviridae,subfamily_Orthoretrovirinae,genus_Gammaretrovirus,species_Gammaretrovirus aviretend
11661	11661	acellular root_Viruses,realm_Riboviria,kingdom_Pararnavirae,phylum_Artverviricota,class_Revtraviricetes,order_Ortervirales,family_Retroviridae,subfamily_Orthoretrovirinae,genus_Lentivirus,species_Lentivirus capartenc
11662	11662	acellular root_Viruses,realm_Riboviria,kingdom_Pararnavirae,phylum_Artverviricota,class_Revtraviricetes,order_Ortervirales,family_Retroviridae,subfamily_Orthoretrovirinae,genus_Lentivirus,species_Lentivirus capartenc
11664	11664	acellular root_Viruses,realm_Riboviria,kingdom_Pararnavirae,phylum_Artverviricota,class_Revtraviricetes,order_Ortervirales,family_Retroviridae,subfamily_Orthoretrovirinae,genus_Lentivirus,species_Lentivirus ovivismae
11676	11676	acellular root_Viruses,realm_Riboviria,kingdom_Pararnavirae,phylum_Artverviricota,class_Revtraviricetes,order_Ortervirales,family_Retroviridae,subfamily_Orthoretrovirinae,genus_Lentivirus,species_Lentivirus humimdef1
11678	11678	acellular root_Viruses,realm_Riboviria,kingdom_Pararnavirae,phylum_Artverviricota,class_Revtraviricetes,order_Ortervirales,family_Retroviridae,subfamily_Orthoretrovirinae,genus_Lentivirus,species_Lentivirus humimdef1
11680	11680	acellular root_Viruses,realm_Riboviria,kingdom_Pararnavirae,phylum_Artverviricota,class_Revtraviricetes,order_Ortervirales,family_Retroviridae,subfamily_Orthoretrovirinae,genus_Lentivirus,species_Lentivirus humimdef1
11681	11681	acellular root_Viruses,realm_Riboviria,kingdom_Pararnavirae,phylum_Artverviricota,class_Revtraviricetes,order_Ortervirales,family_Retroviridae,subfamily_Orthoretrovirinae,genus_Lentivirus,species_Lentivirus humimdef1
11683	11683	acellular root_Viruses,realm_Riboviria,kingdom_Pararnavirae,phylum_Artverviricota,class_Revtraviricetes,order_Ortervirales,family_Retroviridae,subfamily_Orthoretrovirinae,genus_Lentivirus,species_Lentivirus humimdef1
11684	11684	acellular root_Viruses,realm_Riboviria,kingdom_Pararnavirae,phylum_Artverviricota,class_Revtraviricetes,order_Ortervirales,family_Retroviridae,subfamily_Orthoretrovirinae,genus_Lentivirus,species_Lentivirus humimdef1
11685	11685	acellular root_Viruses,realm_Riboviria,kingdom_Pararnavirae,phylum_Artverviricota,class_Revtraviricetes,order_Ortervirales,family_Retroviridae,subfamily_Orthoretrovirinae,genus_Lentivirus,species_Lentivirus humimdef1
11686	11686	acellular root_Viruses,realm_Riboviria,kingdom_Pararnavirae,phylum_Artverviricota,class_Revtraviricetes,order_Ortervirales,family_Retroviridae,subfamily_Orthoretrovirinae,genus_Lentivirus,species_Lentivirus humimdef1
11687	11687	acellular root_Viruses,realm_Riboviria,kingdom_Pararnavirae,phylum_Artverviricota,class_Revtraviricetes,order_Ortervirales,family_Retroviridae,subfamily_Orthoretrovirinae,genus_Lentivirus,species_Lentivirus humimdef1
11688	11688	acellular root_Viruses,realm_Riboviria,kingdom_Pararnavirae,phylum_Artverviricota,class_Revtraviricetes,order_Ortervirales,family_Retroviridae,subfamily_Orthoretrovirinae,genus_Lentivirus,species_Lentivirus humimdef1
11689	11689	acellular root_Viruses,realm_Riboviria,kingdom_Pararnavirae,phylum_Artverviricota,class_Revtraviricetes,order_Ortervirales,family_Retroviridae,subfamily_Orthoretrovirinae,genus_Lentivirus,species_Lentivirus humimdef1
11690	11690	acellular root_Viruses,realm_Riboviria,kingdom_Pararnavirae,phylum_Artverviricota,class_Revtraviricetes,order_Ortervirales,family_Retroviridae,subfamily_Orthoretrovirinae,genus_Lentivirus,species_Lentivirus humimdef1
11691	11691	acellular root_Viruses,realm_Riboviria,kingdom_Pararnavirae,phylum_Artverviricota,class_Revtraviricetes,order_Ortervirales,family_Retroviridae,subfamily_Orthoretrovirinae,genus_Lentivirus,species_Lentivirus humimdef1
11692	11692	acellular root_Viruses,realm_Riboviria,kingdom_Pararnavirae,phylum_Artverviricota,class_Revtraviricetes,order_Ortervirales,family_Retroviridae,subfamily_Orthoretrovirinae,genus_Lentivirus,species_Lentivirus humimdef1
11693	11693	acellular root_Viruses,realm_Riboviria,kingdom_Pararnavirae,phylum_Artverviricota,class_Revtraviricetes,order_Ortervirales,family_Retroviridae,subfamily_Orthoretrovirinae,genus_Lentivirus,species_Lentivirus humimdef1
11694	11694	acellular root_Viruses,realm_Riboviria,kingdom_Pararnavirae,phylum_Artverviricota,class_Revtraviricetes,order_Ortervirales,family_Retroviridae,subfamily_Orthoretrovirinae,genus_Lentivirus,species_Lentivirus humimdef1
11695	11695	acellular root_Viruses,realm_Riboviria,kingdom_Pararnavirae,phylum_Artverviricota,class_Revtraviricetes,order_Ortervirales,family_Retroviridae,subfamily_Orthoretrovirinae,genus_Lentivirus,species_Lentivirus humimdef1
11696	11696	acellular root_Viruses,realm_Riboviria,kingdom_Pararnavirae,phylum_Artverviricota,class_Revtraviricetes,order_Ortervirales,family_Retroviridae,subfamily_Orthoretrovirinae,genus_Lentivirus,species_Lentivirus humimdef1
11697	11697	acellular root_Viruses,realm_Riboviria,kingdom_Pararnavirae,phylum_Artverviricota,class_Revtraviricetes,order_Ortervirales,family_Retroviridae,subfamily_Orthoretrovirinae,genus_Lentivirus,species_Lentivirus humimdef1
11698	11698	acellular root_Viruses,realm_Riboviria,kingdom_Pararnavirae,phylum_Artverviricota,class_Revtraviricetes,order_Ortervirales,family_Retroviridae,subfamily_Orthoretrovirinae,genus_Lentivirus,species_Lentivirus humimdef1
11699	11699	acellular root_Viruses,realm_Riboviria,kingdom_Pararnavirae,phylum_Artverviricota,class_Revtraviricetes,order_Ortervirales,family_Retroviridae,subfamily_Orthoretrovirinae,genus_Lentivirus,species_Lentivirus humimdef1
11701	11701	acellular root_Viruses,realm_Riboviria,kingdom_Pararnavirae,phylum_Artverviricota,class_Revtraviricetes,order_Ortervirales,family_Retroviridae,subfamily_Orthoretrovirinae,genus_Lentivirus,species_Lentivirus humimdef1
11702	11702	acellular root_Viruses,realm_Riboviria,kingdom_Pararnavirae,phylum_Artverviricota,class_Revtraviricetes,order_Ortervirales,family_Retroviridae,subfamily_Orthoretrovirinae,genus_Lentivirus,species_Lentivirus humimdef1
11704	11704	acellular root_Viruses,realm_Riboviria,kingdom_Pararnavirae,phylum_Artverviricota,class_Revtraviricetes,order_Ortervirales,family_Retroviridae,subfamily_Orthoretrovirinae,genus_Lentivirus,species_Lentivirus humimdef1
11705	11705	acellular root_Viruses,realm_Riboviria,kingdom_Pararnavirae,phylum_Artverviricota,class_Revtraviricetes,order_Ortervirales,family_Retroviridae,subfamily_Orthoretrovirinae,genus_Lentivirus,species_Lentivirus humimdef1
11706	11706	acellular root_Viruses,realm_Riboviria,kingdom_Pararnavirae,phylum_Artverviricota,class_Revtraviricetes,order_Ortervirales,family_Retroviridae,subfamily_Orthoretrovirinae,genus_Lentivirus,species_Lentivirus humimdef1
11707	11707	acellular root_Viruses,realm_Riboviria,kingdom_Pararnavirae,phylum_Artverviricota,class_Revtraviricetes,order_Ortervirales,family_Retroviridae,subfamily_Orthoretrovirinae,genus_Lentivirus,species_Lentivirus humimdef1
11708	11708	acellular root_Viruses,realm_Riboviria,kingdom_Pararnavirae,phylum_Artverviricota,class_Revtraviricetes,order_Ortervirales,family_Retroviridae,subfamily_Orthoretrovirinae,genus_Lentivirus,species_Lentivirus humimdef1
11709	11709	acellular root_Viruses,realm_Riboviria,kingdom_Pararnavirae,phylum_Artverviricota,class_Revtraviricetes,order_Ortervirales,family_Retroviridae,subfamily_Orthoretrovirinae,genus_Lentivirus,species_Lentivirus humimdef2
11713	11713	acellular root_Viruses,realm_Riboviria,kingdom_Pararnavirae,phylum_Artverviricota,class_Revtraviricetes,order_Ortervirales,family_Retroviridae,subfamily_Orthoretrovirinae,genus_Lentivirus,species_Lentivirus humimdef2
11714	11714	acellular root_Viruses,realm_Riboviria,kingdom_Pararnavirae,phylum_Artverviricota,class_Revtraviricetes,order_Ortervirales,family_Retroviridae,subfamily_Orthoretrovirinae,genus_Lentivirus,species_Lentivirus humimdef2,clade_HIV-2 subtype A
11715	11715	acellular root_Viruses,realm_Riboviria,kingdom_Pararnavirae,phylum_Artverviricota,class_Revtraviricetes,order_Ortervirales,family_Retroviridae,subfamily_Orthoretrovirinae,genus_Lentivirus,species_Lentivirus humimdef2
11716	11716	acellular root_Viruses,realm_Riboviria,kingdom_Pararnavirae,phylum_Artverviricota,class_Revtraviricetes,order_Ortervirales,family_Retroviridae,subfamily_Orthoretrovirinae,genus_Lentivirus,species_Lentivirus humimdef2,clade_HIV-2 subtype B
11717	11717	acellular root_Viruses,realm_Riboviria,kingdom_Pararnavirae,phylum_Artverviricota,class_Revtraviricetes,order_Ortervirales,family_Retroviridae,subfamily_Orthoretrovirinae,genus_Lentivirus,species_Lentivirus humimdef2
11718	11718	acellular root_Viruses,realm_Riboviria,kingdom_Pararnavirae,phylum_Artverviricota,class_Revtraviricetes,order_Ortervirales,family_Retroviridae,subfamily_Orthoretrovirinae,genus_Lentivirus,species_Lentivirus humimdef2
11719	11719	acellular root_Viruses,realm_Riboviria,kingdom_Pararnavirae,phylum_Artverviricota,class_Revtraviricetes,order_Ortervirales,family_Retroviridae,subfamily_Orthoretrovirinae,genus_Lentivirus,species_Lentivirus humimdef2
11720	11720	acellular root_Viruses,realm_Riboviria,kingdom_Pararnavirae,phylum_Artverviricota,class_Revtraviricetes,order_Ortervirales,family_Retroviridae,subfamily_Orthoretrovirinae,genus_Lentivirus,species_Lentivirus humimdef2,clade_HIV-2 subtype A
11721	11721	acellular root_Viruses,realm_Riboviria,kingdom_Pararnavirae,phylum_Artverviricota,class_Revtraviricetes,order_Ortervirales,family_Retroviridae,subfamily_Orthoretrovirinae,genus_Lentivirus,species_Lentivirus humimdef2,clade_HIV-2 subtype A
11727	11727	acellular root_Viruses,realm_Riboviria,kingdom_Pararnavirae,phylum_Artverviricota,class_Revtraviricetes,order_Ortervirales,family_Retroviridae,subfamily_Orthoretrovirinae,genus_Lentivirus,species_Lentivirus simimdef
11730	11730	acellular root_Viruses,realm_Riboviria,kingdom_Pararnavirae,phylum_Artverviricota,class_Revtraviricetes,order_Ortervirales,family_Retroviridae,subfamily_Orthoretrovirinae,genus_Lentivirus,species_Lentivirus simimdef
11731	11731	acellular root_Viruses,realm_Riboviria,kingdom_Pararnavirae,phylum_Artverviricota,class_Revtraviricetes,order_Ortervirales,family_Retroviridae,subfamily_Orthoretrovirinae,genus_Lentivirus,species_Lentivirus simimdef
11733	11733	acellular root_Viruses,realm_Riboviria,kingdom_Pararnavirae,phylum_Artverviricota,class_Revtraviricetes,order_Ortervirales,family_Retroviridae,subfamily_Orthoretrovirinae,genus_Lentivirus,species_Lentivirus simimdef
11734	11734	acellular root_Viruses,realm_Riboviria,kingdom_Pararnavirae,phylum_Artverviricota,class_Revtraviricetes,order_Ortervirales,family_Retroviridae,subfamily_Orthoretrovirinae,genus_Lentivirus,species_Lentivirus simimdef
11735	11735	acellular root_Viruses,realm_Riboviria,kingdom_Pararnavirae,phylum_Artverviricota,class_Revtraviricetes,order_Ortervirales,family_Retroviridae,subfamily_Orthoretrovirinae,genus_Lentivirus,species_Lentivirus simimdef
11736	11736	acellular root_Viruses,realm_Riboviria,kingdom_Pararnavirae,phylum_Artverviricota,class_Revtraviricetes,order_Ortervirales,family_Retroviridae,subfamily_Orthoretrovirinae,genus_Lentivirus,species_Lentivirus simimdef
11737	11737	acellular root_Viruses,realm_Riboviria,kingdom_Pararnavirae,phylum_Artverviricota,class_Revtraviricetes,order_Ortervirales,family_Retroviridae,subfamily_Orthoretrovirinae,genus_Lentivirus,species_Lentivirus simimdef
11738	11738	acellular root_Viruses,realm_Riboviria,kingdom_Pararnavirae,phylum_Artverviricota,class_Revtraviricetes,order_Ortervirales,family_Retroviridae,subfamily_Orthoretrovirinae,genus_Lentivirus,species_Lentivirus simimdef
11742	11742	acellular root_Viruses,realm_Riboviria,kingdom_Pararnavirae,phylum_Artverviricota,class_Revtraviricetes,order_Ortervirales,family_Retroviridae,subfamily_Orthoretrovirinae,genus_Lentivirus,species_Lentivirus ovivismae
11743	11743	acellular root_Viruses,realm_Riboviria,kingdom_Pararnavirae,phylum_Artverviricota,class_Revtraviricetes,order_Ortervirales,family_Retroviridae,subfamily_Orthoretrovirinae,genus_Lentivirus,species_Lentivirus ovivismae
11744	11744	acellular root_Viruses,realm_Riboviria,kingdom_Pararnavirae,phylum_Artverviricota,class_Revtraviricetes,order_Ortervirales,family_Retroviridae,subfamily_Orthoretrovirinae,genus_Lentivirus,species_Lentivirus ovivismae
11746	11746	acellular root_Viruses,realm_Riboviria,kingdom_Pararnavirae,phylum_Artverviricota,class_Revtraviricetes,order_Ortervirales,family_Retroviridae,subfamily_Orthoretrovirinae,genus_Betaretrovirus,species_Betaretrovirus ovijaa
11758	11758	acellular root_Viruses,realm_Riboviria,kingdom_Pararnavirae,phylum_Artverviricota,class_Revtraviricetes,order_Ortervirales,family_Retroviridae,subfamily_Orthoretrovirinae,genus_Betaretrovirus,species_Betaretrovirus murmamtum
11759	11759	acellular root_Viruses,realm_Riboviria,kingdom_Pararnavirae,phylum_Artverviricota,class_Revtraviricetes,order_Ortervirales,family_Retroviridae,subfamily_Orthoretrovirinae,genus_Betaretrovirus,species_Betaretrovirus murmamtum
11760	11760	acellular root_Viruses,realm_Riboviria,kingdom_Pararnavirae,phylum_Artverviricota,class_Revtraviricetes,order_Ortervirales,family_Retroviridae,subfamily_Orthoretrovirinae,genus_Betaretrovirus,species_Betaretrovirus murmamtum
11764	11764	acellular root_Viruses,realm_Riboviria,kingdom_Pararnavirae,phylum_Artverviricota,class_Revtraviricetes,order_Ortervirales,family_Retroviridae,subfamily_Orthoretrovirinae,genus_Gammaretrovirus,species_Baboon endogenous virus
11766	11766	acellular root_Viruses,realm_Riboviria,kingdom_Pararnavirae,phylum_Artverviricota,class_Revtraviricetes,order_Ortervirales,family_Retroviridae,subfamily_Orthoretrovirinae,genus_Gammaretrovirus,species_Feline endogenous virus
11768	11768	acellular root_Viruses,realm_Riboviria,kingdom_Pararnavirae,phylum_Artverviricota,class_Revtraviricetes,order_Ortervirales,family_Retroviridae,subfamily_Orthoretrovirinae,genus_Gammaretrovirus,species_Gammaretrovirus felleu
11769	11769	acellular root_Viruses,realm_Riboviria,kingdom_Pararnavirae,phylum_Artverviricota,class_Revtraviricetes,order_Ortervirales,family_Retroviridae,subfamily_Orthoretrovirinae,genus_Gammaretrovirus,species_Gammaretrovirus felleu
11774	11774	acellular root_Viruses,realm_Riboviria,kingdom_Pararnavirae,phylum_Artverviricota,class_Revtraviricetes,order_Ortervirales,family_Retroviridae,subfamily_Orthoretrovirinae,genus_Gammaretrovirus,species_Gardner-Arnstein feline sarcoma virus
11779	11779	acellular root_Viruses,realm_Riboviria,kingdom_Pararnavirae,phylum_Artverviricota,class_Revtraviricetes,order_Ortervirales,family_Retroviridae,subfamily_Orthoretrovirinae,genus_Gammaretrovirus,species_Gammaretrovirus felleu
