ProteinID,Organism,Hosts,Length,Feature
P00588,Corynephage beta,,32,"{'type': 'Signal', 'location': {'start': {'value': 1, 'modifier': 'EXACT'}, 'end': {'value': 32, 'modifier': 'EXACT'}}, 'description': '', 'evidences': [{'evidenceCode': 'ECO:0000269', 'source': 'PubMed', 'id': '221484'}]}"
P03396,Rous sarcoma virus subgroup C (strain Prague),,62,"{'type': 'Signal', 'location': {'start': {'value': 1, 'modifier': 'EXACT'}, 'end': {'value': 62, 'modifier': 'EXACT'}}, 'description': '', 'evidences': [{'evidenceCode': 'ECO:0000305', 'source': 'PubMed', 'id': '6304351'}]}"
P03533,Rotavirus A (strain RVA/SA11-Both/G3P5B[2]),,50,"{'type': 'Signal', 'location': {'start': {'value': 1, 'modifier': 'EXACT'}, 'end': {'value': 50, 'modifier': 'EXACT'}}, 'description': '', 'evidences': [{'evidenceCode': 'ECO:0000255', 'source': 'HAMAP-Rule', 'id': 'MF_04131'}, {'evidenceCode': 'ECO:0000269', 'source': 'PubMed', 'id': '2826493'}]}"
P03661,Enterobacteria phage fd,,18,"{'type': 'Signal', 'location': {'start': {'value': 1, 'modifier': 'EXACT'}, 'end': {'value': 18, 'modifier': 'EXACT'}}, 'description': '', 'evidences': [{'evidenceCode': 'ECO:0000269', 'source': 'PubMed', 'id': '329863'}]}"
P05879,Human immunodeficiency virus type 1 group M subtype B (isolate CDC-451),,33,"{'type': 'Signal', 'location': {'start': {'value': 1, 'modifier': 'EXACT'}, 'end': {'value': 33, 'modifier': 'EXACT'}}, 'description': '', 'evidences': [{'evidenceCode': 'ECO:0000255', 'source': 'HAMAP-Rule', 'id': 'MF_04083'}, {'evidenceCode': 'ECO:0000269', 'source': 'PubMed', 'id': '2187500'}]}"
P09613,Uukuniemi virus (strain S23),,17,"{'type': 'Signal', 'location': {'start': {'value': 1, 'modifier': 'EXACT'}, 'end': {'value': 17, 'modifier': 'EXACT'}}, 'description': '', 'evidences': [{'evidenceCode': 'ECO:0000269', 'source': 'PubMed', 'id': '3629974'}]}"
P0DTC2,Severe acute respiratory syndrome coronavirus 2,,13,"{'type': 'Signal', 'location': {'start': {'value': 1, 'modifier': 'EXACT'}, 'end': {'value': 13, 'modifier': 'EXACT'}}, 'description': '', 'evidences': [{'evidenceCode': 'ECO:0000269', 'source': 'PubMed', 'id': '34210893'}]}"
P13304,Enterobacteria phage T4,,24,"{'type': 'Signal', 'location': {'start': {'value': 1, 'modifier': 'EXACT'}, 'end': {'value': 24, 'modifier': 'EXACT'}}, 'description': '', 'evidences': [{'evidenceCode': 'ECO:0000255', 'source': 'HAMAP-Rule', 'id': 'MF_04105'}, {'evidenceCode': 'ECO:0000269', 'source': 'PubMed', 'id': '34456892'}]}"
P15776,Bovine coronavirus (strain Mebus),,18,"{'type': 'Signal', 'location': {'start': {'value': 1, 'modifier': 'EXACT'}, 'end': {'value': 18, 'modifier': 'EXACT'}}, 'description': '', 'evidences': [{'evidenceCode': 'ECO:0000269', 'source': 'PubMed', 'id': '2732694'}]}"
P15879,Clostridium botulinum D phage,,40,"{'type': 'Signal', 'location': {'start': {'value': 1, 'modifier': 'EXACT'}, 'end': {'value': 40, 'modifier': 'EXACT'}}, 'description': '', 'evidences': [{'evidenceCode': 'ECO:0000269', 'source': 'PubMed', 'id': '2108433'}]}"
P17880,Seoul virus (strain SR-11),,16,"{'type': 'Signal', 'location': {'start': {'value': 1, 'modifier': 'EXACT'}, 'end': {'value': 16, 'modifier': 'EXACT'}}, 'description': '', 'evidences': [{'evidenceCode': 'ECO:0000269', 'source': 'PubMed', 'id': '1970443'}]}"
P35253,Lake Victoria marburgvirus (strain Musoke-80),,18,"{'type': 'Signal', 'location': {'start': {'value': 1, 'modifier': 'EXACT'}, 'end': {'value': 18, 'modifier': 'EXACT'}}, 'description': '', 'evidences': [{'evidenceCode': 'ECO:0000269', 'source': 'PubMed', 'id': '8437211'}]}"
P68978,Human adenovirus C serotype 2,,17,"{'type': 'Signal', 'location': {'start': {'value': 1, 'modifier': 'EXACT'}, 'end': {'value': 17, 'modifier': 'EXACT'}}, 'description': '', 'evidences': [{'evidenceCode': 'ECO:0000269', 'source': 'PubMed', 'id': '3882694'}]}"
P69539,Enterobacteria phage fd,,23,"{'type': 'Signal', 'location': {'start': {'value': 1, 'modifier': 'EXACT'}, 'end': {'value': 23, 'modifier': 'EXACT'}}, 'description': '', 'evidences': [{'evidenceCode': 'ECO:0000269', 'source': 'PubMed', 'id': '4449122'}, {'evidenceCode': 'ECO:0000269', 'source': 'PubMed', 'id': '5349375'}]}"
Q37935,Escherichia phage lambda,,19,"{'type': 'Signal', 'location': {'start': {'value': 1, 'modifier': 'EXACT'}, 'end': {'value': 19, 'modifier': 'EXACT'}}, 'description': '', 'evidences': [{'evidenceCode': 'ECO:0000269', 'source': 'PubMed', 'id': '8626053'}]}"
Q85646,Mouse mammary tumor virus (strain C3H),,98,"{'type': 'Signal', 'location': {'start': {'value': 1, 'modifier': 'EXACT'}, 'end': {'value': 98, 'modifier': 'EXACT'}}, 'description': '', 'evidences': [{'evidenceCode': 'ECO:0000269', 'source': 'PubMed', 'id': '6281457'}]}"
P04494,Human adenovirus C serotype 5,,17,"{'type': 'Signal', 'location': {'start': {'value': 1, 'modifier': 'EXACT'}, 'end': {'value': 17, 'modifier': 'EXACT'}}, 'description': '', 'evidences': [{'evidenceCode': 'ECO:0000269', 'source': 'PubMed', 'id': '3882694'}]}"
P09458,Mumps virus (strain RW),,19,"{'type': 'Signal', 'location': {'start': {'value': 1, 'modifier': 'EXACT'}, 'end': {'value': 19, 'modifier': 'EXACT'}}, 'description': '', 'evidences': [{'evidenceCode': 'ECO:0000269', 'source': 'PubMed', 'id': '3617503'}]}"
P31627,Caprine arthritis encephalitis virus (strain 63),,80,"{'type': 'Signal', 'location': {'start': {'value': 1, 'modifier': 'EXACT'}, 'end': {'value': 80, 'modifier': 'EXACT'}}, 'description': '', 'evidences': [{'evidenceCode': 'ECO:0000269', 'source': 'PubMed', 'id': '1656067'}]}"
P68638,Vaccinia virus (strain Western Reserve),,19,"{'type': 'Signal', 'location': {'start': {'value': 1, 'modifier': 'EXACT'}, 'end': {'value': 19, 'modifier': 'EXACT'}}, 'description': '', 'evidences': [{'evidenceCode': 'ECO:0000269', 'source': 'PubMed', 'id': '3412473'}]}"
Q90121,Ustilago maydis P4 virus,,22,"{'type': 'Signal', 'location': {'start': {'value': 1, 'modifier': 'EXACT'}, 'end': {'value': 22, 'modifier': 'EXACT'}}, 'description': '', 'evidences': [{'evidenceCode': 'ECO:0000269', 'source': 'PubMed', 'id': '1897946'}, {'evidenceCode': 'ECO:0000269', 'source': 'PubMed', 'id': '8145639'}]}"
C1JJY3,Halorubrum pleomorphic virus 1,,31,"{'type': 'Signal', 'location': {'start': {'value': 1, 'modifier': 'EXACT'}, 'end': {'value': 31, 'modifier': 'EXACT'}}, 'description': '', 'evidences': [{'evidenceCode': 'ECO:0000269', 'source': 'PubMed', 'id': '19298373'}]}"
K7XWG4,Rat cytomegalovirus (isolate England),,19,"{'type': 'Signal', 'location': {'start': {'value': 1, 'modifier': 'EXACT'}, 'end': {'value': 19, 'modifier': 'EXACT'}}, 'description': '', 'evidences': [{'evidenceCode': 'ECO:0000269', 'source': 'PubMed', 'id': '24155383'}]}"
P03619,Escherichia phage If1,,23,"{'type': 'Signal', 'location': {'start': {'value': 1, 'modifier': 'EXACT'}, 'end': {'value': 23, 'modifier': 'EXACT'}}, 'description': '', 'evidences': [{'evidenceCode': 'ECO:0000269', 'source': 'PubMed', 'id': '7240173'}]}"
P03620,Salmonella phage IKe,,29,"{'type': 'Signal', 'location': {'start': {'value': 1, 'modifier': 'EXACT'}, 'end': {'value': 29, 'modifier': 'EXACT'}}, 'description': '', 'evidences': [{'evidenceCode': 'ECO:0000269', 'source': 'PubMed', 'id': '7240173'}]}"
P06498,Human adenovirus C serotype 5,,18,"{'type': 'Signal', 'location': {'start': {'value': 1, 'modifier': 'EXACT'}, 'end': {'value': 18, 'modifier': 'EXACT'}}, 'description': '', 'evidences': [{'evidenceCode': 'ECO:0000269', 'source': 'PubMed', 'id': '1531370'}]}"
P0CK29,Bovine herpesvirus 1.1 (strain P8-2),,18,"{'type': 'Signal', 'location': {'start': {'value': 1, 'modifier': 'EXACT'}, 'end': {'value': 18, 'modifier': 'EXACT'}}, 'description': '', 'evidences': [{'evidenceCode': 'ECO:0000269', 'source': 'PubMed', 'id': '2168991'}]}"
P23061,Choristoneura biennis entomopoxvirus,,20,"{'type': 'Signal', 'location': {'start': {'value': 1, 'modifier': 'EXACT'}, 'end': {'value': 20, 'modifier': 'EXACT'}}, 'description': '', 'evidences': [{'evidenceCode': 'ECO:0000269', 'source': 'PubMed', 'id': '2327073'}]}"
P69540,Enterobacteria phage f1,,23,"{'type': 'Signal', 'location': {'start': {'value': 1, 'modifier': 'EXACT'}, 'end': {'value': 23, 'modifier': 'EXACT'}}, 'description': '', 'evidences': [{'evidenceCode': 'ECO:0000269', 'source': 'PubMed', 'id': '321454'}]}"
P81780,Human herpesvirus 2 (strain B4327UR),,22,"{'type': 'Signal', 'location': {'start': {'value': 1, 'modifier': 'EXACT'}, 'end': {'value': 22, 'modifier': 'EXACT'}}, 'description': '', 'evidences': [{'evidenceCode': 'ECO:0000269', 'source': 'PubMed', 'id': '10559290'}]}"
Q00901,Clostridium botulinum C phage,,40,"{'type': 'Signal', 'location': {'start': {'value': 1, 'modifier': 'EXACT'}, 'end': {'value': 40, 'modifier': 'EXACT'}}, 'description': '', 'evidences': [{'evidenceCode': 'ECO:0000269', 'source': 'PubMed', 'id': '1917836'}, {'evidenceCode': 'ECO:0000269', 'source': 'PubMed', 'id': '1918048'}]}"
Q9JAE0,Mumps virus (strain Kilham),,19,"{'type': 'Signal', 'location': {'start': {'value': 1, 'modifier': 'EXACT'}, 'end': {'value': 19, 'modifier': 'EXACT'}}, 'description': '', 'evidences': [{'evidenceCode': 'ECO:0000305', 'source': 'PubMed', 'id': '3840621'}]}"
A9JLI2,African swine fever virus (isolate Pig/Portugal/OURT88/1988),,26,"{'type': 'Signal', 'location': {'start': {'value': 1, 'modifier': 'EXACT'}, 'end': {'value': 26, 'modifier': 'EXACT'}}, 'description': '', 'evidences': [{'evidenceCode': 'ECO:0000269', 'source': 'PubMed', 'id': '30279544'}]}"
A9JLI3,African swine fever virus (isolate Pig/Portugal/OURT88/1988),,31,"{'type': 'Signal', 'location': {'start': {'value': 1, 'modifier': 'EXACT'}, 'end': {'value': 31, 'modifier': 'EXACT'}}, 'description': '', 'evidences': [{'evidenceCode': 'ECO:0000269', 'source': 'PubMed', 'id': '30279544'}]}"
A9JLI5,African swine fever virus (isolate Pig/Portugal/OURT88/1988),,28,"{'type': 'Signal', 'location': {'start': {'value': 1, 'modifier': 'EXACT'}, 'end': {'value': 28, 'modifier': 'EXACT'}}, 'description': '', 'evidences': [{'evidenceCode': 'ECO:0000269', 'source': 'PubMed', 'id': '30279544'}]}"
A9JLI7,African swine fever virus (isolate Pig/Portugal/OURT88/1988),,28,"{'type': 'Signal', 'location': {'start': {'value': 1, 'modifier': 'EXACT'}, 'end': {'value': 28, 'modifier': 'EXACT'}}, 'description': '', 'evidences': [{'evidenceCode': 'ECO:0000269', 'source': 'PubMed', 'id': '30279544'}]}"
P19347,Escherichia phage Bf23,,22,"{'type': 'Signal', 'location': {'start': {'value': 1, 'modifier': 'EXACT'}, 'end': {'value': 22, 'modifier': 'EXACT'}}, 'description': '', 'evidences': [{'evidenceCode': 'ECO:0000305'}]}"
Q05894,Heliothis armigera entomopoxvirus,,20,"{'type': 'Signal', 'location': {'start': {'value': 1, 'modifier': 'EXACT'}, 'end': {'value': 20, 'modifier': 'EXACT'}}, 'description': '', 'evidences': [{'evidenceCode': 'ECO:0000269', 'source': 'PubMed', 'id': '8376960'}]}"
